image,type,true_class,predicted_class,confidence,iou
DJI_20230614084705_0072_V_JPG.rf.f27f1f016a098b476448c64703df3633_tile_0002.jpg,false_positive,background,Crop,0.5367929935455322,0.0
DJI_20230614084705_0072_V_JPG.rf.f27f1f016a098b476448c64703df3633_tile_0003.jpg,correct,Crop,Crop,0.7390400767326355,0.6006571294178064
DJI_20230614084705_0072_V_JPG.rf.f27f1f016a098b476448c64703df3633_tile_0003.jpg,missed_crop,Crop,background,0.0,0.0
DJI_20230614084705_0072_V_JPG.rf.f27f1f016a098b476448c64703df3633_tile_0003.jpg,missed_crop,Crop,background,0.0,0.0
DJI_20230614084705_0072_V_JPG.rf.f27f1f016a098b476448c64703df3633_tile_0004.jpg,correct,Crop,Crop,0.6114852428436279,0.7025623171624059
DJI_20230614084705_0072_V_JPG.rf.f27f1f016a098b476448c64703df3633_tile_0005.jpg,correct,Crop,Crop,0.39039483666419983,0.9111456107652797
DJI_20230614084705_0072_V_JPG.rf.f27f1f016a098b476448c64703df3633_tile_0005.jpg,false_positive,background,Crop,0.7449173927307129,0.0
DJI_20230614084705_0072_V_JPG.rf.f27f1f016a098b476448c64703df3633_tile_0005.jpg,false_positive,background,Crop,0.29112619161605835,0.0
DJI_20230614084705_0072_V_JPG.rf.f27f1f016a098b476448c64703df3633_tile_0008.jpg,correct,Crop,Crop,0.42812225222587585,0.7553555763729193
DJI_20230614084705_0072_V_JPG.rf.f27f1f016a098b476448c64703df3633_tile_0008.jpg,correct,Crop,Crop,0.6154142618179321,0.6299297223760894
DJI_20230614084705_0072_V_JPG.rf.f27f1f016a098b476448c64703df3633_tile_0009.jpg,correct,Crop,Crop,0.5789915323257446,0.6273523485683251
DJI_20230614084705_0072_V_JPG.rf.f27f1f016a098b476448c64703df3633_tile_0009.jpg,false_positive,background,Crop,0.34561994671821594,0.0
DJI_20230614084705_0072_V_JPG.rf.f27f1f016a098b476448c64703df3633_tile_0013.jpg,correct,Crop,Crop,0.33245134353637695,0.8094273572904485
DJI_20230614084705_0072_V_JPG.rf.f27f1f016a098b476448c64703df3633_tile_0013.jpg,missed_crop,Crop,background,0.0,0.0
DJI_20230614084705_0072_V_JPG.rf.f27f1f016a098b476448c64703df3633_tile_0013.jpg,false_positive,background,Crop,0.25473710894584656,0.0
DJI_20230614084705_0072_V_JPG.rf.f27f1f016a098b476448c64703df3633_tile_0015.jpg,missed_crop,Crop,background,0.0,0.0
DJI_20230614084705_0072_V_JPG.rf.f27f1f016a098b476448c64703df3633_tile_0015.jpg,false_positive,background,Crop,0.5353515148162842,0.0
DJI_20230614084705_0072_V_JPG.rf.f27f1f016a098b476448c64703df3633_tile_0016.jpg,correct,Crop,Crop,0.5912439227104187,0.8099332027668656
DJI_20230614084705_0072_V_JPG.rf.f27f1f016a098b476448c64703df3633_tile_0018.jpg,correct,Crop,Crop,0.5985726714134216,0.7722490308213336
DJI_20230614084705_0072_V_JPG.rf.f27f1f016a098b476448c64703df3633_tile_0018.jpg,correct,Crop,Crop,0.7501661777496338,0.5704253196184698
DJI_20230614084705_0072_V_JPG.rf.f27f1f016a098b476448c64703df3633_tile_0018.jpg,false_positive,background,Crop,0.2718817889690399,0.0
DJI_20230614084705_0072_V_JPG.rf.f27f1f016a098b476448c64703df3633_tile_0020.jpg,correct,Crop,Crop,0.6341203451156616,0.5462843132241523
DJI_20230614084705_0072_V_JPG.rf.f27f1f016a098b476448c64703df3633_tile_0022.jpg,false_positive,background,Crop,0.3248107135295868,0.0
DJI_20230614084705_0072_V_JPG.rf.f27f1f016a098b476448c64703df3633_tile_0024.jpg,correct,Crop,Crop,0.7702171206474304,0.7273007432155175
DJI_20230614084705_0072_V_JPG.rf.f27f1f016a098b476448c64703df3633_tile_0024.jpg,correct,Crop,Crop,0.2574983239173889,0.5468489004614473
DJI_20230614084705_0072_V_JPG.rf.f27f1f016a098b476448c64703df3633_tile_0024.jpg,false_positive,background,Crop,0.34011203050613403,0.0
DJI_20230614084705_0072_V_JPG.rf.f27f1f016a098b476448c64703df3633_tile_0025.jpg,correct,Crop,Crop,0.7420739531517029,0.8236948542777538
DJI_20230614084705_0072_V_JPG.rf.f27f1f016a098b476448c64703df3633_tile_0026.jpg,correct,Crop,Crop,0.7289522290229797,0.9194584484943892
DJI_20230614084705_0072_V_JPG.rf.f27f1f016a098b476448c64703df3633_tile_0027.jpg,correct,Crop,Crop,0.7120569944381714,0.8751366567684558
DJI_20230614084705_0072_V_JPG.rf.f27f1f016a098b476448c64703df3633_tile_0028.jpg,correct,Crop,Crop,0.6789191365242004,0.5809708210172251
DJI_20230614084705_0072_V_JPG.rf.f27f1f016a098b476448c64703df3633_tile_0029.jpg,correct,Crop,Crop,0.6034047603607178,0.9169326555522753
DJI_20230614084705_0072_V_JPG.rf.f27f1f016a098b476448c64703df3633_tile_0029.jpg,correct,Crop,Crop,0.7582688331604004,0.7200391356661056
DJI_20230614084705_0072_V_JPG.rf.f27f1f016a098b476448c64703df3633_tile_0030.jpg,correct,Crop,Crop,0.7225272059440613,0.63152799655802
DJI_20230614084705_0072_V_JPG.rf.f27f1f016a098b476448c64703df3633_tile_0031.jpg,correct,Crop,Crop,0.7752113938331604,0.6349723934166678
DJI_20230614084705_0072_V_JPG.rf.f27f1f016a098b476448c64703df3633_tile_0031.jpg,missed_crop,Crop,background,0.0,0.0
DJI_20230614084705_0072_V_JPG.rf.f27f1f016a098b476448c64703df3633_tile_0031.jpg,false_positive,background,Crop,0.4422230124473572,0.0
DJI_20230614084705_0072_V_JPG.rf.f27f1f016a098b476448c64703df3633_tile_0031.jpg,false_positive,background,Crop,0.34019526839256287,0.0
DJI_20230614084705_0072_V_JPG.rf.f27f1f016a098b476448c64703df3633_tile_0032.jpg,correct,Crop,Crop,0.4807429015636444,0.6677075014648268
DJI_20230614084705_0072_V_JPG.rf.f27f1f016a098b476448c64703df3633_tile_0033.jpg,correct,Crop,Crop,0.46023157238960266,0.6677646929148034
DJI_20230614084705_0072_V_JPG.rf.f27f1f016a098b476448c64703df3633_tile_0033.jpg,false_positive,background,Crop,0.2747417986392975,0.0
DJI_20230614084705_0072_V_JPG.rf.f27f1f016a098b476448c64703df3633_tile_0034.jpg,correct,Crop,Crop,0.6310904026031494,0.7158557675727386
DJI_20230614084705_0072_V_JPG.rf.f27f1f016a098b476448c64703df3633_tile_0034.jpg,false_positive,background,Weed,0.5265206098556519,0.0
DJI_20230614084705_0072_V_JPG.rf.f27f1f016a098b476448c64703df3633_tile_0035.jpg,correct,Crop,Crop,0.7034953236579895,0.7245471452655016
DJI_20230614084705_0072_V_JPG.rf.f27f1f016a098b476448c64703df3633_tile_0036.jpg,correct,Crop,Crop,0.5991111397743225,0.8221845742883432
DJI_20230614084705_0072_V_JPG.rf.f27f1f016a098b476448c64703df3633_tile_0036.jpg,correct,Crop,Crop,0.7614269256591797,0.7602690930733389
DJI_20230614084705_0072_V_JPG.rf.f27f1f016a098b476448c64703df3633_tile_0036.jpg,false_positive,background,Crop,0.27704930305480957,0.0
DJI_20230614084705_0072_V_JPG.rf.f27f1f016a098b476448c64703df3633_tile_0037.jpg,correct,Crop,Crop,0.7497566342353821,0.9265773972796922
DJI_20230614084705_0072_V_JPG.rf.f27f1f016a098b476448c64703df3633_tile_0037.jpg,missed_crop,Crop,background,0.0,0.0
DJI_20230614084705_0072_V_JPG.rf.f27f1f016a098b476448c64703df3633_tile_0038.jpg,correct,Crop,Crop,0.7526650428771973,0.9529672100563269
DJI_20230614084705_0072_V_JPG.rf.f27f1f016a098b476448c64703df3633_tile_0038.jpg,correct,Crop,Crop,0.7487949132919312,0.7805017333039987
DJI_20230614084705_0072_V_JPG.rf.f27f1f016a098b476448c64703df3633_tile_0039.jpg,correct,Crop,Crop,0.7558232545852661,0.9533995422100254
DJI_20230614084705_0072_V_JPG.rf.f27f1f016a098b476448c64703df3633_tile_0039.jpg,correct,Crop,Crop,0.7393349409103394,0.779352789702465
DJI_20230614084705_0072_V_JPG.rf.f27f1f016a098b476448c64703df3633_tile_0040.jpg,correct,Crop,Crop,0.560027539730072,0.772068343380793
DJI_20230614084705_0072_V_JPG.rf.f27f1f016a098b476448c64703df3633_tile_0040.jpg,correct,Crop,Crop,0.6323941349983215,0.6050642065447218
DJI_20230614084705_0072_V_JPG.rf.f27f1f016a098b476448c64703df3633_tile_0041.jpg,correct,Crop,Crop,0.7453093528747559,0.8202437591721713
DJI_20230614084705_0072_V_JPG.rf.f27f1f016a098b476448c64703df3633_tile_0041.jpg,correct,Crop,Crop,0.7420217394828796,0.6277836917681526
DJI_20230614084705_0072_V_JPG.rf.f27f1f016a098b476448c64703df3633_tile_0042.jpg,missed_crop,Crop,background,0.0,0.0
DJI_20230614084705_0072_V_JPG.rf.f27f1f016a098b476448c64703df3633_tile_0042.jpg,false_positive,background,Crop,0.4385560154914856,0.0
DJI_20230614084705_0072_V_JPG.rf.f27f1f016a098b476448c64703df3633_tile_0042.jpg,false_positive,background,Crop,0.31560173630714417,0.0
DJI_20230614084705_0072_V_JPG.rf.f27f1f016a098b476448c64703df3633_tile_0043.jpg,correct,Crop,Crop,0.6084831953048706,0.622907773502403
DJI_20230614084705_0072_V_JPG.rf.f27f1f016a098b476448c64703df3633_tile_0044.jpg,correct,Crop,Crop,0.6088511943817139,0.623116762893646
DJI_20230614084705_0072_V_JPG.rf.f27f1f016a098b476448c64703df3633_tile_0045.jpg,correct,Crop,Crop,0.6652589440345764,0.8816329648354185
DJI_20230614084705_0072_V_JPG.rf.f27f1f016a098b476448c64703df3633_tile_0045.jpg,correct,Crop,Crop,0.7062802910804749,0.8349756058473244
DJI_20230614084705_0072_V_JPG.rf.f27f1f016a098b476448c64703df3633_tile_0046.jpg,missed_crop,Crop,background,0.0,0.0
DJI_20230614084705_0072_V_JPG.rf.f27f1f016a098b476448c64703df3633_tile_0046.jpg,false_positive,background,Crop,0.4383750855922699,0.0
DJI_20230614084705_0072_V_JPG.rf.f27f1f016a098b476448c64703df3633_tile_0046.jpg,false_positive,background,Crop,0.2803892493247986,0.0
DJI_20230614084705_0072_V_JPG.rf.f27f1f016a098b476448c64703df3633_tile_0047.jpg,correct,Crop,Crop,0.7375667095184326,0.9304921484231655
DJI_20230614084705_0072_V_JPG.rf.f27f1f016a098b476448c64703df3633_tile_0047.jpg,correct,Crop,Crop,0.7483006715774536,0.7545442499580359
DJI_20230614084705_0072_V_JPG.rf.f27f1f016a098b476448c64703df3633_tile_0048.jpg,correct,Crop,Crop,0.5705167651176453,0.7784384419281454
DJI_20230614084705_0072_V_JPG.rf.f27f1f016a098b476448c64703df3633_tile_0048.jpg,false_positive,background,Weed,0.506589949131012,0.0
DJI_20230614084705_0072_V_JPG.rf.f27f1f016a098b476448c64703df3633_tile_0049.jpg,correct,Crop,Crop,0.6768670082092285,0.9523573538839539
DJI_20230614084705_0072_V_JPG.rf.f27f1f016a098b476448c64703df3633_tile_0049.jpg,correct,Crop,Crop,0.7763674259185791,0.9368515670144245
DJI_20230614084705_0072_V_JPG.rf.f27f1f016a098b476448c64703df3633_tile_0050.jpg,correct,Crop,Crop,0.679976761341095,0.9497918844556397
DJI_20230614084705_0072_V_JPG.rf.f27f1f016a098b476448c64703df3633_tile_0050.jpg,correct,Crop,Crop,0.7775127291679382,0.9469046799769174
DJI_20230614084705_0072_V_JPG.rf.f27f1f016a098b476448c64703df3633_tile_0051.jpg,correct,Crop,Crop,0.6884119510650635,0.7766546275079272
DJI_20230614084705_0072_V_JPG.rf.f27f1f016a098b476448c64703df3633_tile_0051.jpg,correct,Crop,Crop,0.4382551312446594,0.7371175415439738
DJI_20230614084705_0072_V_JPG.rf.f27f1f016a098b476448c64703df3633_tile_0052.jpg,correct,Crop,Crop,0.5441989302635193,0.7567364285441575
DJI_20230614084705_0072_V_JPG.rf.f27f1f016a098b476448c64703df3633_tile_0053.jpg,correct,Crop,Crop,0.6985747218132019,0.6419802897045492
DJI_20230614084705_0072_V_JPG.rf.f27f1f016a098b476448c64703df3633_tile_0054.jpg,correct,Crop,Crop,0.6355357766151428,0.5863985434397002
DJI_20230614084705_0072_V_JPG.rf.f27f1f016a098b476448c64703df3633_tile_0055.jpg,correct,Crop,Crop,0.6339351534843445,0.5864159283159153
DJI_20230614084705_0072_V_JPG.rf.f27f1f016a098b476448c64703df3633_tile_0056.jpg,correct,Crop,Crop,0.7192623019218445,0.8298668229518527
DJI_20230614084705_0072_V_JPG.rf.f27f1f016a098b476448c64703df3633_tile_0056.jpg,correct,Crop,Crop,0.6679271459579468,0.7546717149217266
DJI_20230614084705_0072_V_JPG.rf.f27f1f016a098b476448c64703df3633_tile_0057.jpg,correct,Crop,Crop,0.6822978258132935,0.7621646161808528
DJI_20230614084705_0072_V_JPG.rf.f27f1f016a098b476448c64703df3633_tile_0057.jpg,missed_crop,Crop,background,0.0,0.0
DJI_20230614084705_0072_V_JPG.rf.f27f1f016a098b476448c64703df3633_tile_0057.jpg,false_positive,background,Crop,0.42556723952293396,0.0
DJI_20230614084705_0072_V_JPG.rf.f27f1f016a098b476448c64703df3633_tile_0058.jpg,correct,Crop,Crop,0.7656195163726807,0.9011232006412291
DJI_20230614084705_0072_V_JPG.rf.f27f1f016a098b476448c64703df3633_tile_0060.jpg,correct,Crop,Crop,0.6751473546028137,0.9479311641768176
DJI_20230614084705_0072_V_JPG.rf.f27f1f016a098b476448c64703df3633_tile_0061.jpg,correct,Crop,Crop,0.47192955017089844,0.9430322937557544
DJI_20230614084705_0072_V_JPG.rf.f27f1f016a098b476448c64703df3633_tile_0062.jpg,correct,Crop,Crop,0.5667334794998169,0.7998105216574214
DJI_20230614084705_0072_V_JPG.rf.f27f1f016a098b476448c64703df3633_tile_0062.jpg,false_positive,background,Crop,0.5051972270011902,0.0
DJI_20230614084705_0072_V_JPG.rf.f27f1f016a098b476448c64703df3633_tile_0062.jpg,false_positive,background,Crop,0.2845360040664673,0.0
DJI_20230614084705_0072_V_JPG.rf.f27f1f016a098b476448c64703df3633_tile_0063.jpg,correct,Crop,Crop,0.3299628496170044,0.9221420288499979
DJI_20230614084705_0072_V_JPG.rf.f27f1f016a098b476448c64703df3633_tile_0063.jpg,correct,Crop,Crop,0.535706639289856,0.8408231357996544
DJI_20230614084705_0072_V_JPG.rf.f27f1f016a098b476448c64703df3633_tile_0063.jpg,false_positive,background,Crop,0.39996522665023804,0.0
DJI_20230614084705_0072_V_JPG.rf.f27f1f016a098b476448c64703df3633_tile_0064.jpg,correct,Crop,Crop,0.718569278717041,0.696909787891652
DJI_20230614084705_0072_V_JPG.rf.f27f1f016a098b476448c64703df3633_tile_0065.jpg,correct,Crop,Crop,0.5548751354217529,0.8268697533670902
DJI_20230614084705_0072_V_JPG.rf.f27f1f016a098b476448c64703df3633_tile_0065.jpg,correct,Crop,Crop,0.5050018429756165,0.5442819196318407
DJI_20230614084705_0072_V_JPG.rf.f27f1f016a098b476448c64703df3633_tile_0065.jpg,false_positive,background,Crop,0.5061294436454773,0.0
DJI_20230614084705_0072_V_JPG.rf.f27f1f016a098b476448c64703df3633_tile_0066.jpg,correct,Crop,Crop,0.5560942888259888,0.8253962849646908
DJI_20230614084705_0072_V_JPG.rf.f27f1f016a098b476448c64703df3633_tile_0066.jpg,false_positive,background,Crop,0.499435693025589,0.0
DJI_20230614084705_0072_V_JPG.rf.f27f1f016a098b476448c64703df3633_tile_0067.jpg,correct,Crop,Crop,0.6631442308425903,0.8582633787985037
DJI_20230614084705_0072_V_JPG.rf.f27f1f016a098b476448c64703df3633_tile_0068.jpg,correct,Crop,Crop,0.454751193523407,0.7356661574517669
DJI_20230614084705_0072_V_JPG.rf.f27f1f016a098b476448c64703df3633_tile_0068.jpg,false_positive,background,Crop,0.2911725342273712,0.0
DJI_20230614084705_0072_V_JPG.rf.f27f1f016a098b476448c64703df3633_tile_0070.jpg,correct,Crop,Crop,0.6537970900535583,0.7289356965664413
DJI_20230614084705_0072_V_JPG.rf.f27f1f016a098b476448c64703df3633_tile_0071.jpg,correct,Crop,Crop,0.7275378108024597,0.8628627532651855
DJI_20230614084705_0072_V_JPG.rf.f27f1f016a098b476448c64703df3633_tile_0071.jpg,correct,Crop,Crop,0.5708953142166138,0.8001637748738293
DJI_20230614084705_0072_V_JPG.rf.f27f1f016a098b476448c64703df3633_tile_0071.jpg,missed_crop,Crop,background,0.0,0.0
DJI_20230614084705_0072_V_JPG.rf.f27f1f016a098b476448c64703df3633_tile_0072.jpg,correct,Crop,Crop,0.7312443256378174,0.8567232718325811
DJI_20230614084705_0072_V_JPG.rf.f27f1f016a098b476448c64703df3633_tile_0072.jpg,correct,Crop,Crop,0.46536633372306824,0.8044855354390638
DJI_20230614084705_0072_V_JPG.rf.f27f1f016a098b476448c64703df3633_tile_0072.jpg,false_positive,background,Crop,0.4065636396408081,0.0
DJI_20230614084705_0072_V_JPG.rf.f27f1f016a098b476448c64703df3633_tile_0073.jpg,correct,Crop,Crop,0.5777645707130432,0.7532366717092585
DJI_20230614084705_0072_V_JPG.rf.f27f1f016a098b476448c64703df3633_tile_0073.jpg,missed_crop,Crop,background,0.0,0.0
DJI_20230614084705_0072_V_JPG.rf.f27f1f016a098b476448c64703df3633_tile_0073.jpg,false_positive,background,Crop,0.5169038772583008,0.0
DJI_20230614084705_0072_V_JPG.rf.f27f1f016a098b476448c64703df3633_tile_0073.jpg,false_positive,background,Crop,0.42134207487106323,0.0
DJI_20230614084705_0072_V_JPG.rf.f27f1f016a098b476448c64703df3633_tile_0073.jpg,false_positive,background,Crop,0.2836143374443054,0.0
DJI_20230614084705_0072_V_JPG.rf.f27f1f016a098b476448c64703df3633_tile_0074.jpg,correct,Crop,Crop,0.6124642491340637,0.9362895951008235
DJI_20230614084705_0072_V_JPG.rf.f27f1f016a098b476448c64703df3633_tile_0075.jpg,correct,Crop,Crop,0.6978066563606262,0.8766611540135175
DJI_20230614084705_0072_V_JPG.rf.f27f1f016a098b476448c64703df3633_tile_0075.jpg,correct,Crop,Crop,0.7067846655845642,0.7799058178363997
DJI_20230614084705_0072_V_JPG.rf.f27f1f016a098b476448c64703df3633_tile_0076.jpg,correct,Crop,Crop,0.7051172256469727,0.8565078971649427
DJI_20230614084705_0072_V_JPG.rf.f27f1f016a098b476448c64703df3633_tile_0076.jpg,correct,Crop,Crop,0.36556702852249146,0.84678976191529
DJI_20230614084705_0072_V_JPG.rf.f27f1f016a098b476448c64703df3633_tile_0076.jpg,correct,Crop,Crop,0.5957702398300171,0.7999809883346422
DJI_20230614084705_0072_V_JPG.rf.f27f1f016a098b476448c64703df3633_tile_0076.jpg,correct,Crop,Crop,0.6591682434082031,0.7011100989992504
DJI_20230614084705_0072_V_JPG.rf.f27f1f016a098b476448c64703df3633_tile_0077.jpg,correct,Crop,Crop,0.5931248068809509,0.7943475277154483
DJI_20230614084705_0072_V_JPG.rf.f27f1f016a098b476448c64703df3633_tile_0077.jpg,correct,Crop,Crop,0.6594880223274231,0.7043916339932558
DJI_20230614084705_0072_V_JPG.rf.f27f1f016a098b476448c64703df3633_tile_0078.jpg,correct,Crop,Crop,0.6735377311706543,0.6103044318757821
DJI_20230614084705_0072_V_JPG.rf.f27f1f016a098b476448c64703df3633_tile_0078.jpg,false_positive,background,Crop,0.429073303937912,0.0
DJI_20230614084705_0072_V_JPG.rf.f27f1f016a098b476448c64703df3633_tile_0078.jpg,false_positive,background,Crop,0.3915000855922699,0.0
DJI_20230614084705_0072_V_JPG.rf.f27f1f016a098b476448c64703df3633_tile_0078.jpg,false_positive,background,Crop,0.2525176703929901,0.0
DJI_20230614084705_0072_V_JPG.rf.f27f1f016a098b476448c64703df3633_tile_0079.jpg,correct,Crop,Crop,0.44978755712509155,0.9079078300739141
DJI_20230614084705_0072_V_JPG.rf.f27f1f016a098b476448c64703df3633_tile_0079.jpg,correct,Crop,Crop,0.6807940602302551,0.9071295126390512
DJI_20230614084705_0072_V_JPG.rf.f27f1f016a098b476448c64703df3633_tile_0079.jpg,false_positive,background,Crop,0.37068411707878113,0.0
DJI_20230614084705_0072_V_JPG.rf.f27f1f016a098b476448c64703df3633_tile_0080.jpg,correct,Crop,Crop,0.7664198875427246,0.7670314443511073
DJI_20230614084705_0072_V_JPG.rf.f27f1f016a098b476448c64703df3633_tile_0081.jpg,correct,Crop,Crop,0.7271398901939392,0.5551467353193543
DJI_20230614084705_0072_V_JPG.rf.f27f1f016a098b476448c64703df3633_tile_0082.jpg,correct,Crop,Crop,0.5399977564811707,0.8154781188731653
DJI_20230614084705_0072_V_JPG.rf.f27f1f016a098b476448c64703df3633_tile_0082.jpg,correct,Crop,Crop,0.5336331129074097,0.7310406042512311
DJI_20230614084705_0072_V_JPG.rf.f27f1f016a098b476448c64703df3633_tile_0082.jpg,correct,Crop,Crop,0.7247298955917358,0.5637696134326375
DJI_20230614084705_0072_V_JPG.rf.f27f1f016a098b476448c64703df3633_tile_0083.jpg,correct,Crop,Crop,0.3850673735141754,0.8259707199178171
DJI_20230614084705_0072_V_JPG.rf.f27f1f016a098b476448c64703df3633_tile_0083.jpg,correct,Crop,Crop,0.41033729910850525,0.8035966378350774
DJI_20230614084705_0072_V_JPG.rf.f27f1f016a098b476448c64703df3633_tile_0083.jpg,false_positive,background,Crop,0.44885316491127014,0.0
DJI_20230614084705_0072_V_JPG.rf.f27f1f016a098b476448c64703df3633_tile_0083.jpg,false_positive,background,Crop,0.25632017850875854,0.0
DJI_20230614084705_0072_V_JPG.rf.f27f1f016a098b476448c64703df3633_tile_0084.jpg,correct,Crop,Crop,0.29039618372917175,0.7426433653473209
DJI_20230614084705_0072_V_JPG.rf.f27f1f016a098b476448c64703df3633_tile_0084.jpg,correct,Crop,Crop,0.3931252956390381,0.5954864517051288
DJI_20230614084705_0072_V_JPG.rf.f27f1f016a098b476448c64703df3633_tile_0086.jpg,correct,Crop,Crop,0.7002734541893005,0.7768380916216645
DJI_20230614084705_0072_V_JPG.rf.f27f1f016a098b476448c64703df3633_tile_0086.jpg,correct,Crop,Crop,0.7399181723594666,0.7736928579616282
DJI_20230614084705_0072_V_JPG.rf.f27f1f016a098b476448c64703df3633_tile_0087.jpg,correct,Crop,Crop,0.6959365010261536,0.8528780346845435
DJI_20230614084705_0072_V_JPG.rf.f27f1f016a098b476448c64703df3633_tile_0087.jpg,correct,Crop,Crop,0.6266127228736877,0.8177900826541934
DJI_20230614084705_0072_V_JPG.rf.f27f1f016a098b476448c64703df3633_tile_0087.jpg,correct,Crop,Crop,0.7398220896720886,0.7831662982159002
DJI_20230614084705_0072_V_JPG.rf.f27f1f016a098b476448c64703df3633_tile_0087.jpg,correct,Crop,Crop,0.5824727416038513,0.7320536585862812
DJI_20230614084705_0072_V_JPG.rf.f27f1f016a098b476448c64703df3633_tile_0088.jpg,correct,Crop,Crop,0.6453953981399536,0.8044785107867918
DJI_20230614084705_0072_V_JPG.rf.f27f1f016a098b476448c64703df3633_tile_0088.jpg,correct,Crop,Crop,0.6163979768753052,0.7358947202963924
DJI_20230614084705_0072_V_JPG.rf.f27f1f016a098b476448c64703df3633_tile_0088.jpg,correct,Crop,Crop,0.6538121104240417,0.7240448898171634
DJI_20230614084705_0072_V_JPG.rf.f27f1f016a098b476448c64703df3633_tile_0090.jpg,correct,Crop,Crop,0.5402815341949463,0.9085198504308133
DJI_20230614084705_0072_V_JPG.rf.f27f1f016a098b476448c64703df3633_tile_0090.jpg,correct,Crop,Crop,0.7031873464584351,0.7619837001553228
DJI_20230614084705_0072_V_JPG.rf.f27f1f016a098b476448c64703df3633_tile_0090.jpg,false_positive,background,Crop,0.3687640428543091,0.0
DJI_20230614084705_0072_V_JPG.rf.f27f1f016a098b476448c64703df3633_tile_0091.jpg,correct,Crop,Crop,0.6377224922180176,0.8091837136341217
DJI_20230614084705_0072_V_JPG.rf.f27f1f016a098b476448c64703df3633_tile_0091.jpg,correct,Crop,Crop,0.7434061765670776,0.7245748927116881
DJI_20230614084705_0072_V_JPG.rf.f27f1f016a098b476448c64703df3633_tile_0092.jpg,correct,Crop,Crop,0.3808908462524414,0.8584442679755142
DJI_20230614084705_0072_V_JPG.rf.f27f1f016a098b476448c64703df3633_tile_0092.jpg,correct,Crop,Crop,0.7565573453903198,0.8278291622916809
DJI_20230614084705_0072_V_JPG.rf.f27f1f016a098b476448c64703df3633_tile_0093.jpg,correct,Crop,Crop,0.4209703207015991,0.877156589368893
DJI_20230614084705_0072_V_JPG.rf.f27f1f016a098b476448c64703df3633_tile_0093.jpg,correct,Crop,Crop,0.6985929608345032,0.8537639930715544
DJI_20230614084705_0072_V_JPG.rf.f27f1f016a098b476448c64703df3633_tile_0093.jpg,correct,Crop,Crop,0.7485443949699402,0.8331234486640636
DJI_20230614084705_0072_V_JPG.rf.f27f1f016a098b476448c64703df3633_tile_0094.jpg,correct,Crop,Crop,0.6156715750694275,0.8720546844729952
DJI_20230614084705_0072_V_JPG.rf.f27f1f016a098b476448c64703df3633_tile_0095.jpg,correct,Crop,Crop,0.5753836631774902,0.7538382482285988
DJI_20230614084705_0072_V_JPG.rf.f27f1f016a098b476448c64703df3633_tile_0095.jpg,correct,Crop,Crop,0.45197388529777527,0.5055187779353547
DJI_20230614084705_0072_V_JPG.rf.f27f1f016a098b476448c64703df3633_tile_0096.jpg,correct,Crop,Crop,0.6219367384910583,0.8776262405245139
DJI_20230614084705_0072_V_JPG.rf.f27f1f016a098b476448c64703df3633_tile_0096.jpg,correct,Crop,Crop,0.6980933547019958,0.7259986818153684
DJI_20230614084705_0072_V_JPG.rf.f27f1f016a098b476448c64703df3633_tile_0097.jpg,correct,Crop,Crop,0.6055147647857666,0.9134102463481255
DJI_20230614084705_0072_V_JPG.rf.f27f1f016a098b476448c64703df3633_tile_0097.jpg,correct,Crop,Crop,0.7266274094581604,0.8439807604198286
DJI_20230614084705_0072_V_JPG.rf.f27f1f016a098b476448c64703df3633_tile_0097.jpg,missed_crop,Crop,background,0.0,0.0
DJI_20230614084705_0072_V_JPG.rf.f27f1f016a098b476448c64703df3633_tile_0098.jpg,correct,Crop,Crop,0.5965811610221863,0.9190152944083421
DJI_20230614084705_0072_V_JPG.rf.f27f1f016a098b476448c64703df3633_tile_0098.jpg,correct,Crop,Crop,0.7032902240753174,0.8543686382737661
DJI_20230614084705_0072_V_JPG.rf.f27f1f016a098b476448c64703df3633_tile_0099.jpg,correct,Crop,Crop,0.5952242016792297,0.9139707034494113
DJI_20230614084705_0072_V_JPG.rf.f27f1f016a098b476448c64703df3633_tile_0099.jpg,correct,Crop,Crop,0.6874722838401794,0.8098123907424318
DJI_20230614084705_0072_V_JPG.rf.f27f1f016a098b476448c64703df3633_tile_0102.jpg,correct,Crop,Crop,0.6941627860069275,0.8506095142952196
DJI_20230614084705_0072_V_JPG.rf.f27f1f016a098b476448c64703df3633_tile_0102.jpg,correct,Crop,Crop,0.510403573513031,0.8176536019189057
DJI_20230614084705_0072_V_JPG.rf.f27f1f016a098b476448c64703df3633_tile_0103.jpg,correct,Crop,Crop,0.3701937198638916,0.8576143263218065
DJI_20230614084705_0072_V_JPG.rf.f27f1f016a098b476448c64703df3633_tile_0103.jpg,correct,Crop,Crop,0.5389910340309143,0.7321638821417259
DJI_20230614084705_0072_V_JPG.rf.f27f1f016a098b476448c64703df3633_tile_0104.jpg,correct,Crop,Crop,0.29613596200942993,0.8762710762223747
DJI_20230614084705_0072_V_JPG.rf.f27f1f016a098b476448c64703df3633_tile_0104.jpg,correct,Crop,Crop,0.5217236876487732,0.736190563772349
DJI_20230614084705_0072_V_JPG.rf.f27f1f016a098b476448c64703df3633_tile_0104.jpg,false_positive,background,Crop,0.30903196334838867,0.0
DJI_20230614084705_0072_V_JPG.rf.f27f1f016a098b476448c64703df3633_tile_0105.jpg,correct,Crop,Crop,0.6597324013710022,0.855867606507082
DJI_20230614084705_0072_V_JPG.rf.f27f1f016a098b476448c64703df3633_tile_0105.jpg,correct,Crop,Crop,0.49292802810668945,0.7502143380364894
DJI_20230614084705_0072_V_JPG.rf.f27f1f016a098b476448c64703df3633_tile_0105.jpg,false_positive,background,Crop,0.4761049747467041,0.0
DJI_20230614084705_0072_V_JPG.rf.f27f1f016a098b476448c64703df3633_tile_0106.jpg,correct,Crop,Crop,0.43045955896377563,0.7767573883278038
DJI_20230614084705_0072_V_JPG.rf.f27f1f016a098b476448c64703df3633_tile_0107.jpg,correct,Crop,Crop,0.43676021695137024,0.8605240640087136
DJI_20230614084705_0072_V_JPG.rf.f27f1f016a098b476448c64703df3633_tile_0107.jpg,correct,Crop,Crop,0.6877936720848083,0.7941184714305116
DJI_20230614084705_0072_V_JPG.rf.f27f1f016a098b476448c64703df3633_tile_0107.jpg,false_positive,background,Crop,0.26983383297920227,0.0
DJI_20230614084705_0072_V_JPG.rf.f27f1f016a098b476448c64703df3633_tile_0108.jpg,correct,Crop,Crop,0.33829060196876526,0.9101127002524664
DJI_20230614084705_0072_V_JPG.rf.f27f1f016a098b476448c64703df3633_tile_0108.jpg,correct,Crop,Crop,0.5590632557868958,0.8315463542539295
DJI_20230614084705_0072_V_JPG.rf.f27f1f016a098b476448c64703df3633_tile_0108.jpg,correct,Crop,Crop,0.7011964321136475,0.7871058597918189
DJI_20230614084705_0072_V_JPG.rf.f27f1f016a098b476448c64703df3633_tile_0108.jpg,correct,Crop,Crop,0.3555724024772644,0.7868153510562504
DJI_20230614084705_0072_V_JPG.rf.f27f1f016a098b476448c64703df3633_tile_0109.jpg,correct,Crop,Crop,0.578984797000885,0.8152977721729021
DJI_20230614084705_0072_V_JPG.rf.f27f1f016a098b476448c64703df3633_tile_0109.jpg,missed_crop,Crop,background,0.0,0.0
DJI_20230614084705_0072_V_JPG.rf.f27f1f016a098b476448c64703df3633_tile_0110.jpg,correct,Crop,Crop,0.5814586877822876,0.8213363445044786
DJI_20230614084705_0072_V_JPG.rf.f27f1f016a098b476448c64703df3633_tile_0110.jpg,missed_crop,Crop,background,0.0,0.0
DJI_20230614084705_0072_V_JPG.rf.f27f1f016a098b476448c64703df3633_tile_0113.jpg,correct,Crop,Crop,0.4125049412250519,0.7829897710105815
DJI_20230614084705_0072_V_JPG.rf.f27f1f016a098b476448c64703df3633_tile_0113.jpg,correct,Crop,Crop,0.35941508412361145,0.6789960271782156
DJI_20230614084705_0072_V_JPG.rf.f27f1f016a098b476448c64703df3633_tile_0114.jpg,correct,Crop,Crop,0.4194749593734741,0.9045964811152442
DJI_20230614084705_0072_V_JPG.rf.f27f1f016a098b476448c64703df3633_tile_0114.jpg,correct,Crop,Crop,0.5322710871696472,0.783434833862379
DJI_20230614084705_0072_V_JPG.rf.f27f1f016a098b476448c64703df3633_tile_0114.jpg,false_positive,background,Crop,0.4192968010902405,0.0
DJI_20230614084705_0072_V_JPG.rf.f27f1f016a098b476448c64703df3633_tile_0115.jpg,correct,Crop,Crop,0.41492605209350586,0.9035724237932714
DJI_20230614084705_0072_V_JPG.rf.f27f1f016a098b476448c64703df3633_tile_0115.jpg,correct,Crop,Crop,0.53079754114151,0.7692125036222327
DJI_20230614084705_0072_V_JPG.rf.f27f1f016a098b476448c64703df3633_tile_0115.jpg,false_positive,background,Crop,0.4415312111377716,0.0
DJI_20230614084705_0072_V_JPG.rf.f27f1f016a098b476448c64703df3633_tile_0116.jpg,correct,Crop,Crop,0.6825435757637024,0.882178788186008
DJI_20230614084705_0072_V_JPG.rf.f27f1f016a098b476448c64703df3633_tile_0116.jpg,correct,Crop,Crop,0.6004204154014587,0.806325588389827
DJI_20230614084705_0072_V_JPG.rf.f27f1f016a098b476448c64703df3633_tile_0116.jpg,false_positive,background,Crop,0.29315295815467834,0.0
DJI_20230614084705_0072_V_JPG.rf.f27f1f016a098b476448c64703df3633_tile_0117.jpg,correct,Crop,Crop,0.4912059009075165,0.7590273995227941
DJI_20230614084705_0072_V_JPG.rf.f27f1f016a098b476448c64703df3633_tile_0118.jpg,correct,Crop,Crop,0.4342024028301239,0.8259053728067175
DJI_20230614084705_0072_V_JPG.rf.f27f1f016a098b476448c64703df3633_tile_0118.jpg,correct,Crop,Crop,0.6782163977622986,0.7595365522398098
DJI_20230614084705_0072_V_JPG.rf.f27f1f016a098b476448c64703df3633_tile_0119.jpg,correct,Crop,Crop,0.521754801273346,0.855155068258586
DJI_20230614084705_0072_V_JPG.rf.f27f1f016a098b476448c64703df3633_tile_0119.jpg,correct,Crop,Crop,0.6916093826293945,0.776436894958758
DJI_20230614084705_0072_V_JPG.rf.f27f1f016a098b476448c64703df3633_tile_0119.jpg,correct,Crop,Crop,0.3377472460269928,0.7653977979750304
DJI_20230614084705_0072_V_JPG.rf.f27f1f016a098b476448c64703df3633_tile_0119.jpg,false_positive,background,Crop,0.27697405219078064,0.0
DJI_20230614084705_0072_V_JPG.rf.f27f1f016a098b476448c64703df3633_tile_0120.jpg,correct,Crop,Crop,0.53360915184021,0.8410856833181309
DJI_20230614084705_0072_V_JPG.rf.f27f1f016a098b476448c64703df3633_tile_0120.jpg,missed_crop,Crop,background,0.0,0.0
DJI_20230614084705_0072_V_JPG.rf.f27f1f016a098b476448c64703df3633_tile_0121.jpg,correct,Crop,Crop,0.5340533256530762,0.8449311693703775
DJI_20230614084705_0072_V_JPG.rf.f27f1f016a098b476448c64703df3633_tile_0121.jpg,missed_crop,Crop,background,0.0,0.0
DJI_20230614084910_0135_V_JPG.rf.c5df291d355fe3579478ab0c9557facc_tile_0001.jpg,correct,Crop,Crop,0.395355761051178,0.6776096008712968
DJI_20230614084910_0135_V_JPG.rf.c5df291d355fe3579478ab0c9557facc_tile_0001.jpg,false_positive,background,Crop,0.6542012691497803,0.0
DJI_20230614084910_0135_V_JPG.rf.c5df291d355fe3579478ab0c9557facc_tile_0001.jpg,false_positive,background,Crop,0.4552266001701355,0.0
DJI_20230614084910_0135_V_JPG.rf.c5df291d355fe3579478ab0c9557facc_tile_0002.jpg,correct,Crop,Crop,0.4050467014312744,0.6638638599234683
DJI_20230614084910_0135_V_JPG.rf.c5df291d355fe3579478ab0c9557facc_tile_0002.jpg,false_positive,background,Crop,0.5249726176261902,0.0
DJI_20230614084910_0135_V_JPG.rf.c5df291d355fe3579478ab0c9557facc_tile_0003.jpg,correct,Crop,Crop,0.7153234481811523,0.8045973196862626
DJI_20230614084910_0135_V_JPG.rf.c5df291d355fe3579478ab0c9557facc_tile_0004.jpg,correct,Crop,Crop,0.4344959855079651,0.5165413434087804
DJI_20230614084910_0135_V_JPG.rf.c5df291d355fe3579478ab0c9557facc_tile_0005.jpg,correct,Crop,Crop,0.258317768573761,0.8391566615492845
DJI_20230614084910_0135_V_JPG.rf.c5df291d355fe3579478ab0c9557facc_tile_0006.jpg,correct,Crop,Crop,0.6961411237716675,0.8842053283757025
DJI_20230614084910_0135_V_JPG.rf.c5df291d355fe3579478ab0c9557facc_tile_0006.jpg,correct,Crop,Crop,0.7230812907218933,0.7167624833303619
DJI_20230614084910_0135_V_JPG.rf.c5df291d355fe3579478ab0c9557facc_tile_0007.jpg,correct,Crop,Crop,0.746333658695221,0.892750644001814
DJI_20230614084910_0135_V_JPG.rf.c5df291d355fe3579478ab0c9557facc_tile_0008.jpg,correct,Crop,Crop,0.7299416661262512,0.8769863843882142
DJI_20230614084910_0135_V_JPG.rf.c5df291d355fe3579478ab0c9557facc_tile_0009.jpg,correct,Crop,Crop,0.25362876057624817,0.8349361851657252
DJI_20230614084910_0135_V_JPG.rf.c5df291d355fe3579478ab0c9557facc_tile_0009.jpg,correct,Crop,Crop,0.6689273715019226,0.7928489032418439
DJI_20230614084910_0135_V_JPG.rf.c5df291d355fe3579478ab0c9557facc_tile_0009.jpg,false_positive,background,Crop,0.45116955041885376,0.0
DJI_20230614084910_0135_V_JPG.rf.c5df291d355fe3579478ab0c9557facc_tile_0012.jpg,correct,Crop,Crop,0.7262142300605774,0.934859059163388
DJI_20230614084910_0135_V_JPG.rf.c5df291d355fe3579478ab0c9557facc_tile_0012.jpg,correct,Crop,Crop,0.7410667538642883,0.8123191038659198
DJI_20230614084910_0135_V_JPG.rf.c5df291d355fe3579478ab0c9557facc_tile_0012.jpg,false_positive,background,Weed,0.27555444836616516,0.0
DJI_20230614084910_0135_V_JPG.rf.c5df291d355fe3579478ab0c9557facc_tile_0013.jpg,correct,Crop,Crop,0.72252357006073,0.9400825642519752
DJI_20230614084910_0135_V_JPG.rf.c5df291d355fe3579478ab0c9557facc_tile_0013.jpg,correct,Crop,Crop,0.7424392700195312,0.810974954650843
DJI_20230614084910_0135_V_JPG.rf.c5df291d355fe3579478ab0c9557facc_tile_0014.jpg,correct,Crop,Crop,0.6483378410339355,0.8151691592244397
DJI_20230614084910_0135_V_JPG.rf.c5df291d355fe3579478ab0c9557facc_tile_0014.jpg,correct,Crop,Crop,0.27681881189346313,0.6699208288884372
DJI_20230614084910_0135_V_JPG.rf.c5df291d355fe3579478ab0c9557facc_tile_0014.jpg,false_positive,background,Crop,0.5027162432670593,0.0
DJI_20230614084910_0135_V_JPG.rf.c5df291d355fe3579478ab0c9557facc_tile_0015.jpg,correct,Crop,Crop,0.5767338871955872,0.8844859796530723
DJI_20230614084910_0135_V_JPG.rf.c5df291d355fe3579478ab0c9557facc_tile_0015.jpg,correct,Crop,Crop,0.271061509847641,0.8149395689846761
DJI_20230614084910_0135_V_JPG.rf.c5df291d355fe3579478ab0c9557facc_tile_0015.jpg,false_positive,background,Crop,0.5861213207244873,0.0
DJI_20230614084910_0135_V_JPG.rf.c5df291d355fe3579478ab0c9557facc_tile_0016.jpg,correct,Crop,Crop,0.6136115193367004,0.8193142057142718
DJI_20230614084910_0135_V_JPG.rf.c5df291d355fe3579478ab0c9557facc_tile_0016.jpg,correct,Weed,Weed,0.6327255964279175,0.7020663978025252
DJI_20230614084910_0135_V_JPG.rf.c5df291d355fe3579478ab0c9557facc_tile_0016.jpg,missed_crop,Crop,background,0.0,0.0
DJI_20230614084910_0135_V_JPG.rf.c5df291d355fe3579478ab0c9557facc_tile_0016.jpg,false_positive,background,Weed,0.28869548439979553,0.0
DJI_20230614084910_0135_V_JPG.rf.c5df291d355fe3579478ab0c9557facc_tile_0017.jpg,correct,Crop,Crop,0.6047046184539795,0.8378019708994817
DJI_20230614084910_0135_V_JPG.rf.c5df291d355fe3579478ab0c9557facc_tile_0017.jpg,missed_crop,Crop,background,0.0,0.0
DJI_20230614084910_0135_V_JPG.rf.c5df291d355fe3579478ab0c9557facc_tile_0017.jpg,false_positive,background,Crop,0.586794376373291,0.0
DJI_20230614084910_0135_V_JPG.rf.c5df291d355fe3579478ab0c9557facc_tile_0018.jpg,correct,Crop,Crop,0.3119277060031891,0.7382536450859367
DJI_20230614084910_0135_V_JPG.rf.c5df291d355fe3579478ab0c9557facc_tile_0018.jpg,correct,Crop,Crop,0.4233842194080353,0.6771498799429274
DJI_20230614084910_0135_V_JPG.rf.c5df291d355fe3579478ab0c9557facc_tile_0019.jpg,correct,Crop,Crop,0.2977496385574341,0.739124877649316
DJI_20230614084910_0135_V_JPG.rf.c5df291d355fe3579478ab0c9557facc_tile_0019.jpg,correct,Crop,Crop,0.45255932211875916,0.7329255175405581
DJI_20230614084910_0135_V_JPG.rf.c5df291d355fe3579478ab0c9557facc_tile_0019.jpg,correct,Crop,Crop,0.2893945574760437,0.7014571520420212
DJI_20230614084910_0135_V_JPG.rf.c5df291d355fe3579478ab0c9557facc_tile_0019.jpg,false_positive,background,Crop,0.3257494568824768,0.0
DJI_20230614084910_0135_V_JPG.rf.c5df291d355fe3579478ab0c9557facc_tile_0020.jpg,correct,Crop,Crop,0.2989475727081299,0.7322557771351842
DJI_20230614084910_0135_V_JPG.rf.c5df291d355fe3579478ab0c9557facc_tile_0020.jpg,correct,Crop,Crop,0.39148223400115967,0.7154880921845731
DJI_20230614084910_0135_V_JPG.rf.c5df291d355fe3579478ab0c9557facc_tile_0020.jpg,false_positive,background,Crop,0.3398725688457489,0.0
DJI_20230614084910_0135_V_JPG.rf.c5df291d355fe3579478ab0c9557facc_tile_0021.jpg,correct,Crop,Crop,0.635623037815094,0.8796825382140845
DJI_20230614084910_0135_V_JPG.rf.c5df291d355fe3579478ab0c9557facc_tile_0022.jpg,correct,Crop,Crop,0.632549524307251,0.8774330522931945
DJI_20230614084910_0135_V_JPG.rf.c5df291d355fe3579478ab0c9557facc_tile_0023.jpg,correct,Crop,Crop,0.760235071182251,0.8350701846153384
DJI_20230614084910_0135_V_JPG.rf.c5df291d355fe3579478ab0c9557facc_tile_0023.jpg,correct,Crop,Crop,0.6215559244155884,0.67935936037988
DJI_20230614084910_0135_V_JPG.rf.c5df291d355fe3579478ab0c9557facc_tile_0023.jpg,false_positive,background,Crop,0.5191071033477783,0.0
DJI_20230614084910_0135_V_JPG.rf.c5df291d355fe3579478ab0c9557facc_tile_0023.jpg,false_positive,background,Crop,0.41417598724365234,0.0
DJI_20230614084910_0135_V_JPG.rf.c5df291d355fe3579478ab0c9557facc_tile_0023.jpg,false_positive,background,Weed,0.31123897433280945,0.0
DJI_20230614084910_0135_V_JPG.rf.c5df291d355fe3579478ab0c9557facc_tile_0024.jpg,correct,Crop,Crop,0.7614733576774597,0.8348605452657315
DJI_20230614084910_0135_V_JPG.rf.c5df291d355fe3579478ab0c9557facc_tile_0024.jpg,correct,Crop,Crop,0.6296162605285645,0.674478468577694
DJI_20230614084910_0135_V_JPG.rf.c5df291d355fe3579478ab0c9557facc_tile_0025.jpg,correct,Crop,Crop,0.6390436291694641,0.7968058522190454
DJI_20230614084910_0135_V_JPG.rf.c5df291d355fe3579478ab0c9557facc_tile_0025.jpg,false_positive,background,Crop,0.5468248724937439,0.0
DJI_20230614084910_0135_V_JPG.rf.c5df291d355fe3579478ab0c9557facc_tile_0026.jpg,correct,Crop,Crop,0.492235004901886,0.8218857465443287
DJI_20230614084910_0135_V_JPG.rf.c5df291d355fe3579478ab0c9557facc_tile_0026.jpg,correct,Crop,Crop,0.6842961311340332,0.7217952166349171
DJI_20230614084910_0135_V_JPG.rf.c5df291d355fe3579478ab0c9557facc_tile_0027.jpg,correct,Crop,Crop,0.6963678002357483,0.8327348019665471
DJI_20230614084910_0135_V_JPG.rf.c5df291d355fe3579478ab0c9557facc_tile_0027.jpg,correct,Crop,Crop,0.6007912158966064,0.7589786412748104
DJI_20230614084910_0135_V_JPG.rf.c5df291d355fe3579478ab0c9557facc_tile_0027.jpg,missed_weed,Weed,background,0.0,0.0
DJI_20230614084910_0135_V_JPG.rf.c5df291d355fe3579478ab0c9557facc_tile_0027.jpg,false_positive,background,Weed,0.5285624265670776,0.0
DJI_20230614084910_0135_V_JPG.rf.c5df291d355fe3579478ab0c9557facc_tile_0028.jpg,correct,Crop,Crop,0.4075632095336914,0.8774606556156954
DJI_20230614084910_0135_V_JPG.rf.c5df291d355fe3579478ab0c9557facc_tile_0028.jpg,correct,Crop,Crop,0.7463662028312683,0.543522891088184
DJI_20230614084910_0135_V_JPG.rf.c5df291d355fe3579478ab0c9557facc_tile_0028.jpg,false_positive,background,Crop,0.36781376600265503,0.0
DJI_20230614084910_0135_V_JPG.rf.c5df291d355fe3579478ab0c9557facc_tile_0029.jpg,correct,Weed,Weed,0.5640469193458557,0.791925157629103
DJI_20230614084910_0135_V_JPG.rf.c5df291d355fe3579478ab0c9557facc_tile_0029.jpg,correct,Crop,Crop,0.5254720449447632,0.722102272634522
DJI_20230614084910_0135_V_JPG.rf.c5df291d355fe3579478ab0c9557facc_tile_0029.jpg,missed_crop,Crop,background,0.0,0.0
DJI_20230614084910_0135_V_JPG.rf.c5df291d355fe3579478ab0c9557facc_tile_0030.jpg,correct,Crop,Crop,0.2799223065376282,0.8042884626825281
DJI_20230614084910_0135_V_JPG.rf.c5df291d355fe3579478ab0c9557facc_tile_0030.jpg,correct,Weed,Weed,0.6438131332397461,0.7966423047310969
DJI_20230614084910_0135_V_JPG.rf.c5df291d355fe3579478ab0c9557facc_tile_0030.jpg,correct,Crop,Crop,0.49284127354621887,0.7532723769558256
DJI_20230614084910_0135_V_JPG.rf.c5df291d355fe3579478ab0c9557facc_tile_0030.jpg,correct,Crop,Crop,0.534339189529419,0.7265745500990665
DJI_20230614084910_0135_V_JPG.rf.c5df291d355fe3579478ab0c9557facc_tile_0030.jpg,missed_crop,Crop,background,0.0,0.0
DJI_20230614084910_0135_V_JPG.rf.c5df291d355fe3579478ab0c9557facc_tile_0030.jpg,false_positive,background,Crop,0.33258840441703796,0.0
DJI_20230614084910_0135_V_JPG.rf.c5df291d355fe3579478ab0c9557facc_tile_0030.jpg,false_positive,background,Crop,0.2685345411300659,0.0
DJI_20230614084910_0135_V_JPG.rf.c5df291d355fe3579478ab0c9557facc_tile_0031.jpg,correct,Crop,Crop,0.7175711989402771,0.8898698931299032
DJI_20230614084910_0135_V_JPG.rf.c5df291d355fe3579478ab0c9557facc_tile_0031.jpg,correct,Crop,Crop,0.6871768832206726,0.8246906990358926
DJI_20230614084910_0135_V_JPG.rf.c5df291d355fe3579478ab0c9557facc_tile_0032.jpg,correct,Crop,Crop,0.663174033164978,0.8677447276443484
DJI_20230614084910_0135_V_JPG.rf.c5df291d355fe3579478ab0c9557facc_tile_0032.jpg,correct,Crop,Crop,0.7010021209716797,0.7821841501529406
DJI_20230614084910_0135_V_JPG.rf.c5df291d355fe3579478ab0c9557facc_tile_0033.jpg,correct,Crop,Crop,0.6662928462028503,0.867322187074877
DJI_20230614084910_0135_V_JPG.rf.c5df291d355fe3579478ab0c9557facc_tile_0033.jpg,correct,Crop,Crop,0.7037020325660706,0.7784484399769815
DJI_20230614084910_0135_V_JPG.rf.c5df291d355fe3579478ab0c9557facc_tile_0034.jpg,correct,Crop,Crop,0.6908329725265503,0.8066734429987675
DJI_20230614084910_0135_V_JPG.rf.c5df291d355fe3579478ab0c9557facc_tile_0034.jpg,correct,Crop,Crop,0.3435029983520508,0.6240938314113917
DJI_20230614084910_0135_V_JPG.rf.c5df291d355fe3579478ab0c9557facc_tile_0034.jpg,false_positive,background,Crop,0.311387300491333,0.0
DJI_20230614084910_0135_V_JPG.rf.c5df291d355fe3579478ab0c9557facc_tile_0035.jpg,correct,Crop,Crop,0.7117738127708435,0.8327936565912928
DJI_20230614084910_0135_V_JPG.rf.c5df291d355fe3579478ab0c9557facc_tile_0035.jpg,correct,Crop,Crop,0.36857569217681885,0.6174800548319342
DJI_20230614084910_0135_V_JPG.rf.c5df291d355fe3579478ab0c9557facc_tile_0036.jpg,correct,Crop,Crop,0.44386762380599976,0.7661040915620093
DJI_20230614084910_0135_V_JPG.rf.c5df291d355fe3579478ab0c9557facc_tile_0036.jpg,correct,Crop,Crop,0.46465036273002625,0.7405128756257722
DJI_20230614084910_0135_V_JPG.rf.c5df291d355fe3579478ab0c9557facc_tile_0037.jpg,correct,Crop,Crop,0.7180054187774658,0.7233892724993757
DJI_20230614084910_0135_V_JPG.rf.c5df291d355fe3579478ab0c9557facc_tile_0037.jpg,correct,Crop,Crop,0.6421748399734497,0.7215240820268994
DJI_20230614084910_0135_V_JPG.rf.c5df291d355fe3579478ab0c9557facc_tile_0037.jpg,correct,Weed,Weed,0.5553351044654846,0.7163181826184891
DJI_20230614084910_0135_V_JPG.rf.c5df291d355fe3579478ab0c9557facc_tile_0037.jpg,false_positive,background,Crop,0.327773779630661,0.0
DJI_20230614084910_0135_V_JPG.rf.c5df291d355fe3579478ab0c9557facc_tile_0038.jpg,correct,Crop,Crop,0.526984691619873,0.831006871524096
DJI_20230614084910_0135_V_JPG.rf.c5df291d355fe3579478ab0c9557facc_tile_0038.jpg,correct,Crop,Crop,0.718402624130249,0.7451403647115227
DJI_20230614084910_0135_V_JPG.rf.c5df291d355fe3579478ab0c9557facc_tile_0039.jpg,correct,Crop,Crop,0.6179996728897095,0.5054849569890112
DJI_20230614084910_0135_V_JPG.rf.c5df291d355fe3579478ab0c9557facc_tile_0039.jpg,missed_crop,Crop,background,0.0,0.0
DJI_20230614084910_0135_V_JPG.rf.c5df291d355fe3579478ab0c9557facc_tile_0040.jpg,correct,Crop,Crop,0.40985774993896484,0.6647496322890796
DJI_20230614084910_0135_V_JPG.rf.c5df291d355fe3579478ab0c9557facc_tile_0041.jpg,correct,Crop,Crop,0.5975385904312134,0.7591414962925874
DJI_20230614084910_0135_V_JPG.rf.c5df291d355fe3579478ab0c9557facc_tile_0041.jpg,correct,Crop,Crop,0.43124955892562866,0.641229216885795
DJI_20230614084910_0135_V_JPG.rf.c5df291d355fe3579478ab0c9557facc_tile_0041.jpg,correct,Crop,Crop,0.3071330189704895,0.6249516455777511
DJI_20230614084910_0135_V_JPG.rf.c5df291d355fe3579478ab0c9557facc_tile_0042.jpg,correct,Crop,Crop,0.6715919375419617,0.8680493357354896
DJI_20230614084910_0135_V_JPG.rf.c5df291d355fe3579478ab0c9557facc_tile_0042.jpg,correct,Crop,Crop,0.7153894305229187,0.7480774828873914
DJI_20230614084910_0135_V_JPG.rf.c5df291d355fe3579478ab0c9557facc_tile_0043.jpg,correct,Crop,Crop,0.7381079196929932,0.7598369651411994
DJI_20230614084910_0135_V_JPG.rf.c5df291d355fe3579478ab0c9557facc_tile_0043.jpg,correct,Crop,Crop,0.6668051481246948,0.7122252701237249
DJI_20230614084910_0135_V_JPG.rf.c5df291d355fe3579478ab0c9557facc_tile_0044.jpg,correct,Crop,Crop,0.7369883060455322,0.7623533772277242
DJI_20230614084910_0135_V_JPG.rf.c5df291d355fe3579478ab0c9557facc_tile_0044.jpg,correct,Crop,Crop,0.6699605584144592,0.7089532490640026
DJI_20230614084910_0135_V_JPG.rf.c5df291d355fe3579478ab0c9557facc_tile_0045.jpg,correct,Crop,Crop,0.44151729345321655,0.8392554407088796
DJI_20230614084910_0135_V_JPG.rf.c5df291d355fe3579478ab0c9557facc_tile_0045.jpg,correct,Crop,Crop,0.4343975782394409,0.7236339206321185
DJI_20230614084910_0135_V_JPG.rf.c5df291d355fe3579478ab0c9557facc_tile_0045.jpg,false_positive,background,Crop,0.5168907642364502,0.0
DJI_20230614084910_0135_V_JPG.rf.c5df291d355fe3579478ab0c9557facc_tile_0045.jpg,false_positive,background,Crop,0.4423765242099762,0.0
DJI_20230614084910_0135_V_JPG.rf.c5df291d355fe3579478ab0c9557facc_tile_0046.jpg,correct,Crop,Crop,0.32995590567588806,0.8335358883273882
DJI_20230614084910_0135_V_JPG.rf.c5df291d355fe3579478ab0c9557facc_tile_0046.jpg,correct,Crop,Crop,0.5015983581542969,0.7211095918995282
DJI_20230614084910_0135_V_JPG.rf.c5df291d355fe3579478ab0c9557facc_tile_0046.jpg,false_positive,background,Crop,0.4888283908367157,0.0
DJI_20230614084910_0135_V_JPG.rf.c5df291d355fe3579478ab0c9557facc_tile_0047.jpg,correct,Crop,Crop,0.3244832456111908,0.7552834369008634
DJI_20230614084910_0135_V_JPG.rf.c5df291d355fe3579478ab0c9557facc_tile_0047.jpg,correct,Crop,Crop,0.624137818813324,0.7139803861092024
DJI_20230614084910_0135_V_JPG.rf.c5df291d355fe3579478ab0c9557facc_tile_0048.jpg,correct,Crop,Crop,0.6879462003707886,0.7328266170997955
DJI_20230614084910_0135_V_JPG.rf.c5df291d355fe3579478ab0c9557facc_tile_0048.jpg,correct,Crop,Crop,0.7068783640861511,0.6444495436807707
DJI_20230614084910_0135_V_JPG.rf.c5df291d355fe3579478ab0c9557facc_tile_0049.jpg,correct,Crop,Crop,0.6648060083389282,0.9137469771127771
DJI_20230614084910_0135_V_JPG.rf.c5df291d355fe3579478ab0c9557facc_tile_0050.jpg,correct,Crop,Crop,0.6738429665565491,0.7967149283165358
DJI_20230614084910_0135_V_JPG.rf.c5df291d355fe3579478ab0c9557facc_tile_0050.jpg,correct,Crop,Crop,0.6096440553665161,0.5038813721890703
DJI_20230614084910_0135_V_JPG.rf.c5df291d355fe3579478ab0c9557facc_tile_0051.jpg,missed_crop,Crop,background,0.0,0.0
DJI_20230614084910_0135_V_JPG.rf.c5df291d355fe3579478ab0c9557facc_tile_0051.jpg,false_positive,background,Crop,0.30859634280204773,0.0
DJI_20230614084910_0135_V_JPG.rf.c5df291d355fe3579478ab0c9557facc_tile_0052.jpg,correct,Crop,Crop,0.6092568039894104,0.7612838664324922
DJI_20230614084910_0135_V_JPG.rf.c5df291d355fe3579478ab0c9557facc_tile_0052.jpg,correct,Crop,Crop,0.42559683322906494,0.502873490973743
DJI_20230614084910_0135_V_JPG.rf.c5df291d355fe3579478ab0c9557facc_tile_0053.jpg,correct,Weed,Weed,0.7871449589729309,0.9387796267286381
DJI_20230614084910_0135_V_JPG.rf.c5df291d355fe3579478ab0c9557facc_tile_0053.jpg,correct,Crop,Crop,0.6867182850837708,0.9081592606839086
DJI_20230614084910_0135_V_JPG.rf.c5df291d355fe3579478ab0c9557facc_tile_0053.jpg,correct,Crop,Crop,0.5729283690452576,0.7507769793412796
DJI_20230614084910_0135_V_JPG.rf.c5df291d355fe3579478ab0c9557facc_tile_0054.jpg,correct,Crop,Crop,0.6247982978820801,0.9000971798074837
DJI_20230614084910_0135_V_JPG.rf.c5df291d355fe3579478ab0c9557facc_tile_0055.jpg,correct,Crop,Crop,0.627389132976532,0.9022851662716966
DJI_20230614084910_0135_V_JPG.rf.c5df291d355fe3579478ab0c9557facc_tile_0056.jpg,correct,Crop,Crop,0.7471747994422913,0.7599919119891277
DJI_20230614084910_0135_V_JPG.rf.c5df291d355fe3579478ab0c9557facc_tile_0056.jpg,correct,Crop,Crop,0.6280909180641174,0.7494109934935059
DJI_20230614084910_0135_V_JPG.rf.c5df291d355fe3579478ab0c9557facc_tile_0056.jpg,correct,Weed,Weed,0.38658738136291504,0.7473488677715492
DJI_20230614084910_0135_V_JPG.rf.c5df291d355fe3579478ab0c9557facc_tile_0057.jpg,correct,Crop,Crop,0.7557498812675476,0.7571759786222202
DJI_20230614084910_0135_V_JPG.rf.c5df291d355fe3579478ab0c9557facc_tile_0057.jpg,correct,Crop,Crop,0.6124231219291687,0.7519535954594249
DJI_20230614084910_0135_V_JPG.rf.c5df291d355fe3579478ab0c9557facc_tile_0057.jpg,false_positive,background,Weed,0.3442714214324951,0.0
DJI_20230614084910_0135_V_JPG.rf.c5df291d355fe3579478ab0c9557facc_tile_0058.jpg,correct,Crop,Crop,0.6510899662971497,0.9363588973898971
DJI_20230614084910_0135_V_JPG.rf.c5df291d355fe3579478ab0c9557facc_tile_0058.jpg,correct,Crop,Crop,0.6624741554260254,0.5972416808742478
DJI_20230614084910_0135_V_JPG.rf.c5df291d355fe3579478ab0c9557facc_tile_0059.jpg,correct,Weed,Weed,0.7711658477783203,0.9436008021742063
DJI_20230614084910_0135_V_JPG.rf.c5df291d355fe3579478ab0c9557facc_tile_0059.jpg,correct,Crop,Crop,0.5671485066413879,0.6942276983119208
DJI_20230614084910_0135_V_JPG.rf.c5df291d355fe3579478ab0c9557facc_tile_0059.jpg,correct,Crop,Crop,0.6663097739219666,0.6480268143188957
DJI_20230614084910_0135_V_JPG.rf.c5df291d355fe3579478ab0c9557facc_tile_0059.jpg,missed_weed,Weed,background,0.0,0.0
DJI_20230614084910_0135_V_JPG.rf.c5df291d355fe3579478ab0c9557facc_tile_0060.jpg,correct,Crop,Crop,0.5524841547012329,0.9044050824825836
DJI_20230614084910_0135_V_JPG.rf.c5df291d355fe3579478ab0c9557facc_tile_0060.jpg,false_positive,background,Crop,0.5495114922523499,0.0
DJI_20230614084910_0135_V_JPG.rf.c5df291d355fe3579478ab0c9557facc_tile_0061.jpg,correct,Weed,Weed,0.7589758634567261,0.931662101733146
DJI_20230614084910_0135_V_JPG.rf.c5df291d355fe3579478ab0c9557facc_tile_0061.jpg,correct,Crop,Crop,0.8206666111946106,0.7497511034493046
DJI_20230614084910_0135_V_JPG.rf.c5df291d355fe3579478ab0c9557facc_tile_0062.jpg,correct,Weed,Weed,0.7965719699859619,0.8909583964277334
DJI_20230614084910_0135_V_JPG.rf.c5df291d355fe3579478ab0c9557facc_tile_0062.jpg,correct,Crop,Crop,0.6517099738121033,0.8829250047357944
DJI_20230614084910_0135_V_JPG.rf.c5df291d355fe3579478ab0c9557facc_tile_0062.jpg,correct,Crop,Crop,0.5142433047294617,0.8687259868686532
DJI_20230614084910_0135_V_JPG.rf.c5df291d355fe3579478ab0c9557facc_tile_0062.jpg,false_positive,background,Crop,0.611956000328064,0.0
DJI_20230614084910_0135_V_JPG.rf.c5df291d355fe3579478ab0c9557facc_tile_0062.jpg,false_positive,background,Crop,0.2955858111381531,0.0
DJI_20230614084910_0135_V_JPG.rf.c5df291d355fe3579478ab0c9557facc_tile_0063.jpg,correct,Crop,Crop,0.669346272945404,0.8844421798054948
DJI_20230614084910_0135_V_JPG.rf.c5df291d355fe3579478ab0c9557facc_tile_0063.jpg,correct,Crop,Crop,0.5426734685897827,0.8812170177105536
DJI_20230614084910_0135_V_JPG.rf.c5df291d355fe3579478ab0c9557facc_tile_0063.jpg,correct,Crop,Crop,0.5732001662254333,0.8807712230726277
DJI_20230614084910_0135_V_JPG.rf.c5df291d355fe3579478ab0c9557facc_tile_0063.jpg,false_positive,background,Crop,0.5796478986740112,0.0
DJI_20230614084910_0135_V_JPG.rf.c5df291d355fe3579478ab0c9557facc_tile_0063.jpg,false_positive,background,Crop,0.3246847093105316,0.0
DJI_20230614084910_0135_V_JPG.rf.c5df291d355fe3579478ab0c9557facc_tile_0064.jpg,correct,Crop,Crop,0.6445378065109253,0.8085442748475229
DJI_20230614084910_0135_V_JPG.rf.c5df291d355fe3579478ab0c9557facc_tile_0067.jpg,correct,Weed,Weed,0.3387378454208374,0.7782081944482521
DJI_20230614084910_0135_V_JPG.rf.c5df291d355fe3579478ab0c9557facc_tile_0067.jpg,correct,Crop,Crop,0.7659689784049988,0.7562178080393499
DJI_20230614084910_0135_V_JPG.rf.c5df291d355fe3579478ab0c9557facc_tile_0067.jpg,correct,Crop,Crop,0.6827061772346497,0.7167755860548243
DJI_20230614084910_0135_V_JPG.rf.c5df291d355fe3579478ab0c9557facc_tile_0067.jpg,false_positive,background,Weed,0.30347299575805664,0.0
DJI_20230614084910_0135_V_JPG.rf.c5df291d355fe3579478ab0c9557facc_tile_0068.jpg,correct,Crop,Crop,0.766804039478302,0.7533203285727171
DJI_20230614084910_0135_V_JPG.rf.c5df291d355fe3579478ab0c9557facc_tile_0068.jpg,correct,Crop,Crop,0.6800169944763184,0.7178750832326318
DJI_20230614084910_0135_V_JPG.rf.c5df291d355fe3579478ab0c9557facc_tile_0069.jpg,correct,Crop,Crop,0.6826743483543396,0.9483662721029117
DJI_20230614084910_0135_V_JPG.rf.c5df291d355fe3579478ab0c9557facc_tile_0069.jpg,correct,Crop,Crop,0.6907432675361633,0.6968831089384573
DJI_20230614084910_0135_V_JPG.rf.c5df291d355fe3579478ab0c9557facc_tile_0070.jpg,correct,Weed,Weed,0.28464892506599426,0.8559105365138915
DJI_20230614084910_0135_V_JPG.rf.c5df291d355fe3579478ab0c9557facc_tile_0070.jpg,correct,Crop,Crop,0.32296374440193176,0.7246733778453399
DJI_20230614084910_0135_V_JPG.rf.c5df291d355fe3579478ab0c9557facc_tile_0070.jpg,correct,Crop,Crop,0.6031103134155273,0.705935212456043
DJI_20230614084910_0135_V_JPG.rf.c5df291d355fe3579478ab0c9557facc_tile_0070.jpg,missed_weed,Weed,background,0.0,0.0
DJI_20230614084910_0135_V_JPG.rf.c5df291d355fe3579478ab0c9557facc_tile_0070.jpg,false_positive,background,Weed,0.35702791810035706,0.0
DJI_20230614084910_0135_V_JPG.rf.c5df291d355fe3579478ab0c9557facc_tile_0070.jpg,false_positive,background,Crop,0.29384300112724304,0.0
DJI_20230614084910_0135_V_JPG.rf.c5df291d355fe3579478ab0c9557facc_tile_0071.jpg,correct,Crop,Crop,0.596412718296051,0.8131467089595249
DJI_20230614084910_0135_V_JPG.rf.c5df291d355fe3579478ab0c9557facc_tile_0071.jpg,correct,Crop,Crop,0.6265308856964111,0.7972530243587017
DJI_20230614084910_0135_V_JPG.rf.c5df291d355fe3579478ab0c9557facc_tile_0071.jpg,missed_weed,Weed,background,0.0,0.0
DJI_20230614084910_0135_V_JPG.rf.c5df291d355fe3579478ab0c9557facc_tile_0072.jpg,correct,Crop,Crop,0.6934735774993896,0.8883668362720442
DJI_20230614084910_0135_V_JPG.rf.c5df291d355fe3579478ab0c9557facc_tile_0072.jpg,correct,Crop,Crop,0.2867181599140167,0.7696973656368962
DJI_20230614084910_0135_V_JPG.rf.c5df291d355fe3579478ab0c9557facc_tile_0072.jpg,false_positive,background,Crop,0.5483012199401855,0.0
DJI_20230614084910_0135_V_JPG.rf.c5df291d355fe3579478ab0c9557facc_tile_0072.jpg,false_positive,background,Weed,0.4455677270889282,0.0
DJI_20230614084910_0135_V_JPG.rf.c5df291d355fe3579478ab0c9557facc_tile_0073.jpg,correct,Crop,Crop,0.6668047308921814,0.8605528556847841
DJI_20230614084910_0135_V_JPG.rf.c5df291d355fe3579478ab0c9557facc_tile_0073.jpg,correct,Crop,Crop,0.640483021736145,0.7063873652373074
DJI_20230614084910_0135_V_JPG.rf.c5df291d355fe3579478ab0c9557facc_tile_0073.jpg,false_positive,background,Crop,0.40614551305770874,0.0
DJI_20230614084910_0135_V_JPG.rf.c5df291d355fe3579478ab0c9557facc_tile_0073.jpg,false_positive,background,Weed,0.39646342396736145,0.0
DJI_20230614084910_0135_V_JPG.rf.c5df291d355fe3579478ab0c9557facc_tile_0074.jpg,correct,Crop,Crop,0.6786440014839172,0.8663058778401853
DJI_20230614084910_0135_V_JPG.rf.c5df291d355fe3579478ab0c9557facc_tile_0074.jpg,correct,Crop,Crop,0.6663922667503357,0.7135716436275154
DJI_20230614084910_0135_V_JPG.rf.c5df291d355fe3579478ab0c9557facc_tile_0074.jpg,correct,Crop,Crop,0.6192388534545898,0.6784148804022657
DJI_20230614084910_0135_V_JPG.rf.c5df291d355fe3579478ab0c9557facc_tile_0074.jpg,false_positive,background,Crop,0.28876492381095886,0.0
DJI_20230614084910_0135_V_JPG.rf.c5df291d355fe3579478ab0c9557facc_tile_0075.jpg,correct,Crop,Crop,0.6408944725990295,0.662792819023482
DJI_20230614084910_0135_V_JPG.rf.c5df291d355fe3579478ab0c9557facc_tile_0076.jpg,correct,Crop,Crop,0.5714090466499329,0.6449445641808995
DJI_20230614084910_0135_V_JPG.rf.c5df291d355fe3579478ab0c9557facc_tile_0077.jpg,correct,Crop,Crop,0.5626186728477478,0.64419301878931
DJI_20230614084910_0135_V_JPG.rf.c5df291d355fe3579478ab0c9557facc_tile_0078.jpg,correct,Crop,Crop,0.681618332862854,0.825673112715749
DJI_20230614084910_0135_V_JPG.rf.c5df291d355fe3579478ab0c9557facc_tile_0078.jpg,missed_crop,Crop,background,0.0,0.0
DJI_20230614084910_0135_V_JPG.rf.c5df291d355fe3579478ab0c9557facc_tile_0079.jpg,correct,Crop,Crop,0.6820143461227417,0.8181780216093436
DJI_20230614084910_0135_V_JPG.rf.c5df291d355fe3579478ab0c9557facc_tile_0079.jpg,missed_crop,Crop,background,0.0,0.0
DJI_20230614084910_0135_V_JPG.rf.c5df291d355fe3579478ab0c9557facc_tile_0080.jpg,correct,Crop,Crop,0.3214623034000397,0.7387014296358653
DJI_20230614084910_0135_V_JPG.rf.c5df291d355fe3579478ab0c9557facc_tile_0080.jpg,correct,Crop,Crop,0.7387264966964722,0.6600544757012982
DJI_20230614084910_0135_V_JPG.rf.c5df291d355fe3579478ab0c9557facc_tile_0080.jpg,missed_weed,Weed,background,0.0,0.0
DJI_20230614084910_0135_V_JPG.rf.c5df291d355fe3579478ab0c9557facc_tile_0080.jpg,false_positive,background,Crop,0.4002496302127838,0.0
DJI_20230614084910_0135_V_JPG.rf.c5df291d355fe3579478ab0c9557facc_tile_0081.jpg,correct,Weed,Weed,0.519040584564209,0.6845239509280633
DJI_20230614084910_0135_V_JPG.rf.c5df291d355fe3579478ab0c9557facc_tile_0081.jpg,correct,Weed,Weed,0.508891224861145,0.5542488362618151
DJI_20230614084910_0135_V_JPG.rf.c5df291d355fe3579478ab0c9557facc_tile_0081.jpg,correct,Crop,Crop,0.2504601776599884,0.5289969344279658
DJI_20230614084910_0135_V_JPG.rf.c5df291d355fe3579478ab0c9557facc_tile_0081.jpg,missed_weed,Weed,background,0.0,0.0
DJI_20230614084910_0135_V_JPG.rf.c5df291d355fe3579478ab0c9557facc_tile_0081.jpg,false_positive,background,Weed,0.44744569063186646,0.0
DJI_20230614084910_0135_V_JPG.rf.c5df291d355fe3579478ab0c9557facc_tile_0081.jpg,false_positive,background,Crop,0.33537527918815613,0.0
DJI_20230614084910_0135_V_JPG.rf.c5df291d355fe3579478ab0c9557facc_tile_0081.jpg,false_positive,background,Weed,0.2966639995574951,0.0
DJI_20230614084910_0135_V_JPG.rf.c5df291d355fe3579478ab0c9557facc_tile_0082.jpg,correct,Crop,Crop,0.4634056091308594,0.678048779911478
DJI_20230614084910_0135_V_JPG.rf.c5df291d355fe3579478ab0c9557facc_tile_0082.jpg,correct,Crop,Crop,0.6250401139259338,0.50322718725763
DJI_20230614084910_0135_V_JPG.rf.c5df291d355fe3579478ab0c9557facc_tile_0083.jpg,correct,Crop,Crop,0.7186591625213623,0.9014849967537574
DJI_20230614084910_0135_V_JPG.rf.c5df291d355fe3579478ab0c9557facc_tile_0083.jpg,correct,Crop,Crop,0.6291758418083191,0.8829418530320273
DJI_20230614084910_0135_V_JPG.rf.c5df291d355fe3579478ab0c9557facc_tile_0084.jpg,correct,Crop,Crop,0.6233693957328796,0.8651806048007449
DJI_20230614084910_0135_V_JPG.rf.c5df291d355fe3579478ab0c9557facc_tile_0084.jpg,correct,Crop,Crop,0.7497795820236206,0.7343147473012727
DJI_20230614084910_0135_V_JPG.rf.c5df291d355fe3579478ab0c9557facc_tile_0085.jpg,correct,Crop,Crop,0.6215187907218933,0.8702017717570557
DJI_20230614084910_0135_V_JPG.rf.c5df291d355fe3579478ab0c9557facc_tile_0085.jpg,correct,Crop,Crop,0.6182453036308289,0.8323298550396434
DJI_20230614084910_0135_V_JPG.rf.c5df291d355fe3579478ab0c9557facc_tile_0085.jpg,correct,Crop,Crop,0.7413852214813232,0.7310023632801824
DJI_20230614084910_0135_V_JPG.rf.c5df291d355fe3579478ab0c9557facc_tile_0085.jpg,missed_weed,Weed,background,0.0,0.0
DJI_20230614084910_0135_V_JPG.rf.c5df291d355fe3579478ab0c9557facc_tile_0086.jpg,correct,Crop,Crop,0.738640546798706,0.9269309109326239
DJI_20230614084910_0135_V_JPG.rf.c5df291d355fe3579478ab0c9557facc_tile_0087.jpg,missed_crop,Crop,background,0.0,0.0
DJI_20230614084910_0135_V_JPG.rf.c5df291d355fe3579478ab0c9557facc_tile_0087.jpg,missed_weed,Weed,background,0.0,0.0
DJI_20230614084910_0135_V_JPG.rf.c5df291d355fe3579478ab0c9557facc_tile_0088.jpg,missed_crop,Crop,background,0.0,0.0
DJI_20230614084910_0135_V_JPG.rf.c5df291d355fe3579478ab0c9557facc_tile_0088.jpg,missed_weed,Weed,background,0.0,0.0
DJI_20230614084910_0135_V_JPG.rf.c5df291d355fe3579478ab0c9557facc_tile_0089.jpg,correct,Crop,Crop,0.4866288900375366,0.6320415563229892
DJI_20230614084910_0135_V_JPG.rf.c5df291d355fe3579478ab0c9557facc_tile_0089.jpg,missed_crop,Crop,background,0.0,0.0
DJI_20230614084910_0135_V_JPG.rf.c5df291d355fe3579478ab0c9557facc_tile_0090.jpg,correct,Crop,Crop,0.49266818165779114,0.6288662437612279
DJI_20230614084910_0135_V_JPG.rf.c5df291d355fe3579478ab0c9557facc_tile_0090.jpg,missed_crop,Crop,background,0.0,0.0
DJI_20230614084910_0135_V_JPG.rf.c5df291d355fe3579478ab0c9557facc_tile_0091.jpg,correct,Crop,Crop,0.276941180229187,0.7286822428726444
DJI_20230614084910_0135_V_JPG.rf.c5df291d355fe3579478ab0c9557facc_tile_0091.jpg,correct,Crop,Crop,0.6645090579986572,0.7220535779931867
DJI_20230614084910_0135_V_JPG.rf.c5df291d355fe3579478ab0c9557facc_tile_0091.jpg,correct,Weed,Weed,0.7716246247291565,0.6075288138160777
DJI_20230614084910_0135_V_JPG.rf.c5df291d355fe3579478ab0c9557facc_tile_0091.jpg,false_positive,background,Weed,0.3700065016746521,0.0
DJI_20230614084910_0135_V_JPG.rf.c5df291d355fe3579478ab0c9557facc_tile_0092.jpg,correct,Weed,Weed,0.2848277986049652,0.6476902324686875
DJI_20230614084910_0135_V_JPG.rf.c5df291d355fe3579478ab0c9557facc_tile_0092.jpg,correct,Weed,Weed,0.30727285146713257,0.5755336812590204
DJI_20230614084910_0135_V_JPG.rf.c5df291d355fe3579478ab0c9557facc_tile_0092.jpg,missed_crop,Crop,background,0.0,0.0
DJI_20230614084910_0135_V_JPG.rf.c5df291d355fe3579478ab0c9557facc_tile_0092.jpg,false_positive,background,Crop,0.3224615752696991,0.0
DJI_20230614084910_0135_V_JPG.rf.c5df291d355fe3579478ab0c9557facc_tile_0093.jpg,correct,Crop,Crop,0.6000670790672302,0.7361137703190515
DJI_20230614084910_0135_V_JPG.rf.c5df291d355fe3579478ab0c9557facc_tile_0093.jpg,correct,Weed,Weed,0.33230870962142944,0.6060925974431205
DJI_20230614084910_0135_V_JPG.rf.c5df291d355fe3579478ab0c9557facc_tile_0093.jpg,correct,Crop,Crop,0.690241277217865,0.5698127025918513
DJI_20230614084910_0135_V_JPG.rf.c5df291d355fe3579478ab0c9557facc_tile_0094.jpg,correct,Crop,Crop,0.7305595278739929,0.8264262490742416
DJI_20230614084910_0135_V_JPG.rf.c5df291d355fe3579478ab0c9557facc_tile_0094.jpg,correct,Crop,Crop,0.6645783185958862,0.6890352636942556
DJI_20230614084910_0135_V_JPG.rf.c5df291d355fe3579478ab0c9557facc_tile_0095.jpg,correct,Crop,Crop,0.7243766188621521,0.7346117661520197
DJI_20230614084910_0135_V_JPG.rf.c5df291d355fe3579478ab0c9557facc_tile_0095.jpg,correct,Crop,Crop,0.6020343899726868,0.7198005175407407
DJI_20230614084910_0135_V_JPG.rf.c5df291d355fe3579478ab0c9557facc_tile_0096.jpg,weed_as_crop,Weed,Crop,0.3741200864315033,0.866269037086246
DJI_20230614084910_0135_V_JPG.rf.c5df291d355fe3579478ab0c9557facc_tile_0096.jpg,correct,Crop,Crop,0.7164610028266907,0.7323233674263495
DJI_20230614084910_0135_V_JPG.rf.c5df291d355fe3579478ab0c9557facc_tile_0096.jpg,correct,Crop,Crop,0.6044566035270691,0.7299285460157638
DJI_20230614084910_0135_V_JPG.rf.c5df291d355fe3579478ab0c9557facc_tile_0096.jpg,correct,Crop,Crop,0.5057915449142456,0.6942274894604175
DJI_20230614084910_0135_V_JPG.rf.c5df291d355fe3579478ab0c9557facc_tile_0096.jpg,false_positive,background,Crop,0.30076172947883606,0.0
DJI_20230614084910_0135_V_JPG.rf.c5df291d355fe3579478ab0c9557facc_tile_0097.jpg,weed_as_crop,Weed,Crop,0.6307221055030823,0.8276208711000674
DJI_20230614084910_0135_V_JPG.rf.c5df291d355fe3579478ab0c9557facc_tile_0097.jpg,correct,Crop,Crop,0.615725040435791,0.6811870229221533
DJI_20230614084910_0135_V_JPG.rf.c5df291d355fe3579478ab0c9557facc_tile_0098.jpg,correct,Crop,Crop,0.5375261306762695,0.8930260996959798
DJI_20230614084910_0135_V_JPG.rf.c5df291d355fe3579478ab0c9557facc_tile_0098.jpg,correct,Crop,Crop,0.7364761233329773,0.8367892642955941
DJI_20230614084910_0135_V_JPG.rf.c5df291d355fe3579478ab0c9557facc_tile_0098.jpg,missed_crop,Crop,background,0.0,0.0
DJI_20230614084910_0135_V_JPG.rf.c5df291d355fe3579478ab0c9557facc_tile_0099.jpg,correct,Crop,Crop,0.5343498587608337,0.8934139609673798
DJI_20230614084910_0135_V_JPG.rf.c5df291d355fe3579478ab0c9557facc_tile_0099.jpg,correct,Crop,Crop,0.7355390191078186,0.8360801363401112
DJI_20230614084910_0135_V_JPG.rf.c5df291d355fe3579478ab0c9557facc_tile_0099.jpg,missed_crop,Crop,background,0.0,0.0
DJI_20230614084910_0135_V_JPG.rf.c5df291d355fe3579478ab0c9557facc_tile_0100.jpg,correct,Crop,Crop,0.5261290073394775,0.8609999630235439
DJI_20230614084910_0135_V_JPG.rf.c5df291d355fe3579478ab0c9557facc_tile_0100.jpg,correct,Crop,Crop,0.7065951228141785,0.7350846776990195
DJI_20230614084910_0135_V_JPG.rf.c5df291d355fe3579478ab0c9557facc_tile_0100.jpg,false_positive,background,Weed,0.4990798532962799,0.0
DJI_20230614084910_0135_V_JPG.rf.c5df291d355fe3579478ab0c9557facc_tile_0101.jpg,correct,Crop,Crop,0.5859386324882507,0.8619181895464958
DJI_20230614084910_0135_V_JPG.rf.c5df291d355fe3579478ab0c9557facc_tile_0101.jpg,correct,Crop,Crop,0.7271906137466431,0.7506500107387847
DJI_20230614084910_0135_V_JPG.rf.c5df291d355fe3579478ab0c9557facc_tile_0103.jpg,correct,Weed,Weed,0.820372462272644,0.7519282460584054
DJI_20230614084910_0135_V_JPG.rf.c5df291d355fe3579478ab0c9557facc_tile_0103.jpg,correct,Crop,Crop,0.48537692427635193,0.7424932256835959
DJI_20230614084910_0135_V_JPG.rf.c5df291d355fe3579478ab0c9557facc_tile_0103.jpg,missed_weed,Weed,background,0.0,0.0
DJI_20230614084910_0135_V_JPG.rf.c5df291d355fe3579478ab0c9557facc_tile_0103.jpg,false_positive,background,Weed,0.5508184432983398,0.0
DJI_20230614084910_0135_V_JPG.rf.c5df291d355fe3579478ab0c9557facc_tile_0104.jpg,correct,Crop,Crop,0.7138553261756897,0.8518080263981774
DJI_20230614084910_0135_V_JPG.rf.c5df291d355fe3579478ab0c9557facc_tile_0104.jpg,correct,Crop,Crop,0.7258591055870056,0.706426715355979
DJI_20230614084910_0135_V_JPG.rf.c5df291d355fe3579478ab0c9557facc_tile_0105.jpg,correct,Crop,Crop,0.7309743762016296,0.805452478687608
DJI_20230614084910_0135_V_JPG.rf.c5df291d355fe3579478ab0c9557facc_tile_0105.jpg,correct,Crop,Crop,0.536461353302002,0.772091190972446
DJI_20230614084910_0135_V_JPG.rf.c5df291d355fe3579478ab0c9557facc_tile_0106.jpg,correct,Crop,Crop,0.7075965404510498,0.8713014951154777
DJI_20230614084910_0135_V_JPG.rf.c5df291d355fe3579478ab0c9557facc_tile_0106.jpg,correct,Crop,Crop,0.6165276169776917,0.672504139381562
DJI_20230614084910_0135_V_JPG.rf.c5df291d355fe3579478ab0c9557facc_tile_0107.jpg,correct,Crop,Crop,0.7067093849182129,0.865101101107536
DJI_20230614084910_0135_V_JPG.rf.c5df291d355fe3579478ab0c9557facc_tile_0107.jpg,correct,Crop,Crop,0.40939387679100037,0.8386206315623039
DJI_20230614084910_0135_V_JPG.rf.c5df291d355fe3579478ab0c9557facc_tile_0107.jpg,correct,Crop,Crop,0.6223506331443787,0.6727293528378716
DJI_20230614084910_0135_V_JPG.rf.c5df291d355fe3579478ab0c9557facc_tile_0107.jpg,weed_as_crop,Weed,Crop,0.42760515213012695,0.5679129544133743
DJI_20230614084910_0135_V_JPG.rf.c5df291d355fe3579478ab0c9557facc_tile_0107.jpg,false_positive,background,Crop,0.30382460355758667,0.0
DJI_20230614084910_0135_V_JPG.rf.c5df291d355fe3579478ab0c9557facc_tile_0108.jpg,correct,Crop,Crop,0.28330016136169434,0.8455417432912365
DJI_20230614084910_0135_V_JPG.rf.c5df291d355fe3579478ab0c9557facc_tile_0108.jpg,correct,Weed,Weed,0.550000786781311,0.6565876138925824
DJI_20230614084910_0135_V_JPG.rf.c5df291d355fe3579478ab0c9557facc_tile_0108.jpg,weed_as_crop,Weed,Crop,0.6660779118537903,0.6068636568929059
DJI_20230614084910_0135_V_JPG.rf.c5df291d355fe3579478ab0c9557facc_tile_0108.jpg,false_positive,background,Crop,0.41516903042793274,0.0
DJI_20230614084910_0135_V_JPG.rf.c5df291d355fe3579478ab0c9557facc_tile_0108.jpg,false_positive,background,Weed,0.34591326117515564,0.0
DJI_20230614084910_0135_V_JPG.rf.c5df291d355fe3579478ab0c9557facc_tile_0109.jpg,correct,Crop,Crop,0.5769481658935547,0.8858271735719568
DJI_20230614084910_0135_V_JPG.rf.c5df291d355fe3579478ab0c9557facc_tile_0110.jpg,correct,Crop,Crop,0.5782995820045471,0.8865845600527503
DJI_20230614084910_0135_V_JPG.rf.c5df291d355fe3579478ab0c9557facc_tile_0111.jpg,correct,Crop,Crop,0.5769491195678711,0.864813048954184
DJI_20230614084910_0135_V_JPG.rf.c5df291d355fe3579478ab0c9557facc_tile_0111.jpg,correct,Crop,Crop,0.7193568348884583,0.7417636554233848
DJI_20230614084910_0135_V_JPG.rf.c5df291d355fe3579478ab0c9557facc_tile_0111.jpg,false_positive,background,Weed,0.3933620750904083,0.0
DJI_20230614084910_0135_V_JPG.rf.c5df291d355fe3579478ab0c9557facc_tile_0111.jpg,false_positive,background,Weed,0.25136226415634155,0.0
DJI_20230614084910_0135_V_JPG.rf.c5df291d355fe3579478ab0c9557facc_tile_0112.jpg,correct,Crop,Crop,0.6201592087745667,0.8663747678391377
DJI_20230614084910_0135_V_JPG.rf.c5df291d355fe3579478ab0c9557facc_tile_0112.jpg,correct,Crop,Crop,0.7500581741333008,0.7512547983734357
DJI_20230614084910_0135_V_JPG.rf.c5df291d355fe3579478ab0c9557facc_tile_0114.jpg,correct,Crop,Crop,0.48200762271881104,0.7649722545272024
DJI_20230614084910_0135_V_JPG.rf.c5df291d355fe3579478ab0c9557facc_tile_0114.jpg,correct,Weed,Weed,0.8031703233718872,0.7132216635740635
DJI_20230614084910_0135_V_JPG.rf.c5df291d355fe3579478ab0c9557facc_tile_0114.jpg,missed_weed,Weed,background,0.0,0.0
DJI_20230614084910_0135_V_JPG.rf.c5df291d355fe3579478ab0c9557facc_tile_0115.jpg,correct,Crop,Crop,0.728482186794281,0.8356305491558101
DJI_20230614084910_0135_V_JPG.rf.c5df291d355fe3579478ab0c9557facc_tile_0115.jpg,correct,Crop,Crop,0.7127389311790466,0.7137085203291752
DJI_20230614084910_0135_V_JPG.rf.c5df291d355fe3579478ab0c9557facc_tile_0116.jpg,correct,Crop,Crop,0.5649769306182861,0.8002913973859151
DJI_20230614084910_0135_V_JPG.rf.c5df291d355fe3579478ab0c9557facc_tile_0116.jpg,correct,Crop,Crop,0.7136427760124207,0.7879207301644668
DJI_20230614084910_0135_V_JPG.rf.c5df291d355fe3579478ab0c9557facc_tile_0117.jpg,correct,Crop,Crop,0.727840781211853,0.8497914443987762
DJI_20230614084910_0135_V_JPG.rf.c5df291d355fe3579478ab0c9557facc_tile_0117.jpg,correct,Crop,Crop,0.6021730899810791,0.6551273238293162
DJI_20230614084910_0135_V_JPG.rf.c5df291d355fe3579478ab0c9557facc_tile_0118.jpg,correct,Crop,Crop,0.33933526277542114,0.8537297245604788
DJI_20230614084910_0135_V_JPG.rf.c5df291d355fe3579478ab0c9557facc_tile_0118.jpg,correct,Crop,Crop,0.7222985029220581,0.8513050281681814
DJI_20230614084910_0135_V_JPG.rf.c5df291d355fe3579478ab0c9557facc_tile_0118.jpg,correct,Crop,Crop,0.6044488549232483,0.6674175038883265
DJI_20230614084910_0135_V_JPG.rf.c5df291d355fe3579478ab0c9557facc_tile_0118.jpg,weed_as_crop,Weed,Crop,0.4669519066810608,0.5669339423459083
DJI_20230614084910_0135_V_JPG.rf.c5df291d355fe3579478ab0c9557facc_tile_0119.jpg,correct,Crop,Crop,0.4013499915599823,0.7746697747687905
DJI_20230614084910_0135_V_JPG.rf.c5df291d355fe3579478ab0c9557facc_tile_0119.jpg,correct,Weed,Weed,0.5402840971946716,0.6204520634766792
DJI_20230614084910_0135_V_JPG.rf.c5df291d355fe3579478ab0c9557facc_tile_0119.jpg,weed_as_crop,Weed,Crop,0.6603781580924988,0.594232992197993
DJI_20230614084910_0135_V_JPG.rf.c5df291d355fe3579478ab0c9557facc_tile_0119.jpg,false_positive,background,Weed,0.3984951376914978,0.0
DJI_20230614084910_0135_V_JPG.rf.c5df291d355fe3579478ab0c9557facc_tile_0120.jpg,correct,Crop,Crop,0.5814834237098694,0.8832496920615828
DJI_20230614084910_0135_V_JPG.rf.c5df291d355fe3579478ab0c9557facc_tile_0121.jpg,correct,Crop,Crop,0.5801512598991394,0.8830813634594421
DJI_20230614084926_0143_V_JPG.rf.1be27d109662a1e77a1094aa22d492ef_tile_0001.jpg,false_positive,background,Crop,0.5918557047843933,0.0
DJI_20230614084926_0143_V_JPG.rf.1be27d109662a1e77a1094aa22d492ef_tile_0002.jpg,correct,Crop,Crop,0.45723479986190796,0.636527291521584
DJI_20230614084926_0143_V_JPG.rf.1be27d109662a1e77a1094aa22d492ef_tile_0002.jpg,missed_weed,Weed,background,0.0,0.0
DJI_20230614084926_0143_V_JPG.rf.1be27d109662a1e77a1094aa22d492ef_tile_0002.jpg,false_positive,background,Weed,0.5268504619598389,0.0
DJI_20230614084926_0143_V_JPG.rf.1be27d109662a1e77a1094aa22d492ef_tile_0003.jpg,correct,Crop,Crop,0.5096617937088013,0.8295295343490977
DJI_20230614084926_0143_V_JPG.rf.1be27d109662a1e77a1094aa22d492ef_tile_0003.jpg,false_positive,background,Crop,0.2815176546573639,0.0
DJI_20230614084926_0143_V_JPG.rf.1be27d109662a1e77a1094aa22d492ef_tile_0005.jpg,correct,Crop,Crop,0.5736075043678284,0.8101251559269921
DJI_20230614084926_0143_V_JPG.rf.1be27d109662a1e77a1094aa22d492ef_tile_0005.jpg,correct,Crop,Crop,0.6043426394462585,0.7187939938271375
DJI_20230614084926_0143_V_JPG.rf.1be27d109662a1e77a1094aa22d492ef_tile_0006.jpg,missed_crop,Crop,background,0.0,0.0
DJI_20230614084926_0143_V_JPG.rf.1be27d109662a1e77a1094aa22d492ef_tile_0007.jpg,correct,Crop,Crop,0.6419466137886047,0.8519977991101385
DJI_20230614084926_0143_V_JPG.rf.1be27d109662a1e77a1094aa22d492ef_tile_0007.jpg,correct,Crop,Crop,0.4941411316394806,0.7197521554467449
DJI_20230614084926_0143_V_JPG.rf.1be27d109662a1e77a1094aa22d492ef_tile_0008.jpg,correct,Crop,Crop,0.5716341733932495,0.841429984027452
DJI_20230614084926_0143_V_JPG.rf.1be27d109662a1e77a1094aa22d492ef_tile_0008.jpg,false_positive,background,Crop,0.6874988675117493,0.0
DJI_20230614084926_0143_V_JPG.rf.1be27d109662a1e77a1094aa22d492ef_tile_0009.jpg,correct,Weed,Weed,0.784436821937561,0.8249185504949301
DJI_20230614084926_0143_V_JPG.rf.1be27d109662a1e77a1094aa22d492ef_tile_0009.jpg,missed_crop,Crop,background,0.0,0.0
DJI_20230614084926_0143_V_JPG.rf.1be27d109662a1e77a1094aa22d492ef_tile_0013.jpg,correct,Crop,Crop,0.7181699275970459,0.7378161727364286
DJI_20230614084926_0143_V_JPG.rf.1be27d109662a1e77a1094aa22d492ef_tile_0013.jpg,correct,Crop,Crop,0.7184439301490784,0.6887524806332662
DJI_20230614084926_0143_V_JPG.rf.1be27d109662a1e77a1094aa22d492ef_tile_0014.jpg,correct,Crop,Crop,0.502654492855072,0.8825001682874519
DJI_20230614084926_0143_V_JPG.rf.1be27d109662a1e77a1094aa22d492ef_tile_0014.jpg,correct,Crop,Crop,0.6006955504417419,0.716918768966557
DJI_20230614084926_0143_V_JPG.rf.1be27d109662a1e77a1094aa22d492ef_tile_0015.jpg,correct,Crop,Crop,0.6587783694267273,0.87256267453186
DJI_20230614084926_0143_V_JPG.rf.1be27d109662a1e77a1094aa22d492ef_tile_0015.jpg,false_positive,background,Crop,0.5222482085227966,0.0
DJI_20230614084926_0143_V_JPG.rf.1be27d109662a1e77a1094aa22d492ef_tile_0016.jpg,missed_crop,Crop,background,0.0,0.0
DJI_20230614084926_0143_V_JPG.rf.1be27d109662a1e77a1094aa22d492ef_tile_0016.jpg,missed_weed,Weed,background,0.0,0.0
DJI_20230614084926_0143_V_JPG.rf.1be27d109662a1e77a1094aa22d492ef_tile_0016.jpg,missed_crop,Crop,background,0.0,0.0
DJI_20230614084926_0143_V_JPG.rf.1be27d109662a1e77a1094aa22d492ef_tile_0017.jpg,correct,Weed,Weed,0.8099455833435059,0.8298586830247773
DJI_20230614084926_0143_V_JPG.rf.1be27d109662a1e77a1094aa22d492ef_tile_0017.jpg,missed_crop,Crop,background,0.0,0.0
DJI_20230614084926_0143_V_JPG.rf.1be27d109662a1e77a1094aa22d492ef_tile_0018.jpg,correct,Crop,Crop,0.6021963357925415,0.6407832061400545
DJI_20230614084926_0143_V_JPG.rf.1be27d109662a1e77a1094aa22d492ef_tile_0019.jpg,correct,Crop,Crop,0.7143716812133789,0.8545231525808608
DJI_20230614084926_0143_V_JPG.rf.1be27d109662a1e77a1094aa22d492ef_tile_0019.jpg,correct,Crop,Crop,0.5879555940628052,0.6166242520901527
DJI_20230614084926_0143_V_JPG.rf.1be27d109662a1e77a1094aa22d492ef_tile_0020.jpg,correct,Crop,Crop,0.6787049174308777,0.6459740810900614
DJI_20230614084926_0143_V_JPG.rf.1be27d109662a1e77a1094aa22d492ef_tile_0024.jpg,correct,Crop,Crop,0.7164639234542847,0.7785360844479058
DJI_20230614084926_0143_V_JPG.rf.1be27d109662a1e77a1094aa22d492ef_tile_0024.jpg,correct,Crop,Crop,0.7241120934486389,0.7550058035841835
DJI_20230614084926_0143_V_JPG.rf.1be27d109662a1e77a1094aa22d492ef_tile_0025.jpg,correct,Crop,Crop,0.5818784832954407,0.7980848409638588
DJI_20230614084926_0143_V_JPG.rf.1be27d109662a1e77a1094aa22d492ef_tile_0025.jpg,false_positive,background,Crop,0.4585791230201721,0.0
DJI_20230614084926_0143_V_JPG.rf.1be27d109662a1e77a1094aa22d492ef_tile_0026.jpg,correct,Weed,Weed,0.7908554673194885,0.9218306238345334
DJI_20230614084926_0143_V_JPG.rf.1be27d109662a1e77a1094aa22d492ef_tile_0026.jpg,correct,Crop,Crop,0.720565140247345,0.794810223359498
DJI_20230614084926_0143_V_JPG.rf.1be27d109662a1e77a1094aa22d492ef_tile_0026.jpg,correct,Crop,Crop,0.6587051153182983,0.6824354755695164
DJI_20230614084926_0143_V_JPG.rf.1be27d109662a1e77a1094aa22d492ef_tile_0026.jpg,correct,Weed,Weed,0.5132461786270142,0.5934121342517372
DJI_20230614084926_0143_V_JPG.rf.1be27d109662a1e77a1094aa22d492ef_tile_0027.jpg,missed_crop,Crop,background,0.0,0.0
DJI_20230614084926_0143_V_JPG.rf.1be27d109662a1e77a1094aa22d492ef_tile_0027.jpg,missed_weed,Weed,background,0.0,0.0
DJI_20230614084926_0143_V_JPG.rf.1be27d109662a1e77a1094aa22d492ef_tile_0027.jpg,false_positive,background,Crop,0.5011364221572876,0.0
DJI_20230614084926_0143_V_JPG.rf.1be27d109662a1e77a1094aa22d492ef_tile_0028.jpg,correct,Weed,Weed,0.795975923538208,0.8621376559951546
DJI_20230614084926_0143_V_JPG.rf.1be27d109662a1e77a1094aa22d492ef_tile_0028.jpg,missed_weed,Weed,background,0.0,0.0
DJI_20230614084926_0143_V_JPG.rf.1be27d109662a1e77a1094aa22d492ef_tile_0028.jpg,false_positive,background,Weed,0.42858579754829407,0.0
DJI_20230614084926_0143_V_JPG.rf.1be27d109662a1e77a1094aa22d492ef_tile_0030.jpg,correct,Crop,Crop,0.5548082590103149,0.7073322623410968
DJI_20230614084926_0143_V_JPG.rf.1be27d109662a1e77a1094aa22d492ef_tile_0030.jpg,correct,Crop,Crop,0.5996099710464478,0.6160089683253327
DJI_20230614084926_0143_V_JPG.rf.1be27d109662a1e77a1094aa22d492ef_tile_0031.jpg,correct,Crop,Crop,0.6898257732391357,0.639695270262561
DJI_20230614084926_0143_V_JPG.rf.1be27d109662a1e77a1094aa22d492ef_tile_0032.jpg,correct,Crop,Crop,0.6926318407058716,0.7803133833486064
DJI_20230614084926_0143_V_JPG.rf.1be27d109662a1e77a1094aa22d492ef_tile_0032.jpg,correct,Crop,Crop,0.4795065224170685,0.5796820089725637
DJI_20230614084926_0143_V_JPG.rf.1be27d109662a1e77a1094aa22d492ef_tile_0033.jpg,correct,Crop,Crop,0.6950662732124329,0.781395019464796
DJI_20230614084926_0143_V_JPG.rf.1be27d109662a1e77a1094aa22d492ef_tile_0033.jpg,correct,Crop,Crop,0.4851408898830414,0.5802299940937886
DJI_20230614084926_0143_V_JPG.rf.1be27d109662a1e77a1094aa22d492ef_tile_0034.jpg,false_positive,background,Crop,0.5794948935508728,0.0
DJI_20230614084926_0143_V_JPG.rf.1be27d109662a1e77a1094aa22d492ef_tile_0035.jpg,correct,Crop,Crop,0.5170508027076721,0.5935565757712248
DJI_20230614084926_0143_V_JPG.rf.1be27d109662a1e77a1094aa22d492ef_tile_0035.jpg,correct,Weed,Weed,0.29988211393356323,0.5750894756193919
DJI_20230614084926_0143_V_JPG.rf.1be27d109662a1e77a1094aa22d492ef_tile_0036.jpg,correct,Crop,Crop,0.5010875463485718,0.7415531244906164
DJI_20230614084926_0143_V_JPG.rf.1be27d109662a1e77a1094aa22d492ef_tile_0036.jpg,correct,Weed,Weed,0.47058624029159546,0.7401198227142559
DJI_20230614084926_0143_V_JPG.rf.1be27d109662a1e77a1094aa22d492ef_tile_0036.jpg,correct,Crop,Crop,0.6643623113632202,0.5209876592938921
DJI_20230614084926_0143_V_JPG.rf.1be27d109662a1e77a1094aa22d492ef_tile_0036.jpg,false_positive,background,Weed,0.4331842064857483,0.0
DJI_20230614084926_0143_V_JPG.rf.1be27d109662a1e77a1094aa22d492ef_tile_0037.jpg,correct,Crop,Crop,0.7533875107765198,0.7782374445200425
DJI_20230614084926_0143_V_JPG.rf.1be27d109662a1e77a1094aa22d492ef_tile_0037.jpg,correct,Crop,Crop,0.6537180542945862,0.6700757078820105
DJI_20230614084926_0143_V_JPG.rf.1be27d109662a1e77a1094aa22d492ef_tile_0038.jpg,correct,Crop,Crop,0.25809016823768616,0.6938359937770632
DJI_20230614084926_0143_V_JPG.rf.1be27d109662a1e77a1094aa22d492ef_tile_0038.jpg,correct,Crop,Crop,0.5574305653572083,0.6938170114409338
DJI_20230614084926_0143_V_JPG.rf.1be27d109662a1e77a1094aa22d492ef_tile_0040.jpg,correct,Crop,Crop,0.6485102772712708,0.8484868488762823
DJI_20230614084926_0143_V_JPG.rf.1be27d109662a1e77a1094aa22d492ef_tile_0040.jpg,correct,Crop,Crop,0.48605918884277344,0.6876414589918438
DJI_20230614084926_0143_V_JPG.rf.1be27d109662a1e77a1094aa22d492ef_tile_0042.jpg,correct,Crop,Crop,0.5495492815971375,0.8182138742093826
DJI_20230614084926_0143_V_JPG.rf.1be27d109662a1e77a1094aa22d492ef_tile_0042.jpg,correct,Crop,Crop,0.577336311340332,0.7531863324664384
DJI_20230614084926_0143_V_JPG.rf.1be27d109662a1e77a1094aa22d492ef_tile_0042.jpg,false_positive,background,Crop,0.3077283501625061,0.0
DJI_20230614084926_0143_V_JPG.rf.1be27d109662a1e77a1094aa22d492ef_tile_0043.jpg,correct,Crop,Crop,0.55699622631073,0.7389119410266454
DJI_20230614084926_0143_V_JPG.rf.1be27d109662a1e77a1094aa22d492ef_tile_0043.jpg,correct,Crop,Crop,0.6496602296829224,0.7007228207169953
DJI_20230614084926_0143_V_JPG.rf.1be27d109662a1e77a1094aa22d492ef_tile_0044.jpg,correct,Crop,Crop,0.560723602771759,0.7379085356928053
DJI_20230614084926_0143_V_JPG.rf.1be27d109662a1e77a1094aa22d492ef_tile_0044.jpg,correct,Crop,Crop,0.6542927026748657,0.7019864383333263
DJI_20230614084926_0143_V_JPG.rf.1be27d109662a1e77a1094aa22d492ef_tile_0046.jpg,correct,Crop,Crop,0.5711239576339722,0.8106366117336148
DJI_20230614084926_0143_V_JPG.rf.1be27d109662a1e77a1094aa22d492ef_tile_0046.jpg,correct,Crop,Crop,0.40094155073165894,0.6425300598265242
DJI_20230614084926_0143_V_JPG.rf.1be27d109662a1e77a1094aa22d492ef_tile_0046.jpg,missed_weed,Weed,background,0.0,0.0
DJI_20230614084926_0143_V_JPG.rf.1be27d109662a1e77a1094aa22d492ef_tile_0046.jpg,false_positive,background,Crop,0.2550623416900635,0.0
DJI_20230614084926_0143_V_JPG.rf.1be27d109662a1e77a1094aa22d492ef_tile_0047.jpg,correct,Crop,Crop,0.6513947248458862,0.8887641087613475
DJI_20230614084926_0143_V_JPG.rf.1be27d109662a1e77a1094aa22d492ef_tile_0047.jpg,missed_crop,Crop,background,0.0,0.0
DJI_20230614084926_0143_V_JPG.rf.1be27d109662a1e77a1094aa22d492ef_tile_0047.jpg,false_positive,background,Weed,0.33392220735549927,0.0
DJI_20230614084926_0143_V_JPG.rf.1be27d109662a1e77a1094aa22d492ef_tile_0047.jpg,false_positive,background,Weed,0.28470560908317566,0.0
DJI_20230614084926_0143_V_JPG.rf.1be27d109662a1e77a1094aa22d492ef_tile_0047.jpg,false_positive,background,Crop,0.2802341878414154,0.0
DJI_20230614084926_0143_V_JPG.rf.1be27d109662a1e77a1094aa22d492ef_tile_0048.jpg,correct,Weed,Weed,0.7707171440124512,0.8615239650217335
DJI_20230614084926_0143_V_JPG.rf.1be27d109662a1e77a1094aa22d492ef_tile_0048.jpg,correct,Crop,Crop,0.6276468634605408,0.7510106640045823
DJI_20230614084926_0143_V_JPG.rf.1be27d109662a1e77a1094aa22d492ef_tile_0048.jpg,correct,Crop,Crop,0.6639869213104248,0.6455242707102647
DJI_20230614084926_0143_V_JPG.rf.1be27d109662a1e77a1094aa22d492ef_tile_0048.jpg,false_positive,background,Weed,0.33848699927330017,0.0
DJI_20230614084926_0143_V_JPG.rf.1be27d109662a1e77a1094aa22d492ef_tile_0049.jpg,correct,Crop,Crop,0.6114717125892639,0.6343632259209392
DJI_20230614084926_0143_V_JPG.rf.1be27d109662a1e77a1094aa22d492ef_tile_0051.jpg,correct,Weed,Weed,0.742289662361145,0.8514716369891667
DJI_20230614084926_0143_V_JPG.rf.1be27d109662a1e77a1094aa22d492ef_tile_0051.jpg,correct,Crop,Crop,0.5570400953292847,0.7891506733350552
DJI_20230614084926_0143_V_JPG.rf.1be27d109662a1e77a1094aa22d492ef_tile_0051.jpg,correct,Crop,Crop,0.5056454539299011,0.6791559593065984
DJI_20230614084926_0143_V_JPG.rf.1be27d109662a1e77a1094aa22d492ef_tile_0052.jpg,correct,Crop,Crop,0.6299445033073425,0.8780600295829593
DJI_20230614084926_0143_V_JPG.rf.1be27d109662a1e77a1094aa22d492ef_tile_0052.jpg,correct,Weed,Weed,0.6702035665512085,0.8146111167452807
DJI_20230614084926_0143_V_JPG.rf.1be27d109662a1e77a1094aa22d492ef_tile_0052.jpg,correct,Crop,Crop,0.5420010685920715,0.7422083703657544
DJI_20230614084926_0143_V_JPG.rf.1be27d109662a1e77a1094aa22d492ef_tile_0052.jpg,false_positive,background,Crop,0.3320083022117615,0.0
DJI_20230614084926_0143_V_JPG.rf.1be27d109662a1e77a1094aa22d492ef_tile_0054.jpg,missed_weed,Weed,background,0.0,0.0
DJI_20230614084926_0143_V_JPG.rf.1be27d109662a1e77a1094aa22d492ef_tile_0055.jpg,missed_weed,Weed,background,0.0,0.0
DJI_20230614084926_0143_V_JPG.rf.1be27d109662a1e77a1094aa22d492ef_tile_0057.jpg,correct,Crop,Crop,0.5648660659790039,0.7496151683664227
DJI_20230614084926_0143_V_JPG.rf.1be27d109662a1e77a1094aa22d492ef_tile_0057.jpg,missed_crop,Crop,background,0.0,0.0
DJI_20230614084926_0143_V_JPG.rf.1be27d109662a1e77a1094aa22d492ef_tile_0057.jpg,false_positive,background,Weed,0.3310646116733551,0.0
DJI_20230614084926_0143_V_JPG.rf.1be27d109662a1e77a1094aa22d492ef_tile_0058.jpg,correct,Weed,Weed,0.4054527282714844,0.8514327344636368
DJI_20230614084926_0143_V_JPG.rf.1be27d109662a1e77a1094aa22d492ef_tile_0058.jpg,correct,Crop,Crop,0.7354557514190674,0.6346143118788915
DJI_20230614084926_0143_V_JPG.rf.1be27d109662a1e77a1094aa22d492ef_tile_0058.jpg,missed_crop,Crop,background,0.0,0.0
DJI_20230614084926_0143_V_JPG.rf.1be27d109662a1e77a1094aa22d492ef_tile_0058.jpg,false_positive,background,Crop,0.2697213888168335,0.0
DJI_20230614084926_0143_V_JPG.rf.1be27d109662a1e77a1094aa22d492ef_tile_0059.jpg,correct,Weed,Weed,0.6795797944068909,0.8479730163471444
DJI_20230614084926_0143_V_JPG.rf.1be27d109662a1e77a1094aa22d492ef_tile_0059.jpg,correct,Weed,Weed,0.5962284207344055,0.8472155124657805
DJI_20230614084926_0143_V_JPG.rf.1be27d109662a1e77a1094aa22d492ef_tile_0059.jpg,correct,Weed,Weed,0.7413257360458374,0.794063349738167
DJI_20230614084926_0143_V_JPG.rf.1be27d109662a1e77a1094aa22d492ef_tile_0059.jpg,correct,Weed,Weed,0.7840296626091003,0.767425156860722
DJI_20230614084926_0143_V_JPG.rf.1be27d109662a1e77a1094aa22d492ef_tile_0059.jpg,correct,Crop,Crop,0.7392213940620422,0.7330235998283064
DJI_20230614084926_0143_V_JPG.rf.1be27d109662a1e77a1094aa22d492ef_tile_0059.jpg,correct,Crop,Crop,0.7229825854301453,0.7161458231509576
DJI_20230614084926_0143_V_JPG.rf.1be27d109662a1e77a1094aa22d492ef_tile_0060.jpg,correct,Weed,Weed,0.6852826476097107,0.8015443855923406
DJI_20230614084926_0143_V_JPG.rf.1be27d109662a1e77a1094aa22d492ef_tile_0061.jpg,correct,Weed,Weed,0.44792822003364563,0.9112898911245607
DJI_20230614084926_0143_V_JPG.rf.1be27d109662a1e77a1094aa22d492ef_tile_0061.jpg,correct,Weed,Weed,0.8176448941230774,0.8696831278287762
DJI_20230614084926_0143_V_JPG.rf.1be27d109662a1e77a1094aa22d492ef_tile_0061.jpg,false_positive,background,Weed,0.4823991060256958,0.0
DJI_20230614084926_0143_V_JPG.rf.1be27d109662a1e77a1094aa22d492ef_tile_0061.jpg,false_positive,background,Weed,0.44041168689727783,0.0
DJI_20230614084926_0143_V_JPG.rf.1be27d109662a1e77a1094aa22d492ef_tile_0062.jpg,correct,Weed,Weed,0.7191400527954102,0.9592696476717827
DJI_20230614084926_0143_V_JPG.rf.1be27d109662a1e77a1094aa22d492ef_tile_0062.jpg,correct,Weed,Weed,0.7514996528625488,0.8577433116950604
DJI_20230614084926_0143_V_JPG.rf.1be27d109662a1e77a1094aa22d492ef_tile_0062.jpg,correct,Crop,Crop,0.7151849269866943,0.768305009161495
DJI_20230614084926_0143_V_JPG.rf.1be27d109662a1e77a1094aa22d492ef_tile_0062.jpg,correct,Crop,Crop,0.5807138681411743,0.6507604720941823
DJI_20230614084926_0143_V_JPG.rf.1be27d109662a1e77a1094aa22d492ef_tile_0063.jpg,correct,Crop,Crop,0.6574138402938843,0.8809712567771781
DJI_20230614084926_0143_V_JPG.rf.1be27d109662a1e77a1094aa22d492ef_tile_0063.jpg,correct,Weed,Weed,0.7542189359664917,0.8757644531284946
DJI_20230614084926_0143_V_JPG.rf.1be27d109662a1e77a1094aa22d492ef_tile_0064.jpg,correct,Crop,Crop,0.7429385781288147,0.7077763045670752
DJI_20230614084926_0143_V_JPG.rf.1be27d109662a1e77a1094aa22d492ef_tile_0064.jpg,missed_crop,Crop,background,0.0,0.0
DJI_20230614084926_0143_V_JPG.rf.1be27d109662a1e77a1094aa22d492ef_tile_0064.jpg,false_positive,background,Crop,0.37682870030403137,0.0
DJI_20230614084926_0143_V_JPG.rf.1be27d109662a1e77a1094aa22d492ef_tile_0065.jpg,correct,Crop,Crop,0.7536338567733765,0.7269830552701055
DJI_20230614084926_0143_V_JPG.rf.1be27d109662a1e77a1094aa22d492ef_tile_0066.jpg,correct,Crop,Crop,0.7534539103507996,0.7273820750967959
DJI_20230614084926_0143_V_JPG.rf.1be27d109662a1e77a1094aa22d492ef_tile_0068.jpg,correct,Crop,Crop,0.6050805449485779,0.8192579383380453
DJI_20230614084926_0143_V_JPG.rf.1be27d109662a1e77a1094aa22d492ef_tile_0068.jpg,correct,Crop,Crop,0.6901217699050903,0.6108150109673467
DJI_20230614084926_0143_V_JPG.rf.1be27d109662a1e77a1094aa22d492ef_tile_0069.jpg,correct,Weed,Weed,0.4451034367084503,0.7455770676154134
DJI_20230614084926_0143_V_JPG.rf.1be27d109662a1e77a1094aa22d492ef_tile_0069.jpg,correct,Crop,Crop,0.4637961685657501,0.5457837117521683
DJI_20230614084926_0143_V_JPG.rf.1be27d109662a1e77a1094aa22d492ef_tile_0069.jpg,false_positive,background,Weed,0.4505199193954468,0.0
DJI_20230614084926_0143_V_JPG.rf.1be27d109662a1e77a1094aa22d492ef_tile_0069.jpg,false_positive,background,Crop,0.3046587109565735,0.0
DJI_20230614084926_0143_V_JPG.rf.1be27d109662a1e77a1094aa22d492ef_tile_0070.jpg,correct,Weed,Weed,0.8223572373390198,0.7867626352985242
DJI_20230614084926_0143_V_JPG.rf.1be27d109662a1e77a1094aa22d492ef_tile_0070.jpg,correct,Crop,Crop,0.7433304786682129,0.7741110013941058
DJI_20230614084926_0143_V_JPG.rf.1be27d109662a1e77a1094aa22d492ef_tile_0070.jpg,correct,Crop,Crop,0.7422370910644531,0.7432774857590111
DJI_20230614084926_0143_V_JPG.rf.1be27d109662a1e77a1094aa22d492ef_tile_0071.jpg,correct,Crop,Crop,0.5478061437606812,0.8294069915429124
DJI_20230614084926_0143_V_JPG.rf.1be27d109662a1e77a1094aa22d492ef_tile_0071.jpg,correct,Crop,Crop,0.683700442314148,0.6544836669932395
DJI_20230614084926_0143_V_JPG.rf.1be27d109662a1e77a1094aa22d492ef_tile_0071.jpg,false_positive,background,Weed,0.5286393761634827,0.0
DJI_20230614084926_0143_V_JPG.rf.1be27d109662a1e77a1094aa22d492ef_tile_0071.jpg,false_positive,background,Weed,0.26663148403167725,0.0
DJI_20230614084926_0143_V_JPG.rf.1be27d109662a1e77a1094aa22d492ef_tile_0072.jpg,correct,Weed,Weed,0.787346601486206,0.8885794196957505
DJI_20230614084926_0143_V_JPG.rf.1be27d109662a1e77a1094aa22d492ef_tile_0072.jpg,correct,Weed,Weed,0.6906445026397705,0.7859312135119993
DJI_20230614084926_0143_V_JPG.rf.1be27d109662a1e77a1094aa22d492ef_tile_0073.jpg,correct,Weed,Weed,0.7953813672065735,0.9548754361395702
DJI_20230614084926_0143_V_JPG.rf.1be27d109662a1e77a1094aa22d492ef_tile_0073.jpg,correct,Crop,Crop,0.7554596662521362,0.6925355107548032
DJI_20230614084926_0143_V_JPG.rf.1be27d109662a1e77a1094aa22d492ef_tile_0073.jpg,correct,Crop,Crop,0.5654929876327515,0.6547623259568106
DJI_20230614084926_0143_V_JPG.rf.1be27d109662a1e77a1094aa22d492ef_tile_0075.jpg,correct,Crop,Crop,0.5892255902290344,0.704228123356002
DJI_20230614084926_0143_V_JPG.rf.1be27d109662a1e77a1094aa22d492ef_tile_0075.jpg,correct,Crop,Crop,0.6388550996780396,0.5268024534574925
DJI_20230614084926_0143_V_JPG.rf.1be27d109662a1e77a1094aa22d492ef_tile_0076.jpg,correct,Crop,Crop,0.7297699451446533,0.6499355841561087
DJI_20230614084926_0143_V_JPG.rf.1be27d109662a1e77a1094aa22d492ef_tile_0077.jpg,correct,Crop,Crop,0.7317424416542053,0.6499917179944792
DJI_20230614084926_0143_V_JPG.rf.1be27d109662a1e77a1094aa22d492ef_tile_0079.jpg,correct,Crop,Crop,0.7419649958610535,0.8539286825109972
DJI_20230614084926_0143_V_JPG.rf.1be27d109662a1e77a1094aa22d492ef_tile_0079.jpg,correct,Crop,Crop,0.7110865712165833,0.6395681690131912
DJI_20230614084926_0143_V_JPG.rf.1be27d109662a1e77a1094aa22d492ef_tile_0079.jpg,correct,Weed,Weed,0.3330593407154083,0.5288491254279732
DJI_20230614084926_0143_V_JPG.rf.1be27d109662a1e77a1094aa22d492ef_tile_0080.jpg,correct,Crop,Crop,0.6595098376274109,0.6971134036963231
DJI_20230614084926_0143_V_JPG.rf.1be27d109662a1e77a1094aa22d492ef_tile_0080.jpg,false_positive,background,Crop,0.297440767288208,0.0
DJI_20230614084926_0143_V_JPG.rf.1be27d109662a1e77a1094aa22d492ef_tile_0081.jpg,correct,Crop,Crop,0.5896104574203491,0.6932616537114589
DJI_20230614084926_0143_V_JPG.rf.1be27d109662a1e77a1094aa22d492ef_tile_0081.jpg,correct,Crop,Crop,0.5362440943717957,0.583526903498342
DJI_20230614084926_0143_V_JPG.rf.1be27d109662a1e77a1094aa22d492ef_tile_0082.jpg,correct,Crop,Crop,0.6873095035552979,0.7911373773684288
DJI_20230614084926_0143_V_JPG.rf.1be27d109662a1e77a1094aa22d492ef_tile_0082.jpg,correct,Crop,Crop,0.6218336224555969,0.7089041193529444
DJI_20230614084926_0143_V_JPG.rf.1be27d109662a1e77a1094aa22d492ef_tile_0082.jpg,missed_crop,Crop,background,0.0,0.0
DJI_20230614084926_0143_V_JPG.rf.1be27d109662a1e77a1094aa22d492ef_tile_0084.jpg,correct,Crop,Crop,0.7372669577598572,0.6636364041465249
DJI_20230614084926_0143_V_JPG.rf.1be27d109662a1e77a1094aa22d492ef_tile_0084.jpg,correct,Crop,Crop,0.6581888198852539,0.596287237725042
DJI_20230614084926_0143_V_JPG.rf.1be27d109662a1e77a1094aa22d492ef_tile_0085.jpg,correct,Crop,Crop,0.7660102844238281,0.7655698916136404
DJI_20230614084926_0143_V_JPG.rf.1be27d109662a1e77a1094aa22d492ef_tile_0086.jpg,correct,Crop,Crop,0.6689522862434387,0.7428100282990768
DJI_20230614084926_0143_V_JPG.rf.1be27d109662a1e77a1094aa22d492ef_tile_0086.jpg,correct,Crop,Crop,0.549748957157135,0.7144934342757256
DJI_20230614084926_0143_V_JPG.rf.1be27d109662a1e77a1094aa22d492ef_tile_0086.jpg,correct,Weed,Weed,0.7170923352241516,0.6443485045231137
DJI_20230614084926_0143_V_JPG.rf.1be27d109662a1e77a1094aa22d492ef_tile_0087.jpg,correct,Weed,Weed,0.6902527213096619,0.653591257515263
DJI_20230614084926_0143_V_JPG.rf.1be27d109662a1e77a1094aa22d492ef_tile_0087.jpg,correct,Crop,Crop,0.7181320786476135,0.6161914957617712
DJI_20230614084926_0143_V_JPG.rf.1be27d109662a1e77a1094aa22d492ef_tile_0088.jpg,correct,Weed,Weed,0.6666314005851746,0.7476717781512234
DJI_20230614084926_0143_V_JPG.rf.1be27d109662a1e77a1094aa22d492ef_tile_0088.jpg,correct,Crop,Crop,0.7155952453613281,0.6177304017987482
DJI_20230614084926_0143_V_JPG.rf.1be27d109662a1e77a1094aa22d492ef_tile_0089.jpg,false_positive,background,Weed,0.4471372663974762,0.0
DJI_20230614084926_0143_V_JPG.rf.1be27d109662a1e77a1094aa22d492ef_tile_0090.jpg,correct,Crop,Crop,0.5299524068832397,0.6018125542046815
DJI_20230614084926_0143_V_JPG.rf.1be27d109662a1e77a1094aa22d492ef_tile_0090.jpg,correct,Crop,Crop,0.5022764205932617,0.5200093156745561
DJI_20230614084926_0143_V_JPG.rf.1be27d109662a1e77a1094aa22d492ef_tile_0090.jpg,false_positive,background,Crop,0.33782660961151123,0.0
DJI_20230614084926_0143_V_JPG.rf.1be27d109662a1e77a1094aa22d492ef_tile_0091.jpg,correct,Crop,Crop,0.6314012408256531,0.7078455166547967
DJI_20230614084926_0143_V_JPG.rf.1be27d109662a1e77a1094aa22d492ef_tile_0092.jpg,correct,Crop,Crop,0.583548367023468,0.5869241056363653
DJI_20230614084926_0143_V_JPG.rf.1be27d109662a1e77a1094aa22d492ef_tile_0092.jpg,missed_crop,Crop,background,0.0,0.0
DJI_20230614084926_0143_V_JPG.rf.1be27d109662a1e77a1094aa22d492ef_tile_0092.jpg,false_positive,background,Crop,0.620481014251709,0.0
DJI_20230614084926_0143_V_JPG.rf.1be27d109662a1e77a1094aa22d492ef_tile_0095.jpg,correct,Crop,Crop,0.6359813809394836,0.5851246750939564
DJI_20230614084926_0143_V_JPG.rf.1be27d109662a1e77a1094aa22d492ef_tile_0096.jpg,correct,Crop,Crop,0.5331526398658752,0.7964755540409875
DJI_20230614084926_0143_V_JPG.rf.1be27d109662a1e77a1094aa22d492ef_tile_0096.jpg,correct,Crop,Crop,0.6886945962905884,0.7336705478407323
DJI_20230614084926_0143_V_JPG.rf.1be27d109662a1e77a1094aa22d492ef_tile_0096.jpg,false_positive,background,Crop,0.5280609726905823,0.0
DJI_20230614084926_0143_V_JPG.rf.1be27d109662a1e77a1094aa22d492ef_tile_0097.jpg,correct,Crop,Crop,0.6004002690315247,0.8316002730956606
DJI_20230614084926_0143_V_JPG.rf.1be27d109662a1e77a1094aa22d492ef_tile_0097.jpg,correct,Crop,Crop,0.5060390830039978,0.7244199471780681
DJI_20230614084926_0143_V_JPG.rf.1be27d109662a1e77a1094aa22d492ef_tile_0097.jpg,false_positive,background,Crop,0.4334217607975006,0.0
DJI_20230614084926_0143_V_JPG.rf.1be27d109662a1e77a1094aa22d492ef_tile_0098.jpg,correct,Crop,Crop,0.5380645990371704,0.7246816127529927
DJI_20230614084926_0143_V_JPG.rf.1be27d109662a1e77a1094aa22d492ef_tile_0099.jpg,correct,Crop,Crop,0.5422145128250122,0.7260292828157567
DJI_20230614084926_0143_V_JPG.rf.1be27d109662a1e77a1094aa22d492ef_tile_0101.jpg,correct,Crop,Crop,0.31390079855918884,0.8695753289219402
DJI_20230614084926_0143_V_JPG.rf.1be27d109662a1e77a1094aa22d492ef_tile_0101.jpg,correct,Crop,Crop,0.6754757761955261,0.7117921451169825
DJI_20230614084926_0143_V_JPG.rf.1be27d109662a1e77a1094aa22d492ef_tile_0102.jpg,correct,Crop,Crop,0.63104647397995,0.6702000617965151
DJI_20230614084926_0143_V_JPG.rf.1be27d109662a1e77a1094aa22d492ef_tile_0103.jpg,correct,Crop,Crop,0.5807201266288757,0.8264662693239161
DJI_20230614084926_0143_V_JPG.rf.1be27d109662a1e77a1094aa22d492ef_tile_0103.jpg,false_positive,background,Crop,0.29339805245399475,0.0
DJI_20230614084926_0143_V_JPG.rf.1be27d109662a1e77a1094aa22d492ef_tile_0104.jpg,correct,Crop,Crop,0.7179698944091797,0.7123929251619177
DJI_20230614084926_0143_V_JPG.rf.1be27d109662a1e77a1094aa22d492ef_tile_0106.jpg,correct,Crop,Crop,0.6609503030776978,0.6575728955943067
DJI_20230614084926_0143_V_JPG.rf.1be27d109662a1e77a1094aa22d492ef_tile_0107.jpg,correct,Crop,Crop,0.5989001989364624,0.8789392593714827
DJI_20230614084926_0143_V_JPG.rf.1be27d109662a1e77a1094aa22d492ef_tile_0107.jpg,correct,Crop,Crop,0.6847413778305054,0.80968919175872
DJI_20230614084926_0143_V_JPG.rf.1be27d109662a1e77a1094aa22d492ef_tile_0108.jpg,correct,Crop,Crop,0.6793591976165771,0.7577794385563448
DJI_20230614084926_0143_V_JPG.rf.1be27d109662a1e77a1094aa22d492ef_tile_0108.jpg,correct,Crop,Crop,0.6273961663246155,0.745964432512797
DJI_20230614084926_0143_V_JPG.rf.1be27d109662a1e77a1094aa22d492ef_tile_0112.jpg,correct,Crop,Crop,0.33504417538642883,0.8092715068425963
DJI_20230614084926_0143_V_JPG.rf.1be27d109662a1e77a1094aa22d492ef_tile_0112.jpg,correct,Crop,Crop,0.6559843420982361,0.7294303062607014
DJI_20230614084926_0143_V_JPG.rf.1be27d109662a1e77a1094aa22d492ef_tile_0113.jpg,correct,Crop,Crop,0.638427197933197,0.649617613940666
DJI_20230614084926_0143_V_JPG.rf.1be27d109662a1e77a1094aa22d492ef_tile_0114.jpg,correct,Crop,Crop,0.6469574570655823,0.8188499028255128
DJI_20230614084926_0143_V_JPG.rf.1be27d109662a1e77a1094aa22d492ef_tile_0114.jpg,false_positive,background,Crop,0.28529688715934753,0.0
DJI_20230614084926_0143_V_JPG.rf.1be27d109662a1e77a1094aa22d492ef_tile_0115.jpg,correct,Crop,Crop,0.6423987746238708,0.721523972165616
DJI_20230614084926_0143_V_JPG.rf.1be27d109662a1e77a1094aa22d492ef_tile_0117.jpg,correct,Crop,Crop,0.6729180216789246,0.6722335410957939
DJI_20230614084926_0143_V_JPG.rf.1be27d109662a1e77a1094aa22d492ef_tile_0118.jpg,correct,Crop,Crop,0.6058769226074219,0.8626575105994143
DJI_20230614084926_0143_V_JPG.rf.1be27d109662a1e77a1094aa22d492ef_tile_0118.jpg,false_positive,background,Crop,0.5206694602966309,0.0
DJI_20230614084926_0143_V_JPG.rf.1be27d109662a1e77a1094aa22d492ef_tile_0119.jpg,correct,Crop,Crop,0.6187983155250549,0.7589538609264345
DJI_20230614084926_0143_V_JPG.rf.1be27d109662a1e77a1094aa22d492ef_tile_0119.jpg,correct,Crop,Crop,0.7120067477226257,0.6779892611248088
DJI_20230614084926_0143_V_JPG.rf.1be27d109662a1e77a1094aa22d492ef_tile_0119.jpg,false_positive,background,Crop,0.2893235683441162,0.0
DJI_20230614084928_0144_V_JPG.rf.4522946feda1cc10f652cad0b006bf01_tile_0002.jpg,correct,Crop,Crop,0.691474974155426,0.8517593946524318
DJI_20230614084928_0144_V_JPG.rf.4522946feda1cc10f652cad0b006bf01_tile_0002.jpg,false_positive,background,Crop,0.3785611689090729,0.0
DJI_20230614084928_0144_V_JPG.rf.4522946feda1cc10f652cad0b006bf01_tile_0003.jpg,correct,Crop,Crop,0.7234560251235962,0.8543192069977327
DJI_20230614084928_0144_V_JPG.rf.4522946feda1cc10f652cad0b006bf01_tile_0004.jpg,weed_as_crop,Weed,Crop,0.3659970164299011,0.8492309028703122
DJI_20230614084928_0144_V_JPG.rf.4522946feda1cc10f652cad0b006bf01_tile_0004.jpg,missed_crop,Crop,background,0.0,0.0
DJI_20230614084928_0144_V_JPG.rf.4522946feda1cc10f652cad0b006bf01_tile_0004.jpg,false_positive,background,Weed,0.28903746604919434,0.0
DJI_20230614084928_0144_V_JPG.rf.4522946feda1cc10f652cad0b006bf01_tile_0005.jpg,correct,Crop,Crop,0.2643286883831024,0.7809563563016845
DJI_20230614084928_0144_V_JPG.rf.4522946feda1cc10f652cad0b006bf01_tile_0005.jpg,false_positive,background,Crop,0.45152002573013306,0.0
DJI_20230614084928_0144_V_JPG.rf.4522946feda1cc10f652cad0b006bf01_tile_0005.jpg,false_positive,background,Crop,0.3769150376319885,0.0
DJI_20230614084928_0144_V_JPG.rf.4522946feda1cc10f652cad0b006bf01_tile_0007.jpg,correct,Crop,Crop,0.7540557384490967,0.9692460509689205
DJI_20230614084928_0144_V_JPG.rf.4522946feda1cc10f652cad0b006bf01_tile_0007.jpg,correct,Crop,Crop,0.6951261162757874,0.7278810575435848
DJI_20230614084928_0144_V_JPG.rf.4522946feda1cc10f652cad0b006bf01_tile_0013.jpg,correct,Crop,Crop,0.726073682308197,0.7582295250190982
DJI_20230614084928_0144_V_JPG.rf.4522946feda1cc10f652cad0b006bf01_tile_0013.jpg,correct,Crop,Crop,0.5128781795501709,0.7057291621267264
DJI_20230614084928_0144_V_JPG.rf.4522946feda1cc10f652cad0b006bf01_tile_0014.jpg,correct,Crop,Crop,0.49582526087760925,0.884183571637757
DJI_20230614084928_0144_V_JPG.rf.4522946feda1cc10f652cad0b006bf01_tile_0014.jpg,correct,Crop,Crop,0.727806031703949,0.8554438099666828
DJI_20230614084928_0144_V_JPG.rf.4522946feda1cc10f652cad0b006bf01_tile_0014.jpg,false_positive,background,Crop,0.30424511432647705,0.0
DJI_20230614084928_0144_V_JPG.rf.4522946feda1cc10f652cad0b006bf01_tile_0015.jpg,correct,Crop,Crop,0.45485496520996094,0.8340447916805377
DJI_20230614084928_0144_V_JPG.rf.4522946feda1cc10f652cad0b006bf01_tile_0015.jpg,correct,Crop,Crop,0.6761648654937744,0.8317488606561672
DJI_20230614084928_0144_V_JPG.rf.4522946feda1cc10f652cad0b006bf01_tile_0016.jpg,missed_crop,Crop,background,0.0,0.0
DJI_20230614084928_0144_V_JPG.rf.4522946feda1cc10f652cad0b006bf01_tile_0016.jpg,missed_crop,Crop,background,0.0,0.0
DJI_20230614084928_0144_V_JPG.rf.4522946feda1cc10f652cad0b006bf01_tile_0016.jpg,false_positive,background,Crop,0.38201335072517395,0.0
DJI_20230614084928_0144_V_JPG.rf.4522946feda1cc10f652cad0b006bf01_tile_0018.jpg,correct,Crop,Crop,0.7243383526802063,0.9490165075330281
DJI_20230614084928_0144_V_JPG.rf.4522946feda1cc10f652cad0b006bf01_tile_0018.jpg,correct,Crop,Crop,0.6067428588867188,0.806576150504464
DJI_20230614084928_0144_V_JPG.rf.4522946feda1cc10f652cad0b006bf01_tile_0019.jpg,correct,Crop,Crop,0.6852994561195374,0.860523107635746
DJI_20230614084928_0144_V_JPG.rf.4522946feda1cc10f652cad0b006bf01_tile_0020.jpg,correct,Crop,Crop,0.7534857988357544,0.7031844680724663
DJI_20230614084928_0144_V_JPG.rf.4522946feda1cc10f652cad0b006bf01_tile_0021.jpg,correct,Crop,Crop,0.42533913254737854,0.6083976509592258
DJI_20230614084928_0144_V_JPG.rf.4522946feda1cc10f652cad0b006bf01_tile_0021.jpg,false_positive,background,Crop,0.26985299587249756,0.0
DJI_20230614084928_0144_V_JPG.rf.4522946feda1cc10f652cad0b006bf01_tile_0022.jpg,correct,Crop,Crop,0.42200616002082825,0.6082302788788093
DJI_20230614084928_0144_V_JPG.rf.4522946feda1cc10f652cad0b006bf01_tile_0022.jpg,false_positive,background,Crop,0.27584969997406006,0.0
DJI_20230614084928_0144_V_JPG.rf.4522946feda1cc10f652cad0b006bf01_tile_0023.jpg,correct,Weed,Weed,0.3522048592567444,0.8207825670486241
DJI_20230614084928_0144_V_JPG.rf.4522946feda1cc10f652cad0b006bf01_tile_0024.jpg,correct,Crop,Crop,0.5134569406509399,0.7013671250061939
DJI_20230614084928_0144_V_JPG.rf.4522946feda1cc10f652cad0b006bf01_tile_0024.jpg,correct,Crop,Crop,0.35051941871643066,0.6118731785908817
DJI_20230614084928_0144_V_JPG.rf.4522946feda1cc10f652cad0b006bf01_tile_0024.jpg,missed_weed,Weed,background,0.0,0.0
DJI_20230614084928_0144_V_JPG.rf.4522946feda1cc10f652cad0b006bf01_tile_0025.jpg,correct,Crop,Crop,0.5099375247955322,0.6117055641157312
DJI_20230614084928_0144_V_JPG.rf.4522946feda1cc10f652cad0b006bf01_tile_0026.jpg,correct,Crop,Crop,0.3127337098121643,0.6566818471929847
DJI_20230614084928_0144_V_JPG.rf.4522946feda1cc10f652cad0b006bf01_tile_0026.jpg,correct,Crop,Crop,0.66457599401474,0.5313640967363096
DJI_20230614084928_0144_V_JPG.rf.4522946feda1cc10f652cad0b006bf01_tile_0027.jpg,correct,Crop,Crop,0.5936499834060669,0.8874343111415212
DJI_20230614084928_0144_V_JPG.rf.4522946feda1cc10f652cad0b006bf01_tile_0027.jpg,correct,Weed,Weed,0.30390891432762146,0.8576985068014918
DJI_20230614084928_0144_V_JPG.rf.4522946feda1cc10f652cad0b006bf01_tile_0027.jpg,correct,Crop,Crop,0.3891461193561554,0.814851018406589
DJI_20230614084928_0144_V_JPG.rf.4522946feda1cc10f652cad0b006bf01_tile_0027.jpg,false_positive,background,Weed,0.4129028916358948,0.0
DJI_20230614084928_0144_V_JPG.rf.4522946feda1cc10f652cad0b006bf01_tile_0027.jpg,false_positive,background,Weed,0.3564402163028717,0.0
DJI_20230614084928_0144_V_JPG.rf.4522946feda1cc10f652cad0b006bf01_tile_0029.jpg,correct,Crop,Crop,0.6081991195678711,0.8972781166468388
DJI_20230614084928_0144_V_JPG.rf.4522946feda1cc10f652cad0b006bf01_tile_0029.jpg,correct,Crop,Crop,0.48690953850746155,0.7837430939051627
DJI_20230614084928_0144_V_JPG.rf.4522946feda1cc10f652cad0b006bf01_tile_0030.jpg,correct,Crop,Crop,0.707647979259491,0.9105552503309797
DJI_20230614084928_0144_V_JPG.rf.4522946feda1cc10f652cad0b006bf01_tile_0030.jpg,missed_crop,Crop,background,0.0,0.0
DJI_20230614084928_0144_V_JPG.rf.4522946feda1cc10f652cad0b006bf01_tile_0030.jpg,false_positive,background,Crop,0.4025843143463135,0.0
DJI_20230614084928_0144_V_JPG.rf.4522946feda1cc10f652cad0b006bf01_tile_0031.jpg,correct,Crop,Crop,0.5859998464584351,0.7417315746653593
DJI_20230614084928_0144_V_JPG.rf.4522946feda1cc10f652cad0b006bf01_tile_0032.jpg,correct,Crop,Crop,0.5109652280807495,0.6249993160926295
DJI_20230614084928_0144_V_JPG.rf.4522946feda1cc10f652cad0b006bf01_tile_0033.jpg,correct,Crop,Crop,0.5125494003295898,0.6255684285548212
DJI_20230614084928_0144_V_JPG.rf.4522946feda1cc10f652cad0b006bf01_tile_0035.jpg,correct,Crop,Crop,0.6365689039230347,0.759153663004523
DJI_20230614084928_0144_V_JPG.rf.4522946feda1cc10f652cad0b006bf01_tile_0036.jpg,correct,Crop,Crop,0.3799367845058441,0.5363410493482599
DJI_20230614084928_0144_V_JPG.rf.4522946feda1cc10f652cad0b006bf01_tile_0037.jpg,correct,Crop,Crop,0.6513373255729675,0.5424655953801978
DJI_20230614084928_0144_V_JPG.rf.4522946feda1cc10f652cad0b006bf01_tile_0038.jpg,correct,Crop,Crop,0.5935972332954407,0.8506498155709576
DJI_20230614084928_0144_V_JPG.rf.4522946feda1cc10f652cad0b006bf01_tile_0038.jpg,correct,Crop,Crop,0.26745691895484924,0.5786462731757778
DJI_20230614084928_0144_V_JPG.rf.4522946feda1cc10f652cad0b006bf01_tile_0040.jpg,correct,Crop,Crop,0.5390005111694336,0.8814415960187801
DJI_20230614084928_0144_V_JPG.rf.4522946feda1cc10f652cad0b006bf01_tile_0040.jpg,correct,Crop,Crop,0.5677238702774048,0.7293635831322598
DJI_20230614084928_0144_V_JPG.rf.4522946feda1cc10f652cad0b006bf01_tile_0041.jpg,correct,Crop,Crop,0.7407313585281372,0.9057421992419797
DJI_20230614084928_0144_V_JPG.rf.4522946feda1cc10f652cad0b006bf01_tile_0042.jpg,correct,Weed,Weed,0.36926376819610596,0.8447750110005695
DJI_20230614084928_0144_V_JPG.rf.4522946feda1cc10f652cad0b006bf01_tile_0043.jpg,correct,Crop,Crop,0.5669903755187988,0.5932699547529037
DJI_20230614084928_0144_V_JPG.rf.4522946feda1cc10f652cad0b006bf01_tile_0044.jpg,correct,Crop,Crop,0.5605282783508301,0.5958637845783521
DJI_20230614084928_0144_V_JPG.rf.4522946feda1cc10f652cad0b006bf01_tile_0046.jpg,correct,Crop,Crop,0.7556791305541992,0.8599654464921692
DJI_20230614084928_0144_V_JPG.rf.4522946feda1cc10f652cad0b006bf01_tile_0046.jpg,correct,Crop,Crop,0.4955179691314697,0.7742410831499643
DJI_20230614084928_0144_V_JPG.rf.4522946feda1cc10f652cad0b006bf01_tile_0046.jpg,false_positive,background,Crop,0.3973376750946045,0.0
DJI_20230614084928_0144_V_JPG.rf.4522946feda1cc10f652cad0b006bf01_tile_0047.jpg,correct,Crop,Crop,0.5575121641159058,0.9031544371961555
DJI_20230614084928_0144_V_JPG.rf.4522946feda1cc10f652cad0b006bf01_tile_0047.jpg,correct,Crop,Crop,0.6874140501022339,0.7487537070694481
DJI_20230614084928_0144_V_JPG.rf.4522946feda1cc10f652cad0b006bf01_tile_0048.jpg,correct,Crop,Crop,0.5980826616287231,0.8400673835977531
DJI_20230614084928_0144_V_JPG.rf.4522946feda1cc10f652cad0b006bf01_tile_0048.jpg,correct,Crop,Crop,0.7357979416847229,0.6378849132873134
DJI_20230614084928_0144_V_JPG.rf.4522946feda1cc10f652cad0b006bf01_tile_0049.jpg,missed_crop,Crop,background,0.0,0.0
DJI_20230614084928_0144_V_JPG.rf.4522946feda1cc10f652cad0b006bf01_tile_0050.jpg,correct,Weed,Weed,0.47273150086402893,0.8794436587083644
DJI_20230614084928_0144_V_JPG.rf.4522946feda1cc10f652cad0b006bf01_tile_0050.jpg,false_positive,background,Weed,0.32526692748069763,0.0
DJI_20230614084928_0144_V_JPG.rf.4522946feda1cc10f652cad0b006bf01_tile_0051.jpg,correct,Weed,Weed,0.7783008217811584,0.9184522842975971
DJI_20230614084928_0144_V_JPG.rf.4522946feda1cc10f652cad0b006bf01_tile_0051.jpg,correct,Crop,Crop,0.7815908789634705,0.9135568720248427
DJI_20230614084928_0144_V_JPG.rf.4522946feda1cc10f652cad0b006bf01_tile_0051.jpg,correct,Crop,Crop,0.5624609589576721,0.8784718945810347
DJI_20230614084928_0144_V_JPG.rf.4522946feda1cc10f652cad0b006bf01_tile_0052.jpg,correct,Crop,Crop,0.5152487754821777,0.7962394163521309
DJI_20230614084928_0144_V_JPG.rf.4522946feda1cc10f652cad0b006bf01_tile_0052.jpg,correct,Crop,Crop,0.6671830415725708,0.7721154823938291
DJI_20230614084928_0144_V_JPG.rf.4522946feda1cc10f652cad0b006bf01_tile_0053.jpg,correct,Crop,Crop,0.6494492292404175,0.7531055919287922
DJI_20230614084928_0144_V_JPG.rf.4522946feda1cc10f652cad0b006bf01_tile_0053.jpg,missed_weed,Weed,background,0.0,0.0
DJI_20230614084928_0144_V_JPG.rf.4522946feda1cc10f652cad0b006bf01_tile_0054.jpg,correct,Crop,Crop,0.5934498310089111,0.6012228880215847
DJI_20230614084928_0144_V_JPG.rf.4522946feda1cc10f652cad0b006bf01_tile_0054.jpg,false_positive,background,Crop,0.3256736099720001,0.0
DJI_20230614084928_0144_V_JPG.rf.4522946feda1cc10f652cad0b006bf01_tile_0055.jpg,correct,Crop,Crop,0.5926468372344971,0.6022802204443681
DJI_20230614084928_0144_V_JPG.rf.4522946feda1cc10f652cad0b006bf01_tile_0055.jpg,false_positive,background,Crop,0.3071383833885193,0.0
DJI_20230614084928_0144_V_JPG.rf.4522946feda1cc10f652cad0b006bf01_tile_0057.jpg,correct,Crop,Crop,0.733104944229126,0.8906109738777673
DJI_20230614084928_0144_V_JPG.rf.4522946feda1cc10f652cad0b006bf01_tile_0059.jpg,correct,Crop,Crop,0.5784856081008911,0.7424709279392344
DJI_20230614084928_0144_V_JPG.rf.4522946feda1cc10f652cad0b006bf01_tile_0059.jpg,correct,Crop,Crop,0.27718648314476013,0.6827810477791648
DJI_20230614084928_0144_V_JPG.rf.4522946feda1cc10f652cad0b006bf01_tile_0060.jpg,correct,Crop,Crop,0.4672522246837616,0.9158467711929947
DJI_20230614084928_0144_V_JPG.rf.4522946feda1cc10f652cad0b006bf01_tile_0060.jpg,correct,Crop,Crop,0.6243047118186951,0.786116122075422
DJI_20230614084928_0144_V_JPG.rf.4522946feda1cc10f652cad0b006bf01_tile_0063.jpg,correct,Crop,Crop,0.6832566261291504,0.8447956554748426
DJI_20230614084928_0144_V_JPG.rf.4522946feda1cc10f652cad0b006bf01_tile_0063.jpg,correct,Crop,Crop,0.5757933855056763,0.7599049465193889
DJI_20230614084928_0144_V_JPG.rf.4522946feda1cc10f652cad0b006bf01_tile_0064.jpg,correct,Crop,Crop,0.6786344647407532,0.8157686398583411
DJI_20230614084928_0144_V_JPG.rf.4522946feda1cc10f652cad0b006bf01_tile_0064.jpg,correct,Crop,Crop,0.6400186419487,0.7973380021947368
DJI_20230614084928_0144_V_JPG.rf.4522946feda1cc10f652cad0b006bf01_tile_0068.jpg,correct,Crop,Crop,0.6783801913261414,0.7362351347266419
DJI_20230614084928_0144_V_JPG.rf.4522946feda1cc10f652cad0b006bf01_tile_0069.jpg,correct,Crop,Crop,0.7328717708587646,0.7767660514062592
DJI_20230614084928_0144_V_JPG.rf.4522946feda1cc10f652cad0b006bf01_tile_0069.jpg,correct,Crop,Crop,0.44938626885414124,0.5173832209970661
DJI_20230614084928_0144_V_JPG.rf.4522946feda1cc10f652cad0b006bf01_tile_0070.jpg,missed_crop,Crop,background,0.0,0.0
DJI_20230614084928_0144_V_JPG.rf.4522946feda1cc10f652cad0b006bf01_tile_0070.jpg,missed_crop,Crop,background,0.0,0.0
DJI_20230614084928_0144_V_JPG.rf.4522946feda1cc10f652cad0b006bf01_tile_0070.jpg,false_positive,background,Crop,0.4428083896636963,0.0
DJI_20230614084928_0144_V_JPG.rf.4522946feda1cc10f652cad0b006bf01_tile_0070.jpg,false_positive,background,Crop,0.3971937894821167,0.0
DJI_20230614084928_0144_V_JPG.rf.4522946feda1cc10f652cad0b006bf01_tile_0073.jpg,correct,Crop,Crop,0.7207165956497192,0.8675799463481102
DJI_20230614084928_0144_V_JPG.rf.4522946feda1cc10f652cad0b006bf01_tile_0073.jpg,correct,Crop,Crop,0.3527746796607971,0.7687850672451251
DJI_20230614084928_0144_V_JPG.rf.4522946feda1cc10f652cad0b006bf01_tile_0074.jpg,correct,Weed,Weed,0.7258002758026123,0.6421007973795598
DJI_20230614084928_0144_V_JPG.rf.4522946feda1cc10f652cad0b006bf01_tile_0074.jpg,missed_weed,Weed,background,0.0,0.0
DJI_20230614084928_0144_V_JPG.rf.4522946feda1cc10f652cad0b006bf01_tile_0074.jpg,missed_crop,Crop,background,0.0,0.0
DJI_20230614084928_0144_V_JPG.rf.4522946feda1cc10f652cad0b006bf01_tile_0074.jpg,missed_crop,Crop,background,0.0,0.0
DJI_20230614084928_0144_V_JPG.rf.4522946feda1cc10f652cad0b006bf01_tile_0074.jpg,false_positive,background,Crop,0.4143764078617096,0.0
DJI_20230614084928_0144_V_JPG.rf.4522946feda1cc10f652cad0b006bf01_tile_0074.jpg,false_positive,background,Crop,0.2699659466743469,0.0
DJI_20230614084928_0144_V_JPG.rf.4522946feda1cc10f652cad0b006bf01_tile_0075.jpg,correct,Crop,Crop,0.706122100353241,0.842359017809498
DJI_20230614084928_0144_V_JPG.rf.4522946feda1cc10f652cad0b006bf01_tile_0075.jpg,missed_crop,Crop,background,0.0,0.0
DJI_20230614084928_0144_V_JPG.rf.4522946feda1cc10f652cad0b006bf01_tile_0076.jpg,missed_crop,Crop,background,0.0,0.0
DJI_20230614084928_0144_V_JPG.rf.4522946feda1cc10f652cad0b006bf01_tile_0076.jpg,false_positive,background,Crop,0.37662947177886963,0.0
DJI_20230614084928_0144_V_JPG.rf.4522946feda1cc10f652cad0b006bf01_tile_0077.jpg,correct,Crop,Crop,0.27826598286628723,0.709343386687348
DJI_20230614084928_0144_V_JPG.rf.4522946feda1cc10f652cad0b006bf01_tile_0077.jpg,false_positive,background,Crop,0.36414578557014465,0.0
DJI_20230614084928_0144_V_JPG.rf.4522946feda1cc10f652cad0b006bf01_tile_0079.jpg,correct,Crop,Crop,0.4433683454990387,0.8764591563865572
DJI_20230614084928_0144_V_JPG.rf.4522946feda1cc10f652cad0b006bf01_tile_0079.jpg,correct,Crop,Crop,0.7675942778587341,0.7538765506501564
DJI_20230614084928_0144_V_JPG.rf.4522946feda1cc10f652cad0b006bf01_tile_0080.jpg,correct,Crop,Crop,0.5510331392288208,0.6797758923172115
DJI_20230614084928_0144_V_JPG.rf.4522946feda1cc10f652cad0b006bf01_tile_0081.jpg,correct,Crop,Crop,0.5138517022132874,0.7685938326865953
DJI_20230614084928_0144_V_JPG.rf.4522946feda1cc10f652cad0b006bf01_tile_0082.jpg,correct,Weed,Weed,0.4553024470806122,0.9478524471059835
DJI_20230614084928_0144_V_JPG.rf.4522946feda1cc10f652cad0b006bf01_tile_0082.jpg,correct,Crop,Crop,0.6814162731170654,0.7275027529432988
DJI_20230614084928_0144_V_JPG.rf.4522946feda1cc10f652cad0b006bf01_tile_0082.jpg,missed_crop,Crop,background,0.0,0.0
DJI_20230614084928_0144_V_JPG.rf.4522946feda1cc10f652cad0b006bf01_tile_0083.jpg,correct,Weed,Weed,0.424459308385849,0.9189528624824262
DJI_20230614084928_0144_V_JPG.rf.4522946feda1cc10f652cad0b006bf01_tile_0084.jpg,correct,Crop,Crop,0.5519289374351501,0.9128283607406051
DJI_20230614084928_0144_V_JPG.rf.4522946feda1cc10f652cad0b006bf01_tile_0084.jpg,correct,Crop,Crop,0.7188673615455627,0.8435889547814931
DJI_20230614084928_0144_V_JPG.rf.4522946feda1cc10f652cad0b006bf01_tile_0085.jpg,correct,Crop,Crop,0.3754200041294098,0.6897322884144114
DJI_20230614084928_0144_V_JPG.rf.4522946feda1cc10f652cad0b006bf01_tile_0085.jpg,missed_crop,Crop,background,0.0,0.0
DJI_20230614084928_0144_V_JPG.rf.4522946feda1cc10f652cad0b006bf01_tile_0085.jpg,missed_crop,Crop,background,0.0,0.0
DJI_20230614084928_0144_V_JPG.rf.4522946feda1cc10f652cad0b006bf01_tile_0085.jpg,false_positive,background,Crop,0.5762524008750916,0.0
DJI_20230614084928_0144_V_JPG.rf.4522946feda1cc10f652cad0b006bf01_tile_0085.jpg,false_positive,background,Crop,0.4282095432281494,0.0
DJI_20230614084928_0144_V_JPG.rf.4522946feda1cc10f652cad0b006bf01_tile_0086.jpg,correct,Crop,Crop,0.6628066897392273,0.6317053419304961
DJI_20230614084928_0144_V_JPG.rf.4522946feda1cc10f652cad0b006bf01_tile_0090.jpg,correct,Crop,Crop,0.5455138683319092,0.8253691226167296
DJI_20230614084928_0144_V_JPG.rf.4522946feda1cc10f652cad0b006bf01_tile_0090.jpg,correct,Crop,Crop,0.3791545629501343,0.774063641996078
DJI_20230614084928_0144_V_JPG.rf.4522946feda1cc10f652cad0b006bf01_tile_0090.jpg,correct,Crop,Crop,0.6084716320037842,0.7709845540653728
DJI_20230614084928_0144_V_JPG.rf.4522946feda1cc10f652cad0b006bf01_tile_0090.jpg,false_positive,background,Crop,0.31555572152137756,0.0
DJI_20230614084928_0144_V_JPG.rf.4522946feda1cc10f652cad0b006bf01_tile_0091.jpg,correct,Crop,Crop,0.7009828090667725,0.7205587425727127
DJI_20230614084928_0144_V_JPG.rf.4522946feda1cc10f652cad0b006bf01_tile_0092.jpg,correct,Crop,Crop,0.6610710620880127,0.8320001921580775
DJI_20230614084928_0144_V_JPG.rf.4522946feda1cc10f652cad0b006bf01_tile_0093.jpg,correct,Crop,Crop,0.7038668394088745,0.7679697899460368
DJI_20230614084928_0144_V_JPG.rf.4522946feda1cc10f652cad0b006bf01_tile_0093.jpg,correct,Crop,Crop,0.6711730360984802,0.7217542732977108
DJI_20230614084928_0144_V_JPG.rf.4522946feda1cc10f652cad0b006bf01_tile_0095.jpg,correct,Crop,Crop,0.6420440077781677,0.8550479306827745
DJI_20230614084928_0144_V_JPG.rf.4522946feda1cc10f652cad0b006bf01_tile_0095.jpg,correct,Crop,Crop,0.6185126900672913,0.7634983944633362
DJI_20230614084928_0144_V_JPG.rf.4522946feda1cc10f652cad0b006bf01_tile_0095.jpg,missed_crop,Crop,background,0.0,0.0
DJI_20230614084928_0144_V_JPG.rf.4522946feda1cc10f652cad0b006bf01_tile_0096.jpg,correct,Crop,Crop,0.5320703983306885,0.8323654925315541
DJI_20230614084928_0144_V_JPG.rf.4522946feda1cc10f652cad0b006bf01_tile_0096.jpg,false_positive,background,Crop,0.30064091086387634,0.0
DJI_20230614084928_0144_V_JPG.rf.4522946feda1cc10f652cad0b006bf01_tile_0098.jpg,correct,Crop,Crop,0.649884045124054,0.7750665108845493
DJI_20230614084928_0144_V_JPG.rf.4522946feda1cc10f652cad0b006bf01_tile_0099.jpg,correct,Crop,Crop,0.6459181904792786,0.7732497497914927
DJI_20230614084928_0144_V_JPG.rf.4522946feda1cc10f652cad0b006bf01_tile_0100.jpg,correct,Crop,Crop,0.5087714791297913,0.8646117989276789
DJI_20230614084928_0144_V_JPG.rf.4522946feda1cc10f652cad0b006bf01_tile_0101.jpg,correct,Crop,Crop,0.5841287970542908,0.6191639649355503
DJI_20230614084928_0144_V_JPG.rf.4522946feda1cc10f652cad0b006bf01_tile_0101.jpg,missed_weed,Weed,background,0.0,0.0
DJI_20230614084928_0144_V_JPG.rf.4522946feda1cc10f652cad0b006bf01_tile_0102.jpg,correct,Crop,Crop,0.6710748672485352,0.8294482838474239
DJI_20230614084928_0144_V_JPG.rf.4522946feda1cc10f652cad0b006bf01_tile_0103.jpg,missed_crop,Crop,background,0.0,0.0
DJI_20230614084928_0144_V_JPG.rf.4522946feda1cc10f652cad0b006bf01_tile_0103.jpg,missed_weed,Weed,background,0.0,0.0
DJI_20230614084928_0144_V_JPG.rf.4522946feda1cc10f652cad0b006bf01_tile_0104.jpg,correct,Crop,Crop,0.4209767282009125,0.7909878960274012
DJI_20230614084928_0144_V_JPG.rf.4522946feda1cc10f652cad0b006bf01_tile_0104.jpg,false_positive,background,Crop,0.41588011384010315,0.0
DJI_20230614084928_0144_V_JPG.rf.4522946feda1cc10f652cad0b006bf01_tile_0106.jpg,correct,Crop,Crop,0.6115602254867554,0.7631081869644447
DJI_20230614084928_0144_V_JPG.rf.4522946feda1cc10f652cad0b006bf01_tile_0107.jpg,correct,Crop,Crop,0.675067126750946,0.8579485819923537
DJI_20230614084928_0144_V_JPG.rf.4522946feda1cc10f652cad0b006bf01_tile_0107.jpg,correct,Crop,Crop,0.4012767970561981,0.5160076896529653
DJI_20230614084928_0144_V_JPG.rf.4522946feda1cc10f652cad0b006bf01_tile_0108.jpg,correct,Weed,Weed,0.6459075212478638,0.5479961530287755
DJI_20230614084928_0144_V_JPG.rf.4522946feda1cc10f652cad0b006bf01_tile_0108.jpg,missed_weed,Weed,background,0.0,0.0
DJI_20230614084928_0144_V_JPG.rf.4522946feda1cc10f652cad0b006bf01_tile_0109.jpg,correct,Crop,Crop,0.5464044213294983,0.8406300337919855
DJI_20230614084928_0144_V_JPG.rf.4522946feda1cc10f652cad0b006bf01_tile_0109.jpg,correct,Crop,Crop,0.6345716118812561,0.8241446208874103
DJI_20230614084928_0144_V_JPG.rf.4522946feda1cc10f652cad0b006bf01_tile_0110.jpg,correct,Crop,Crop,0.5460200905799866,0.8443563766873511
DJI_20230614084928_0144_V_JPG.rf.4522946feda1cc10f652cad0b006bf01_tile_0110.jpg,correct,Crop,Crop,0.6394093632698059,0.8183512501232294
DJI_20230614084928_0144_V_JPG.rf.4522946feda1cc10f652cad0b006bf01_tile_0111.jpg,correct,Crop,Crop,0.4206657409667969,0.893236118843873
DJI_20230614084928_0144_V_JPG.rf.4522946feda1cc10f652cad0b006bf01_tile_0112.jpg,correct,Crop,Crop,0.5385029315948486,0.7313670480329755
DJI_20230614084928_0144_V_JPG.rf.4522946feda1cc10f652cad0b006bf01_tile_0112.jpg,correct,Weed,Weed,0.3059495985507965,0.707115491178914
DJI_20230614084928_0144_V_JPG.rf.4522946feda1cc10f652cad0b006bf01_tile_0113.jpg,correct,Crop,Crop,0.6503362655639648,0.8250189928930833
DJI_20230614084928_0144_V_JPG.rf.4522946feda1cc10f652cad0b006bf01_tile_0114.jpg,correct,Crop,Crop,0.31404510140419006,0.6245466478275405
DJI_20230614084928_0144_V_JPG.rf.4522946feda1cc10f652cad0b006bf01_tile_0114.jpg,missed_weed,Weed,background,0.0,0.0
DJI_20230614084928_0144_V_JPG.rf.4522946feda1cc10f652cad0b006bf01_tile_0115.jpg,correct,Crop,Crop,0.5814809799194336,0.8010049926302593
DJI_20230614084928_0144_V_JPG.rf.4522946feda1cc10f652cad0b006bf01_tile_0115.jpg,false_positive,background,Crop,0.4477861821651459,0.0
DJI_20230614084928_0144_V_JPG.rf.4522946feda1cc10f652cad0b006bf01_tile_0117.jpg,correct,Crop,Crop,0.6438918709754944,0.7486246123590559
DJI_20230614084928_0144_V_JPG.rf.4522946feda1cc10f652cad0b006bf01_tile_0118.jpg,correct,Crop,Crop,0.49525368213653564,0.8620470503125932
DJI_20230614084928_0144_V_JPG.rf.4522946feda1cc10f652cad0b006bf01_tile_0118.jpg,correct,Crop,Crop,0.3846617341041565,0.5253307191619369
DJI_20230614084928_0144_V_JPG.rf.4522946feda1cc10f652cad0b006bf01_tile_0118.jpg,false_positive,background,Crop,0.266440212726593,0.0
DJI_20230614084928_0144_V_JPG.rf.4522946feda1cc10f652cad0b006bf01_tile_0119.jpg,correct,Weed,Weed,0.7209706902503967,0.5901229813213191
DJI_20230614084928_0144_V_JPG.rf.4522946feda1cc10f652cad0b006bf01_tile_0119.jpg,missed_weed,Weed,background,0.0,0.0
DJI_20230614084928_0144_V_JPG.rf.4522946feda1cc10f652cad0b006bf01_tile_0119.jpg,false_positive,background,Weed,0.728471040725708,0.0
DJI_20230614084928_0144_V_JPG.rf.4522946feda1cc10f652cad0b006bf01_tile_0119.jpg,false_positive,background,Crop,0.3152708113193512,0.0
DJI_20230614084928_0144_V_JPG.rf.4522946feda1cc10f652cad0b006bf01_tile_0120.jpg,correct,Crop,Crop,0.6364173293113708,0.8499850015616225
DJI_20230614084928_0144_V_JPG.rf.4522946feda1cc10f652cad0b006bf01_tile_0120.jpg,correct,Crop,Crop,0.692225992679596,0.761558970661464
DJI_20230614084928_0144_V_JPG.rf.4522946feda1cc10f652cad0b006bf01_tile_0121.jpg,correct,Crop,Crop,0.6431049108505249,0.8520199616693541
DJI_20230614084928_0144_V_JPG.rf.4522946feda1cc10f652cad0b006bf01_tile_0121.jpg,correct,Crop,Crop,0.6927276849746704,0.7609371441639065
DJI_20230614085026_0173_V_JPG.rf.518b0f796d8fd84b5eea25b9e14ab21f_tile_0002.jpg,correct,Crop,Crop,0.6754230856895447,0.7383531214724777
DJI_20230614085026_0173_V_JPG.rf.518b0f796d8fd84b5eea25b9e14ab21f_tile_0002.jpg,missed_crop,Crop,background,0.0,0.0
DJI_20230614085026_0173_V_JPG.rf.518b0f796d8fd84b5eea25b9e14ab21f_tile_0004.jpg,correct,Crop,Crop,0.34606343507766724,0.620669878915698
DJI_20230614085026_0173_V_JPG.rf.518b0f796d8fd84b5eea25b9e14ab21f_tile_0005.jpg,correct,Crop,Crop,0.5657929182052612,0.9046446447662482
DJI_20230614085026_0173_V_JPG.rf.518b0f796d8fd84b5eea25b9e14ab21f_tile_0005.jpg,correct,Crop,Crop,0.622728705406189,0.8139637866812065
DJI_20230614085026_0173_V_JPG.rf.518b0f796d8fd84b5eea25b9e14ab21f_tile_0006.jpg,correct,Crop,Crop,0.5618998408317566,0.8988573178681997
DJI_20230614085026_0173_V_JPG.rf.518b0f796d8fd84b5eea25b9e14ab21f_tile_0006.jpg,correct,Crop,Crop,0.6238702535629272,0.8268384037541959
DJI_20230614085026_0173_V_JPG.rf.518b0f796d8fd84b5eea25b9e14ab21f_tile_0007.jpg,correct,Crop,Crop,0.2587185800075531,0.883849142077954
DJI_20230614085026_0173_V_JPG.rf.518b0f796d8fd84b5eea25b9e14ab21f_tile_0007.jpg,correct,Crop,Crop,0.25739338994026184,0.6167930458379534
DJI_20230614085026_0173_V_JPG.rf.518b0f796d8fd84b5eea25b9e14ab21f_tile_0007.jpg,false_positive,background,Crop,0.3224041163921356,0.0
DJI_20230614085026_0173_V_JPG.rf.518b0f796d8fd84b5eea25b9e14ab21f_tile_0008.jpg,correct,Crop,Crop,0.6972687840461731,0.8473699665024771
DJI_20230614085026_0173_V_JPG.rf.518b0f796d8fd84b5eea25b9e14ab21f_tile_0008.jpg,correct,Crop,Crop,0.6171669960021973,0.7336397240127525
DJI_20230614085026_0173_V_JPG.rf.518b0f796d8fd84b5eea25b9e14ab21f_tile_0009.jpg,correct,Crop,Crop,0.7106759548187256,0.7237773718204145
DJI_20230614085026_0173_V_JPG.rf.518b0f796d8fd84b5eea25b9e14ab21f_tile_0013.jpg,correct,Crop,Crop,0.3846035599708557,0.6896554641313002
DJI_20230614085026_0173_V_JPG.rf.518b0f796d8fd84b5eea25b9e14ab21f_tile_0013.jpg,missed_crop,Crop,background,0.0,0.0
DJI_20230614085026_0173_V_JPG.rf.518b0f796d8fd84b5eea25b9e14ab21f_tile_0015.jpg,correct,Crop,Crop,0.571083664894104,0.840841487347939
DJI_20230614085026_0173_V_JPG.rf.518b0f796d8fd84b5eea25b9e14ab21f_tile_0016.jpg,correct,Crop,Crop,0.6121342182159424,0.8654430037425508
DJI_20230614085026_0173_V_JPG.rf.518b0f796d8fd84b5eea25b9e14ab21f_tile_0016.jpg,correct,Crop,Crop,0.7263554334640503,0.6773728399773746
DJI_20230614085026_0173_V_JPG.rf.518b0f796d8fd84b5eea25b9e14ab21f_tile_0017.jpg,correct,Crop,Crop,0.6263532042503357,0.8439463883863113
DJI_20230614085026_0173_V_JPG.rf.518b0f796d8fd84b5eea25b9e14ab21f_tile_0017.jpg,correct,Crop,Crop,0.7264759540557861,0.6776448402365322
DJI_20230614085026_0173_V_JPG.rf.518b0f796d8fd84b5eea25b9e14ab21f_tile_0018.jpg,correct,Crop,Crop,0.4922580122947693,0.7476285239777851
DJI_20230614085026_0173_V_JPG.rf.518b0f796d8fd84b5eea25b9e14ab21f_tile_0019.jpg,correct,Crop,Crop,0.7104082107543945,0.8405340273652578
DJI_20230614085026_0173_V_JPG.rf.518b0f796d8fd84b5eea25b9e14ab21f_tile_0019.jpg,correct,Crop,Crop,0.7031108736991882,0.8233869227409636
DJI_20230614085026_0173_V_JPG.rf.518b0f796d8fd84b5eea25b9e14ab21f_tile_0020.jpg,correct,Crop,Crop,0.68507319688797,0.7108038472431022
DJI_20230614085026_0173_V_JPG.rf.518b0f796d8fd84b5eea25b9e14ab21f_tile_0020.jpg,correct,Crop,Crop,0.479840487241745,0.6486779754703668
DJI_20230614085026_0173_V_JPG.rf.518b0f796d8fd84b5eea25b9e14ab21f_tile_0020.jpg,correct,Weed,Weed,0.6004341244697571,0.6022822710154601
DJI_20230614085026_0173_V_JPG.rf.518b0f796d8fd84b5eea25b9e14ab21f_tile_0023.jpg,correct,Crop,Crop,0.30662819743156433,0.6242907203804934
DJI_20230614085026_0173_V_JPG.rf.518b0f796d8fd84b5eea25b9e14ab21f_tile_0024.jpg,correct,Crop,Crop,0.29655128717422485,0.70365154740596
DJI_20230614085026_0173_V_JPG.rf.518b0f796d8fd84b5eea25b9e14ab21f_tile_0024.jpg,false_positive,background,Crop,0.3972223401069641,0.0
DJI_20230614085026_0173_V_JPG.rf.518b0f796d8fd84b5eea25b9e14ab21f_tile_0026.jpg,correct,Crop,Crop,0.550767719745636,0.8450251204700243
DJI_20230614085026_0173_V_JPG.rf.518b0f796d8fd84b5eea25b9e14ab21f_tile_0026.jpg,correct,Crop,Crop,0.7561475038528442,0.7506643021247286
DJI_20230614085026_0173_V_JPG.rf.518b0f796d8fd84b5eea25b9e14ab21f_tile_0026.jpg,false_positive,background,Crop,0.2971298396587372,0.0
DJI_20230614085026_0173_V_JPG.rf.518b0f796d8fd84b5eea25b9e14ab21f_tile_0027.jpg,correct,Crop,Crop,0.7685326933860779,0.7243966674053013
DJI_20230614085026_0173_V_JPG.rf.518b0f796d8fd84b5eea25b9e14ab21f_tile_0027.jpg,correct,Crop,Crop,0.728604257106781,0.6570130918072323
DJI_20230614085026_0173_V_JPG.rf.518b0f796d8fd84b5eea25b9e14ab21f_tile_0028.jpg,correct,Crop,Crop,0.7790982127189636,0.7163752004470951
DJI_20230614085026_0173_V_JPG.rf.518b0f796d8fd84b5eea25b9e14ab21f_tile_0028.jpg,correct,Crop,Crop,0.7446004748344421,0.6328643965912957
DJI_20230614085026_0173_V_JPG.rf.518b0f796d8fd84b5eea25b9e14ab21f_tile_0029.jpg,correct,Crop,Crop,0.5252437591552734,0.7961573273876763
DJI_20230614085026_0173_V_JPG.rf.518b0f796d8fd84b5eea25b9e14ab21f_tile_0030.jpg,correct,Crop,Crop,0.5433815717697144,0.85878583325407
DJI_20230614085026_0173_V_JPG.rf.518b0f796d8fd84b5eea25b9e14ab21f_tile_0031.jpg,missed_crop,Crop,background,0.0,0.0
DJI_20230614085026_0173_V_JPG.rf.518b0f796d8fd84b5eea25b9e14ab21f_tile_0032.jpg,correct,Crop,Crop,0.641314685344696,0.8681001539799941
DJI_20230614085026_0173_V_JPG.rf.518b0f796d8fd84b5eea25b9e14ab21f_tile_0032.jpg,correct,Crop,Crop,0.6617053151130676,0.7459568211741061
DJI_20230614085026_0173_V_JPG.rf.518b0f796d8fd84b5eea25b9e14ab21f_tile_0033.jpg,correct,Crop,Crop,0.6441494822502136,0.8703293414945067
DJI_20230614085026_0173_V_JPG.rf.518b0f796d8fd84b5eea25b9e14ab21f_tile_0033.jpg,correct,Crop,Crop,0.6593530774116516,0.7467186624540258
DJI_20230614085026_0173_V_JPG.rf.518b0f796d8fd84b5eea25b9e14ab21f_tile_0034.jpg,correct,Crop,Crop,0.7135941982269287,0.7444771621755529
DJI_20230614085026_0173_V_JPG.rf.518b0f796d8fd84b5eea25b9e14ab21f_tile_0034.jpg,missed_crop,Crop,background,0.0,0.0
DJI_20230614085026_0173_V_JPG.rf.518b0f796d8fd84b5eea25b9e14ab21f_tile_0035.jpg,correct,Crop,Crop,0.689210832118988,0.7086431098921967
DJI_20230614085026_0173_V_JPG.rf.518b0f796d8fd84b5eea25b9e14ab21f_tile_0035.jpg,missed_crop,Crop,background,0.0,0.0
DJI_20230614085026_0173_V_JPG.rf.518b0f796d8fd84b5eea25b9e14ab21f_tile_0035.jpg,false_positive,background,Crop,0.48148980736732483,0.0
DJI_20230614085026_0173_V_JPG.rf.518b0f796d8fd84b5eea25b9e14ab21f_tile_0038.jpg,correct,Crop,Crop,0.7517139911651611,0.7142480047389622
DJI_20230614085026_0173_V_JPG.rf.518b0f796d8fd84b5eea25b9e14ab21f_tile_0038.jpg,correct,Crop,Crop,0.7234888672828674,0.6974089085999439
DJI_20230614085026_0173_V_JPG.rf.518b0f796d8fd84b5eea25b9e14ab21f_tile_0038.jpg,missed_crop,Crop,background,0.0,0.0
DJI_20230614085026_0173_V_JPG.rf.518b0f796d8fd84b5eea25b9e14ab21f_tile_0039.jpg,correct,Crop,Crop,0.7541378140449524,0.738666722727318
DJI_20230614085026_0173_V_JPG.rf.518b0f796d8fd84b5eea25b9e14ab21f_tile_0039.jpg,correct,Crop,Crop,0.26819804310798645,0.6238009427332474
DJI_20230614085026_0173_V_JPG.rf.518b0f796d8fd84b5eea25b9e14ab21f_tile_0039.jpg,missed_crop,Crop,background,0.0,0.0
DJI_20230614085026_0173_V_JPG.rf.518b0f796d8fd84b5eea25b9e14ab21f_tile_0040.jpg,correct,Crop,Crop,0.6753122806549072,0.6247518773409674
DJI_20230614085026_0173_V_JPG.rf.518b0f796d8fd84b5eea25b9e14ab21f_tile_0041.jpg,correct,Crop,Crop,0.2507679760456085,0.714275810029129
DJI_20230614085026_0173_V_JPG.rf.518b0f796d8fd84b5eea25b9e14ab21f_tile_0041.jpg,missed_crop,Crop,background,0.0,0.0
DJI_20230614085026_0173_V_JPG.rf.518b0f796d8fd84b5eea25b9e14ab21f_tile_0041.jpg,missed_weed,Weed,background,0.0,0.0
DJI_20230614085026_0173_V_JPG.rf.518b0f796d8fd84b5eea25b9e14ab21f_tile_0041.jpg,false_positive,background,Crop,0.5242255330085754,0.0
DJI_20230614085026_0173_V_JPG.rf.518b0f796d8fd84b5eea25b9e14ab21f_tile_0041.jpg,false_positive,background,Weed,0.5175606608390808,0.0
DJI_20230614085026_0173_V_JPG.rf.518b0f796d8fd84b5eea25b9e14ab21f_tile_0041.jpg,false_positive,background,Crop,0.44464167952537537,0.0
DJI_20230614085026_0173_V_JPG.rf.518b0f796d8fd84b5eea25b9e14ab21f_tile_0042.jpg,correct,Crop,Crop,0.7333043813705444,0.8443595298372248
DJI_20230614085026_0173_V_JPG.rf.518b0f796d8fd84b5eea25b9e14ab21f_tile_0043.jpg,correct,Crop,Crop,0.6137306690216064,0.7830702866004177
DJI_20230614085026_0173_V_JPG.rf.518b0f796d8fd84b5eea25b9e14ab21f_tile_0043.jpg,correct,Crop,Crop,0.7091906666755676,0.7231625770942461
DJI_20230614085026_0173_V_JPG.rf.518b0f796d8fd84b5eea25b9e14ab21f_tile_0044.jpg,correct,Crop,Crop,0.6264564990997314,0.7837080801411017
DJI_20230614085026_0173_V_JPG.rf.518b0f796d8fd84b5eea25b9e14ab21f_tile_0044.jpg,correct,Crop,Crop,0.7083849310874939,0.7232308410494005
DJI_20230614085026_0173_V_JPG.rf.518b0f796d8fd84b5eea25b9e14ab21f_tile_0045.jpg,correct,Crop,Crop,0.7164765000343323,0.7488518513797664
DJI_20230614085026_0173_V_JPG.rf.518b0f796d8fd84b5eea25b9e14ab21f_tile_0045.jpg,false_positive,background,Crop,0.5533690452575684,0.0
DJI_20230614085026_0173_V_JPG.rf.518b0f796d8fd84b5eea25b9e14ab21f_tile_0046.jpg,correct,Crop,Crop,0.6733605861663818,0.7119750974676292
DJI_20230614085026_0173_V_JPG.rf.518b0f796d8fd84b5eea25b9e14ab21f_tile_0046.jpg,correct,Crop,Crop,0.7271047234535217,0.6818662085516793
DJI_20230614085026_0173_V_JPG.rf.518b0f796d8fd84b5eea25b9e14ab21f_tile_0047.jpg,correct,Crop,Crop,0.659018874168396,0.6216941228446372
DJI_20230614085026_0173_V_JPG.rf.518b0f796d8fd84b5eea25b9e14ab21f_tile_0047.jpg,correct,Crop,Crop,0.46129241585731506,0.5694630721751462
DJI_20230614085026_0173_V_JPG.rf.518b0f796d8fd84b5eea25b9e14ab21f_tile_0048.jpg,missed_crop,Crop,background,0.0,0.0
DJI_20230614085026_0173_V_JPG.rf.518b0f796d8fd84b5eea25b9e14ab21f_tile_0048.jpg,false_positive,background,Crop,0.3291437029838562,0.0
DJI_20230614085026_0173_V_JPG.rf.518b0f796d8fd84b5eea25b9e14ab21f_tile_0049.jpg,correct,Crop,Crop,0.7389307618141174,0.5845450153604813
DJI_20230614085026_0173_V_JPG.rf.518b0f796d8fd84b5eea25b9e14ab21f_tile_0049.jpg,missed_crop,Crop,background,0.0,0.0
DJI_20230614085026_0173_V_JPG.rf.518b0f796d8fd84b5eea25b9e14ab21f_tile_0050.jpg,missed_crop,Crop,background,0.0,0.0
DJI_20230614085026_0173_V_JPG.rf.518b0f796d8fd84b5eea25b9e14ab21f_tile_0051.jpg,correct,Crop,Crop,0.698082685470581,0.6978505516267837
DJI_20230614085026_0173_V_JPG.rf.518b0f796d8fd84b5eea25b9e14ab21f_tile_0051.jpg,missed_crop,Crop,background,0.0,0.0
DJI_20230614085026_0173_V_JPG.rf.518b0f796d8fd84b5eea25b9e14ab21f_tile_0051.jpg,false_positive,background,Crop,0.6308606266975403,0.0
DJI_20230614085026_0173_V_JPG.rf.518b0f796d8fd84b5eea25b9e14ab21f_tile_0052.jpg,missed_crop,Crop,background,0.0,0.0
DJI_20230614085026_0173_V_JPG.rf.518b0f796d8fd84b5eea25b9e14ab21f_tile_0053.jpg,correct,Crop,Crop,0.6934868097305298,0.9237865848000111
DJI_20230614085026_0173_V_JPG.rf.518b0f796d8fd84b5eea25b9e14ab21f_tile_0053.jpg,correct,Weed,Weed,0.7442001700401306,0.7375862261834424
DJI_20230614085026_0173_V_JPG.rf.518b0f796d8fd84b5eea25b9e14ab21f_tile_0054.jpg,correct,Crop,Crop,0.7453278303146362,0.8997636083119146
DJI_20230614085026_0173_V_JPG.rf.518b0f796d8fd84b5eea25b9e14ab21f_tile_0054.jpg,correct,Crop,Crop,0.6597698330879211,0.8848956136141434
DJI_20230614085026_0173_V_JPG.rf.518b0f796d8fd84b5eea25b9e14ab21f_tile_0055.jpg,correct,Crop,Crop,0.7507694363594055,0.8990234152388531
DJI_20230614085026_0173_V_JPG.rf.518b0f796d8fd84b5eea25b9e14ab21f_tile_0055.jpg,correct,Crop,Crop,0.6612222790718079,0.8838625016036703
DJI_20230614085026_0173_V_JPG.rf.518b0f796d8fd84b5eea25b9e14ab21f_tile_0057.jpg,correct,Crop,Crop,0.7126629948616028,0.9106474113155524
DJI_20230614085026_0173_V_JPG.rf.518b0f796d8fd84b5eea25b9e14ab21f_tile_0057.jpg,correct,Crop,Crop,0.52361661195755,0.6469316595749134
DJI_20230614085026_0173_V_JPG.rf.518b0f796d8fd84b5eea25b9e14ab21f_tile_0058.jpg,correct,Crop,Crop,0.4797735810279846,0.7457033070811304
DJI_20230614085026_0173_V_JPG.rf.518b0f796d8fd84b5eea25b9e14ab21f_tile_0059.jpg,correct,Crop,Crop,0.738606870174408,0.6022908723171472
DJI_20230614085026_0173_V_JPG.rf.518b0f796d8fd84b5eea25b9e14ab21f_tile_0059.jpg,missed_crop,Crop,background,0.0,0.0
DJI_20230614085026_0173_V_JPG.rf.518b0f796d8fd84b5eea25b9e14ab21f_tile_0059.jpg,false_positive,background,Crop,0.7154391407966614,0.0
DJI_20230614085026_0173_V_JPG.rf.518b0f796d8fd84b5eea25b9e14ab21f_tile_0060.jpg,correct,Crop,Crop,0.5717946290969849,0.665605119863983
DJI_20230614085026_0173_V_JPG.rf.518b0f796d8fd84b5eea25b9e14ab21f_tile_0060.jpg,correct,Crop,Crop,0.7087951898574829,0.5025255481612054
DJI_20230614085026_0173_V_JPG.rf.518b0f796d8fd84b5eea25b9e14ab21f_tile_0062.jpg,correct,Crop,Crop,0.7088514566421509,0.6991789722087107
DJI_20230614085026_0173_V_JPG.rf.518b0f796d8fd84b5eea25b9e14ab21f_tile_0062.jpg,missed_crop,Crop,background,0.0,0.0
DJI_20230614085026_0173_V_JPG.rf.518b0f796d8fd84b5eea25b9e14ab21f_tile_0063.jpg,correct,Crop,Crop,0.41995105147361755,0.7156238630852666
DJI_20230614085026_0173_V_JPG.rf.518b0f796d8fd84b5eea25b9e14ab21f_tile_0063.jpg,correct,Crop,Crop,0.5855520367622375,0.6157006296433545
DJI_20230614085026_0173_V_JPG.rf.518b0f796d8fd84b5eea25b9e14ab21f_tile_0063.jpg,false_positive,background,Crop,0.6476962566375732,0.0
DJI_20230614085026_0173_V_JPG.rf.518b0f796d8fd84b5eea25b9e14ab21f_tile_0064.jpg,correct,Weed,Weed,0.25738152861595154,0.7883262022205788
DJI_20230614085026_0173_V_JPG.rf.518b0f796d8fd84b5eea25b9e14ab21f_tile_0064.jpg,correct,Crop,Crop,0.2894797623157501,0.5900239197325405
DJI_20230614085026_0173_V_JPG.rf.518b0f796d8fd84b5eea25b9e14ab21f_tile_0064.jpg,correct,Crop,Crop,0.5770430564880371,0.5686492937908374
DJI_20230614085026_0173_V_JPG.rf.518b0f796d8fd84b5eea25b9e14ab21f_tile_0064.jpg,false_positive,background,Weed,0.5962406992912292,0.0
DJI_20230614085026_0173_V_JPG.rf.518b0f796d8fd84b5eea25b9e14ab21f_tile_0064.jpg,false_positive,background,Crop,0.4169292449951172,0.0
DJI_20230614085026_0173_V_JPG.rf.518b0f796d8fd84b5eea25b9e14ab21f_tile_0065.jpg,correct,Crop,Crop,0.7272343039512634,0.8955328676617184
DJI_20230614085026_0173_V_JPG.rf.518b0f796d8fd84b5eea25b9e14ab21f_tile_0065.jpg,correct,Crop,Crop,0.7197210192680359,0.8243413487273541
DJI_20230614085026_0173_V_JPG.rf.518b0f796d8fd84b5eea25b9e14ab21f_tile_0066.jpg,correct,Crop,Crop,0.7278141379356384,0.8960673308610351
DJI_20230614085026_0173_V_JPG.rf.518b0f796d8fd84b5eea25b9e14ab21f_tile_0066.jpg,correct,Crop,Crop,0.7221402525901794,0.8241935754508243
DJI_20230614085026_0173_V_JPG.rf.518b0f796d8fd84b5eea25b9e14ab21f_tile_0068.jpg,correct,Crop,Crop,0.595732569694519,0.6351726869950156
DJI_20230614085026_0173_V_JPG.rf.518b0f796d8fd84b5eea25b9e14ab21f_tile_0068.jpg,correct,Crop,Crop,0.5102823972702026,0.6048440632285089
DJI_20230614085026_0173_V_JPG.rf.518b0f796d8fd84b5eea25b9e14ab21f_tile_0070.jpg,correct,Crop,Crop,0.6466953754425049,0.7261285519803299
DJI_20230614085026_0173_V_JPG.rf.518b0f796d8fd84b5eea25b9e14ab21f_tile_0071.jpg,correct,Crop,Crop,0.6508058905601501,0.8352393597417538
DJI_20230614085026_0173_V_JPG.rf.518b0f796d8fd84b5eea25b9e14ab21f_tile_0071.jpg,correct,Crop,Crop,0.6210194230079651,0.7328606491570036
DJI_20230614085026_0173_V_JPG.rf.518b0f796d8fd84b5eea25b9e14ab21f_tile_0073.jpg,correct,Crop,Crop,0.7530803084373474,0.7283005536172419
DJI_20230614085026_0173_V_JPG.rf.518b0f796d8fd84b5eea25b9e14ab21f_tile_0073.jpg,correct,Crop,Crop,0.7123939990997314,0.6492549565169983
DJI_20230614085026_0173_V_JPG.rf.518b0f796d8fd84b5eea25b9e14ab21f_tile_0074.jpg,correct,Crop,Crop,0.735214114189148,0.8508965615961739
DJI_20230614085026_0173_V_JPG.rf.518b0f796d8fd84b5eea25b9e14ab21f_tile_0074.jpg,correct,Crop,Crop,0.3457390367984772,0.7270191760997046
DJI_20230614085026_0173_V_JPG.rf.518b0f796d8fd84b5eea25b9e14ab21f_tile_0074.jpg,false_positive,background,Crop,0.6631007790565491,0.0
DJI_20230614085026_0173_V_JPG.rf.518b0f796d8fd84b5eea25b9e14ab21f_tile_0075.jpg,correct,Crop,Crop,0.5738686919212341,0.5195259923500409
DJI_20230614085026_0173_V_JPG.rf.518b0f796d8fd84b5eea25b9e14ab21f_tile_0076.jpg,correct,Crop,Crop,0.3049570918083191,0.7058019849471435
DJI_20230614085026_0173_V_JPG.rf.518b0f796d8fd84b5eea25b9e14ab21f_tile_0077.jpg,correct,Crop,Crop,0.25266945362091064,0.7068363043143023
DJI_20230614085026_0173_V_JPG.rf.518b0f796d8fd84b5eea25b9e14ab21f_tile_0079.jpg,correct,Crop,Crop,0.6294930577278137,0.7688595858880338
DJI_20230614085026_0173_V_JPG.rf.518b0f796d8fd84b5eea25b9e14ab21f_tile_0081.jpg,correct,Crop,Crop,0.4841790795326233,0.7412240282974508
DJI_20230614085026_0173_V_JPG.rf.518b0f796d8fd84b5eea25b9e14ab21f_tile_0082.jpg,correct,Crop,Crop,0.6269846558570862,0.6699281278217942
DJI_20230614085026_0173_V_JPG.rf.518b0f796d8fd84b5eea25b9e14ab21f_tile_0082.jpg,correct,Crop,Crop,0.6440777778625488,0.6563221692385087
DJI_20230614085026_0173_V_JPG.rf.518b0f796d8fd84b5eea25b9e14ab21f_tile_0082.jpg,correct,Weed,Weed,0.2960284352302551,0.5460209807162608
DJI_20230614085026_0173_V_JPG.rf.518b0f796d8fd84b5eea25b9e14ab21f_tile_0084.jpg,correct,Crop,Crop,0.6197832822799683,0.7945550681193146
DJI_20230614085026_0173_V_JPG.rf.518b0f796d8fd84b5eea25b9e14ab21f_tile_0084.jpg,correct,Crop,Crop,0.5469183325767517,0.6850516965536918
DJI_20230614085026_0173_V_JPG.rf.518b0f796d8fd84b5eea25b9e14ab21f_tile_0085.jpg,correct,Crop,Crop,0.6907163858413696,0.7016558831335539
DJI_20230614085026_0173_V_JPG.rf.518b0f796d8fd84b5eea25b9e14ab21f_tile_0085.jpg,correct,Crop,Crop,0.6424258947372437,0.6851918660471311
DJI_20230614085026_0173_V_JPG.rf.518b0f796d8fd84b5eea25b9e14ab21f_tile_0085.jpg,false_positive,background,Crop,0.25624075531959534,0.0
DJI_20230614085026_0173_V_JPG.rf.518b0f796d8fd84b5eea25b9e14ab21f_tile_0086.jpg,correct,Crop,Crop,0.6433975100517273,0.6592850097256426
DJI_20230614085026_0173_V_JPG.rf.518b0f796d8fd84b5eea25b9e14ab21f_tile_0087.jpg,correct,Crop,Crop,0.411892831325531,0.7735128713494193
DJI_20230614085026_0173_V_JPG.rf.518b0f796d8fd84b5eea25b9e14ab21f_tile_0087.jpg,correct,Crop,Crop,0.5679670572280884,0.644822081118463
DJI_20230614085026_0173_V_JPG.rf.518b0f796d8fd84b5eea25b9e14ab21f_tile_0088.jpg,correct,Crop,Crop,0.419100821018219,0.7695555190054708
DJI_20230614085026_0173_V_JPG.rf.518b0f796d8fd84b5eea25b9e14ab21f_tile_0088.jpg,correct,Crop,Crop,0.5707031488418579,0.6477707441337834
DJI_20230614085026_0173_V_JPG.rf.518b0f796d8fd84b5eea25b9e14ab21f_tile_0090.jpg,correct,Crop,Crop,0.59282386302948,0.7715785821449175
DJI_20230614085026_0173_V_JPG.rf.518b0f796d8fd84b5eea25b9e14ab21f_tile_0090.jpg,correct,Crop,Crop,0.5141579508781433,0.6001978115992966
DJI_20230614085026_0173_V_JPG.rf.518b0f796d8fd84b5eea25b9e14ab21f_tile_0091.jpg,correct,Crop,Crop,0.28237974643707275,0.8396008155874491
DJI_20230614085026_0173_V_JPG.rf.518b0f796d8fd84b5eea25b9e14ab21f_tile_0091.jpg,correct,Crop,Crop,0.6683082580566406,0.7865078071190117
DJI_20230614085026_0173_V_JPG.rf.518b0f796d8fd84b5eea25b9e14ab21f_tile_0092.jpg,correct,Crop,Crop,0.6683881282806396,0.9003209178532428
DJI_20230614085026_0173_V_JPG.rf.518b0f796d8fd84b5eea25b9e14ab21f_tile_0092.jpg,correct,Crop,Crop,0.6475527286529541,0.8966869862512105
DJI_20230614085026_0173_V_JPG.rf.518b0f796d8fd84b5eea25b9e14ab21f_tile_0093.jpg,correct,Crop,Crop,0.647392749786377,0.6559768801948886
DJI_20230614085026_0173_V_JPG.rf.518b0f796d8fd84b5eea25b9e14ab21f_tile_0093.jpg,missed_weed,Weed,background,0.0,0.0
DJI_20230614085026_0173_V_JPG.rf.518b0f796d8fd84b5eea25b9e14ab21f_tile_0093.jpg,missed_crop,Crop,background,0.0,0.0
DJI_20230614085026_0173_V_JPG.rf.518b0f796d8fd84b5eea25b9e14ab21f_tile_0095.jpg,correct,Crop,Crop,0.5818784236907959,0.8083783403661645
DJI_20230614085026_0173_V_JPG.rf.518b0f796d8fd84b5eea25b9e14ab21f_tile_0095.jpg,correct,Crop,Crop,0.6743471026420593,0.7195686522977839
DJI_20230614085026_0173_V_JPG.rf.518b0f796d8fd84b5eea25b9e14ab21f_tile_0096.jpg,correct,Crop,Crop,0.7479220628738403,0.7384184790646235
DJI_20230614085026_0173_V_JPG.rf.518b0f796d8fd84b5eea25b9e14ab21f_tile_0096.jpg,missed_crop,Crop,background,0.0,0.0
DJI_20230614085026_0173_V_JPG.rf.518b0f796d8fd84b5eea25b9e14ab21f_tile_0098.jpg,correct,Crop,Crop,0.34869614243507385,0.8344929762519735
DJI_20230614085026_0173_V_JPG.rf.518b0f796d8fd84b5eea25b9e14ab21f_tile_0098.jpg,correct,Crop,Crop,0.5935148000717163,0.7610875723393661
DJI_20230614085026_0173_V_JPG.rf.518b0f796d8fd84b5eea25b9e14ab21f_tile_0099.jpg,correct,Crop,Crop,0.3593437373638153,0.8348095500815397
DJI_20230614085026_0173_V_JPG.rf.518b0f796d8fd84b5eea25b9e14ab21f_tile_0099.jpg,correct,Crop,Crop,0.6185797452926636,0.7609085486351711
DJI_20230614085026_0173_V_JPG.rf.518b0f796d8fd84b5eea25b9e14ab21f_tile_0101.jpg,correct,Crop,Crop,0.55218505859375,0.7745059971824129
DJI_20230614085026_0173_V_JPG.rf.518b0f796d8fd84b5eea25b9e14ab21f_tile_0101.jpg,correct,Crop,Crop,0.5142312049865723,0.6450996950976163
DJI_20230614085026_0173_V_JPG.rf.518b0f796d8fd84b5eea25b9e14ab21f_tile_0102.jpg,correct,Crop,Crop,0.6407175064086914,0.8364543366441143
DJI_20230614085026_0173_V_JPG.rf.518b0f796d8fd84b5eea25b9e14ab21f_tile_0103.jpg,correct,Crop,Crop,0.6789982318878174,0.9400718874953937
DJI_20230614085026_0173_V_JPG.rf.518b0f796d8fd84b5eea25b9e14ab21f_tile_0103.jpg,correct,Crop,Crop,0.5733686685562134,0.8200235659344177
DJI_20230614085026_0173_V_JPG.rf.518b0f796d8fd84b5eea25b9e14ab21f_tile_0104.jpg,correct,Crop,Crop,0.7484045624732971,0.8437435288774155
DJI_20230614085026_0173_V_JPG.rf.518b0f796d8fd84b5eea25b9e14ab21f_tile_0106.jpg,correct,Crop,Crop,0.7284037470817566,0.8630142972988868
DJI_20230614085026_0173_V_JPG.rf.518b0f796d8fd84b5eea25b9e14ab21f_tile_0107.jpg,correct,Crop,Crop,0.5403931140899658,0.7283414097751388
DJI_20230614085026_0173_V_JPG.rf.518b0f796d8fd84b5eea25b9e14ab21f_tile_0107.jpg,false_positive,background,Crop,0.2584332525730133,0.0
DJI_20230614085026_0173_V_JPG.rf.518b0f796d8fd84b5eea25b9e14ab21f_tile_0108.jpg,correct,Crop,Crop,0.3202941417694092,0.7277074633146057
DJI_20230614085026_0173_V_JPG.rf.518b0f796d8fd84b5eea25b9e14ab21f_tile_0108.jpg,false_positive,background,Crop,0.4507102370262146,0.0
DJI_20230614085026_0173_V_JPG.rf.518b0f796d8fd84b5eea25b9e14ab21f_tile_0112.jpg,correct,Crop,Crop,0.7313640713691711,0.6814028907252545
DJI_20230614085026_0173_V_JPG.rf.518b0f796d8fd84b5eea25b9e14ab21f_tile_0112.jpg,correct,Crop,Crop,0.5230230093002319,0.6678879215521942
DJI_20230614085026_0173_V_JPG.rf.518b0f796d8fd84b5eea25b9e14ab21f_tile_0113.jpg,correct,Crop,Crop,0.634753406047821,0.8194456536905517
DJI_20230614085026_0173_V_JPG.rf.518b0f796d8fd84b5eea25b9e14ab21f_tile_0114.jpg,correct,Crop,Crop,0.7152010202407837,0.9597892839563644
DJI_20230614085026_0173_V_JPG.rf.518b0f796d8fd84b5eea25b9e14ab21f_tile_0114.jpg,correct,Crop,Crop,0.5228607654571533,0.8121716389482445
DJI_20230614085026_0173_V_JPG.rf.518b0f796d8fd84b5eea25b9e14ab21f_tile_0115.jpg,correct,Crop,Crop,0.7500967979431152,0.8448052092756639
DJI_20230614085026_0173_V_JPG.rf.518b0f796d8fd84b5eea25b9e14ab21f_tile_0115.jpg,false_positive,background,Crop,0.39361855387687683,0.0
DJI_20230614085026_0173_V_JPG.rf.518b0f796d8fd84b5eea25b9e14ab21f_tile_0117.jpg,correct,Crop,Crop,0.752212405204773,0.8418483926501441
DJI_20230614085026_0173_V_JPG.rf.518b0f796d8fd84b5eea25b9e14ab21f_tile_0118.jpg,correct,Crop,Crop,0.5487679243087769,0.7231174912809779
DJI_20230614085026_0173_V_JPG.rf.518b0f796d8fd84b5eea25b9e14ab21f_tile_0118.jpg,false_positive,background,Crop,0.3331710994243622,0.0
DJI_20230614085026_0173_V_JPG.rf.518b0f796d8fd84b5eea25b9e14ab21f_tile_0119.jpg,correct,Crop,Crop,0.4079759120941162,0.7189088742139617
DJI_20230614085026_0173_V_JPG.rf.518b0f796d8fd84b5eea25b9e14ab21f_tile_0119.jpg,false_positive,background,Crop,0.4565885365009308,0.0
DJI_20230614085052_0186_V_JPG.rf.774a838d460f939ffab6292b10842714_tile_0003.jpg,correct,Crop,Crop,0.4817403256893158,0.7098883200273504
DJI_20230614085052_0186_V_JPG.rf.774a838d460f939ffab6292b10842714_tile_0003.jpg,false_positive,background,Crop,0.4683419167995453,0.0
DJI_20230614085052_0186_V_JPG.rf.774a838d460f939ffab6292b10842714_tile_0004.jpg,correct,Crop,Crop,0.7039626240730286,0.7871755152668204
DJI_20230614085052_0186_V_JPG.rf.774a838d460f939ffab6292b10842714_tile_0005.jpg,correct,Crop,Crop,0.5061706900596619,0.8676151687260832
DJI_20230614085052_0186_V_JPG.rf.774a838d460f939ffab6292b10842714_tile_0005.jpg,missed_crop,Crop,background,0.0,0.0
DJI_20230614085052_0186_V_JPG.rf.774a838d460f939ffab6292b10842714_tile_0006.jpg,correct,Crop,Crop,0.7277156710624695,0.8420473116989189
DJI_20230614085052_0186_V_JPG.rf.774a838d460f939ffab6292b10842714_tile_0006.jpg,missed_crop,Crop,background,0.0,0.0
DJI_20230614085052_0186_V_JPG.rf.774a838d460f939ffab6292b10842714_tile_0006.jpg,missed_crop,Crop,background,0.0,0.0
DJI_20230614085052_0186_V_JPG.rf.774a838d460f939ffab6292b10842714_tile_0007.jpg,correct,Crop,Crop,0.6917813420295715,0.8486916473395452
DJI_20230614085052_0186_V_JPG.rf.774a838d460f939ffab6292b10842714_tile_0007.jpg,correct,Crop,Crop,0.7135072946548462,0.8403228250813563
DJI_20230614085052_0186_V_JPG.rf.774a838d460f939ffab6292b10842714_tile_0008.jpg,correct,Crop,Crop,0.6289281249046326,0.9219368383051145
DJI_20230614085052_0186_V_JPG.rf.774a838d460f939ffab6292b10842714_tile_0008.jpg,correct,Crop,Crop,0.7313018441200256,0.8549010516093848
DJI_20230614085052_0186_V_JPG.rf.774a838d460f939ffab6292b10842714_tile_0009.jpg,correct,Crop,Crop,0.6491701602935791,0.9211694693873789
DJI_20230614085052_0186_V_JPG.rf.774a838d460f939ffab6292b10842714_tile_0014.jpg,correct,Crop,Crop,0.7439674139022827,0.958073290331677
DJI_20230614085052_0186_V_JPG.rf.774a838d460f939ffab6292b10842714_tile_0015.jpg,correct,Crop,Crop,0.5591959953308105,0.7305614985704062
DJI_20230614085052_0186_V_JPG.rf.774a838d460f939ffab6292b10842714_tile_0016.jpg,correct,Crop,Crop,0.30255213379859924,0.7813450430151684
DJI_20230614085052_0186_V_JPG.rf.774a838d460f939ffab6292b10842714_tile_0016.jpg,correct,Crop,Crop,0.6478149890899658,0.7026902306026704
DJI_20230614085052_0186_V_JPG.rf.774a838d460f939ffab6292b10842714_tile_0016.jpg,false_positive,background,Crop,0.5557684302330017,0.0
DJI_20230614085052_0186_V_JPG.rf.774a838d460f939ffab6292b10842714_tile_0017.jpg,correct,Crop,Crop,0.7455134391784668,0.8333836318398421
DJI_20230614085052_0186_V_JPG.rf.774a838d460f939ffab6292b10842714_tile_0017.jpg,correct,Crop,Crop,0.6812778115272522,0.7113198040798304
DJI_20230614085052_0186_V_JPG.rf.774a838d460f939ffab6292b10842714_tile_0017.jpg,false_positive,background,Crop,0.39394980669021606,0.0
DJI_20230614085052_0186_V_JPG.rf.774a838d460f939ffab6292b10842714_tile_0018.jpg,correct,Crop,Crop,0.7275582551956177,0.8279860846789774
DJI_20230614085052_0186_V_JPG.rf.774a838d460f939ffab6292b10842714_tile_0018.jpg,correct,Crop,Crop,0.7122502326965332,0.7238849649338915
DJI_20230614085052_0186_V_JPG.rf.774a838d460f939ffab6292b10842714_tile_0018.jpg,correct,Crop,Crop,0.6042488813400269,0.7113541997197157
DJI_20230614085052_0186_V_JPG.rf.774a838d460f939ffab6292b10842714_tile_0018.jpg,correct,Crop,Crop,0.5850043296813965,0.6017496155788148
DJI_20230614085052_0186_V_JPG.rf.774a838d460f939ffab6292b10842714_tile_0019.jpg,correct,Crop,Crop,0.6483646035194397,0.8843241179780946
DJI_20230614085052_0186_V_JPG.rf.774a838d460f939ffab6292b10842714_tile_0019.jpg,correct,Crop,Crop,0.7169933319091797,0.7158875208804647
DJI_20230614085052_0186_V_JPG.rf.774a838d460f939ffab6292b10842714_tile_0019.jpg,correct,Crop,Crop,0.3825673460960388,0.6945719162847712
DJI_20230614085052_0186_V_JPG.rf.774a838d460f939ffab6292b10842714_tile_0019.jpg,correct,Crop,Crop,0.5774004459381104,0.6001860895671088
DJI_20230614085052_0186_V_JPG.rf.774a838d460f939ffab6292b10842714_tile_0020.jpg,correct,Crop,Crop,0.6765199303627014,0.8910666975755777
DJI_20230614085052_0186_V_JPG.rf.774a838d460f939ffab6292b10842714_tile_0020.jpg,correct,Crop,Crop,0.4446580410003662,0.6821563745663628
DJI_20230614085052_0186_V_JPG.rf.774a838d460f939ffab6292b10842714_tile_0024.jpg,correct,Crop,Crop,0.627834677696228,0.503697205307305
DJI_20230614085052_0186_V_JPG.rf.774a838d460f939ffab6292b10842714_tile_0025.jpg,correct,Crop,Crop,0.63132244348526,0.9761260712755866
DJI_20230614085052_0186_V_JPG.rf.774a838d460f939ffab6292b10842714_tile_0025.jpg,correct,Crop,Crop,0.525891125202179,0.8501241955621239
DJI_20230614085052_0186_V_JPG.rf.774a838d460f939ffab6292b10842714_tile_0025.jpg,false_positive,background,Crop,0.5963380336761475,0.0
DJI_20230614085052_0186_V_JPG.rf.774a838d460f939ffab6292b10842714_tile_0026.jpg,correct,Crop,Crop,0.5829004645347595,0.8465265418214
DJI_20230614085052_0186_V_JPG.rf.774a838d460f939ffab6292b10842714_tile_0027.jpg,correct,Crop,Crop,0.6852455735206604,0.8360259609145678
DJI_20230614085052_0186_V_JPG.rf.774a838d460f939ffab6292b10842714_tile_0027.jpg,correct,Crop,Crop,0.6397514343261719,0.7254160034798003
DJI_20230614085052_0186_V_JPG.rf.774a838d460f939ffab6292b10842714_tile_0028.jpg,correct,Crop,Crop,0.727796196937561,0.7632610472252042
DJI_20230614085052_0186_V_JPG.rf.774a838d460f939ffab6292b10842714_tile_0029.jpg,correct,Crop,Crop,0.7215139269828796,0.8123941536535714
DJI_20230614085052_0186_V_JPG.rf.774a838d460f939ffab6292b10842714_tile_0029.jpg,correct,Crop,Crop,0.7403817176818848,0.7086669168536901
DJI_20230614085052_0186_V_JPG.rf.774a838d460f939ffab6292b10842714_tile_0029.jpg,missed_crop,Crop,background,0.0,0.0
DJI_20230614085052_0186_V_JPG.rf.774a838d460f939ffab6292b10842714_tile_0030.jpg,correct,Crop,Crop,0.7438005805015564,0.7154071220543953
DJI_20230614085052_0186_V_JPG.rf.774a838d460f939ffab6292b10842714_tile_0030.jpg,correct,Crop,Crop,0.5038871169090271,0.6697472167756845
DJI_20230614085052_0186_V_JPG.rf.774a838d460f939ffab6292b10842714_tile_0030.jpg,correct,Crop,Crop,0.6647989749908447,0.5121128124882978
DJI_20230614085052_0186_V_JPG.rf.774a838d460f939ffab6292b10842714_tile_0030.jpg,missed_crop,Crop,background,0.0,0.0
DJI_20230614085052_0186_V_JPG.rf.774a838d460f939ffab6292b10842714_tile_0031.jpg,correct,Crop,Crop,0.5238982439041138,0.6661278690779402
DJI_20230614085052_0186_V_JPG.rf.774a838d460f939ffab6292b10842714_tile_0031.jpg,correct,Crop,Crop,0.6767227649688721,0.5148793839469389
DJI_20230614085052_0186_V_JPG.rf.774a838d460f939ffab6292b10842714_tile_0032.jpg,correct,Crop,Crop,0.6872648596763611,0.8051290173070822
DJI_20230614085052_0186_V_JPG.rf.774a838d460f939ffab6292b10842714_tile_0032.jpg,false_positive,background,Crop,0.4557502269744873,0.0
DJI_20230614085052_0186_V_JPG.rf.774a838d460f939ffab6292b10842714_tile_0033.jpg,correct,Crop,Crop,0.6841807961463928,0.808091507778575
DJI_20230614085052_0186_V_JPG.rf.774a838d460f939ffab6292b10842714_tile_0033.jpg,false_positive,background,Crop,0.4464080035686493,0.0
DJI_20230614085052_0186_V_JPG.rf.774a838d460f939ffab6292b10842714_tile_0035.jpg,correct,Crop,Crop,0.468941330909729,0.8357819553996148
DJI_20230614085052_0186_V_JPG.rf.774a838d460f939ffab6292b10842714_tile_0035.jpg,false_positive,background,Weed,0.31748896837234497,0.0
DJI_20230614085052_0186_V_JPG.rf.774a838d460f939ffab6292b10842714_tile_0036.jpg,correct,Crop,Crop,0.6228769421577454,0.7283955176934263
DJI_20230614085052_0186_V_JPG.rf.774a838d460f939ffab6292b10842714_tile_0036.jpg,correct,Crop,Crop,0.6953089237213135,0.5954943288631895
DJI_20230614085052_0186_V_JPG.rf.774a838d460f939ffab6292b10842714_tile_0037.jpg,correct,Crop,Crop,0.7345161437988281,0.724033907003532
DJI_20230614085052_0186_V_JPG.rf.774a838d460f939ffab6292b10842714_tile_0037.jpg,correct,Crop,Crop,0.7071525454521179,0.6440171528541638
DJI_20230614085052_0186_V_JPG.rf.774a838d460f939ffab6292b10842714_tile_0038.jpg,correct,Crop,Crop,0.6365451216697693,0.7482613546931471
DJI_20230614085052_0186_V_JPG.rf.774a838d460f939ffab6292b10842714_tile_0038.jpg,correct,Crop,Crop,0.5453552007675171,0.5147262612756421
DJI_20230614085052_0186_V_JPG.rf.774a838d460f939ffab6292b10842714_tile_0039.jpg,correct,Crop,Crop,0.6459187865257263,0.9551406334353523
DJI_20230614085052_0186_V_JPG.rf.774a838d460f939ffab6292b10842714_tile_0039.jpg,correct,Crop,Crop,0.5536566376686096,0.9344694534330522
DJI_20230614085052_0186_V_JPG.rf.774a838d460f939ffab6292b10842714_tile_0039.jpg,false_positive,background,Crop,0.3960205912590027,0.0
DJI_20230614085052_0186_V_JPG.rf.774a838d460f939ffab6292b10842714_tile_0040.jpg,correct,Crop,Crop,0.66168612241745,0.8394701647062431
DJI_20230614085052_0186_V_JPG.rf.774a838d460f939ffab6292b10842714_tile_0040.jpg,false_positive,background,Crop,0.45947280526161194,0.0
DJI_20230614085052_0186_V_JPG.rf.774a838d460f939ffab6292b10842714_tile_0041.jpg,correct,Crop,Crop,0.684249997138977,0.7133959599192082
DJI_20230614085052_0186_V_JPG.rf.774a838d460f939ffab6292b10842714_tile_0041.jpg,correct,Crop,Crop,0.5618830919265747,0.6489369609705232
DJI_20230614085052_0186_V_JPG.rf.774a838d460f939ffab6292b10842714_tile_0042.jpg,correct,Crop,Crop,0.6677905321121216,0.6982807084386301
DJI_20230614085052_0186_V_JPG.rf.774a838d460f939ffab6292b10842714_tile_0042.jpg,correct,Crop,Crop,0.5464572310447693,0.6557150289227107
DJI_20230614085052_0186_V_JPG.rf.774a838d460f939ffab6292b10842714_tile_0043.jpg,correct,Crop,Crop,0.6556112766265869,0.813175247612759
DJI_20230614085052_0186_V_JPG.rf.774a838d460f939ffab6292b10842714_tile_0043.jpg,false_positive,background,Crop,0.48941314220428467,0.0
DJI_20230614085052_0186_V_JPG.rf.774a838d460f939ffab6292b10842714_tile_0044.jpg,correct,Crop,Crop,0.6509831547737122,0.8140272010459678
DJI_20230614085052_0186_V_JPG.rf.774a838d460f939ffab6292b10842714_tile_0044.jpg,false_positive,background,Crop,0.48828640580177307,0.0
DJI_20230614085052_0186_V_JPG.rf.774a838d460f939ffab6292b10842714_tile_0046.jpg,correct,Crop,Crop,0.4964279532432556,0.8505969662719449
DJI_20230614085052_0186_V_JPG.rf.774a838d460f939ffab6292b10842714_tile_0047.jpg,correct,Crop,Crop,0.6386658549308777,0.849070234222229
DJI_20230614085052_0186_V_JPG.rf.774a838d460f939ffab6292b10842714_tile_0047.jpg,correct,Crop,Crop,0.5872660875320435,0.8306303094954296
DJI_20230614085052_0186_V_JPG.rf.774a838d460f939ffab6292b10842714_tile_0048.jpg,correct,Crop,Crop,0.6914613246917725,0.6875235082367236
DJI_20230614085052_0186_V_JPG.rf.774a838d460f939ffab6292b10842714_tile_0049.jpg,correct,Crop,Crop,0.34101608395576477,0.8340803469508391
DJI_20230614085052_0186_V_JPG.rf.774a838d460f939ffab6292b10842714_tile_0049.jpg,missed_crop,Crop,background,0.0,0.0
DJI_20230614085052_0186_V_JPG.rf.774a838d460f939ffab6292b10842714_tile_0049.jpg,false_positive,background,Crop,0.4263004958629608,0.0
DJI_20230614085052_0186_V_JPG.rf.774a838d460f939ffab6292b10842714_tile_0049.jpg,false_positive,background,Crop,0.37028586864471436,0.0
DJI_20230614085052_0186_V_JPG.rf.774a838d460f939ffab6292b10842714_tile_0050.jpg,correct,Crop,Crop,0.7384153604507446,0.8998057594897646
DJI_20230614085052_0186_V_JPG.rf.774a838d460f939ffab6292b10842714_tile_0050.jpg,false_positive,background,Crop,0.39420244097709656,0.0
DJI_20230614085052_0186_V_JPG.rf.774a838d460f939ffab6292b10842714_tile_0051.jpg,correct,Crop,Crop,0.5588997006416321,0.6379512384337981
DJI_20230614085052_0186_V_JPG.rf.774a838d460f939ffab6292b10842714_tile_0051.jpg,correct,Crop,Crop,0.7134905457496643,0.5918896818641651
DJI_20230614085052_0186_V_JPG.rf.774a838d460f939ffab6292b10842714_tile_0052.jpg,correct,Crop,Crop,0.6115706562995911,0.6954239272720433
DJI_20230614085052_0186_V_JPG.rf.774a838d460f939ffab6292b10842714_tile_0052.jpg,correct,Crop,Crop,0.6152111291885376,0.6222527496398406
DJI_20230614085052_0186_V_JPG.rf.774a838d460f939ffab6292b10842714_tile_0054.jpg,correct,Crop,Crop,0.7105157375335693,0.8930339214967247
DJI_20230614085052_0186_V_JPG.rf.774a838d460f939ffab6292b10842714_tile_0054.jpg,false_positive,background,Crop,0.5190492272377014,0.0
DJI_20230614085052_0186_V_JPG.rf.774a838d460f939ffab6292b10842714_tile_0055.jpg,correct,Crop,Crop,0.708982527256012,0.894256528027089
DJI_20230614085052_0186_V_JPG.rf.774a838d460f939ffab6292b10842714_tile_0055.jpg,false_positive,background,Crop,0.5146943926811218,0.0
DJI_20230614085052_0186_V_JPG.rf.774a838d460f939ffab6292b10842714_tile_0056.jpg,correct,Crop,Crop,0.42363300919532776,0.7190708529642004
DJI_20230614085052_0186_V_JPG.rf.774a838d460f939ffab6292b10842714_tile_0056.jpg,false_positive,background,Crop,0.793082058429718,0.0
DJI_20230614085052_0186_V_JPG.rf.774a838d460f939ffab6292b10842714_tile_0056.jpg,false_positive,background,Crop,0.27476659417152405,0.0
DJI_20230614085052_0186_V_JPG.rf.774a838d460f939ffab6292b10842714_tile_0057.jpg,correct,Crop,Crop,0.6007157564163208,0.5511706179855013
DJI_20230614085052_0186_V_JPG.rf.774a838d460f939ffab6292b10842714_tile_0058.jpg,correct,Crop,Crop,0.594409167766571,0.838856146637868
DJI_20230614085052_0186_V_JPG.rf.774a838d460f939ffab6292b10842714_tile_0058.jpg,correct,Crop,Crop,0.5850582718849182,0.5759909498682028
DJI_20230614085052_0186_V_JPG.rf.774a838d460f939ffab6292b10842714_tile_0059.jpg,correct,Crop,Crop,0.5270551443099976,0.8376836280723534
DJI_20230614085052_0186_V_JPG.rf.774a838d460f939ffab6292b10842714_tile_0059.jpg,correct,Crop,Crop,0.4455544054508209,0.7470623910936459
DJI_20230614085052_0186_V_JPG.rf.774a838d460f939ffab6292b10842714_tile_0059.jpg,missed_crop,Crop,background,0.0,0.0
DJI_20230614085052_0186_V_JPG.rf.774a838d460f939ffab6292b10842714_tile_0059.jpg,false_positive,background,Crop,0.41489213705062866,0.0
DJI_20230614085052_0186_V_JPG.rf.774a838d460f939ffab6292b10842714_tile_0059.jpg,false_positive,background,Crop,0.3469724953174591,0.0
DJI_20230614085052_0186_V_JPG.rf.774a838d460f939ffab6292b10842714_tile_0059.jpg,false_positive,background,Crop,0.30261513590812683,0.0
DJI_20230614085052_0186_V_JPG.rf.774a838d460f939ffab6292b10842714_tile_0060.jpg,correct,Crop,Crop,0.3504077196121216,0.8042491637448578
DJI_20230614085052_0186_V_JPG.rf.774a838d460f939ffab6292b10842714_tile_0060.jpg,correct,Crop,Crop,0.6568964719772339,0.7444631966368933
DJI_20230614085052_0186_V_JPG.rf.774a838d460f939ffab6292b10842714_tile_0060.jpg,false_positive,background,Crop,0.5095356106758118,0.0
DJI_20230614085052_0186_V_JPG.rf.774a838d460f939ffab6292b10842714_tile_0060.jpg,false_positive,background,Crop,0.44943368434906006,0.0
DJI_20230614085052_0186_V_JPG.rf.774a838d460f939ffab6292b10842714_tile_0061.jpg,correct,Crop,Crop,0.7385059595108032,0.9110689316983278
DJI_20230614085052_0186_V_JPG.rf.774a838d460f939ffab6292b10842714_tile_0061.jpg,correct,Crop,Crop,0.7637332081794739,0.7923230863342764
DJI_20230614085052_0186_V_JPG.rf.774a838d460f939ffab6292b10842714_tile_0062.jpg,correct,Crop,Crop,0.5778117775917053,0.6412495506351051
DJI_20230614085052_0186_V_JPG.rf.774a838d460f939ffab6292b10842714_tile_0062.jpg,correct,Crop,Crop,0.4594893157482147,0.6175822572521924
DJI_20230614085052_0186_V_JPG.rf.774a838d460f939ffab6292b10842714_tile_0063.jpg,correct,Crop,Crop,0.6832488179206848,0.7850702339567276
DJI_20230614085052_0186_V_JPG.rf.774a838d460f939ffab6292b10842714_tile_0063.jpg,correct,Crop,Crop,0.5896466970443726,0.687746380725871
DJI_20230614085052_0186_V_JPG.rf.774a838d460f939ffab6292b10842714_tile_0064.jpg,correct,Crop,Crop,0.713366687297821,0.7253996999362406
DJI_20230614085052_0186_V_JPG.rf.774a838d460f939ffab6292b10842714_tile_0065.jpg,correct,Crop,Crop,0.7196704149246216,0.8605529590694245
DJI_20230614085052_0186_V_JPG.rf.774a838d460f939ffab6292b10842714_tile_0066.jpg,correct,Crop,Crop,0.7168744802474976,0.8603241899643398
DJI_20230614085052_0186_V_JPG.rf.774a838d460f939ffab6292b10842714_tile_0067.jpg,correct,Crop,Crop,0.4307019114494324,0.713847026314821
DJI_20230614085052_0186_V_JPG.rf.774a838d460f939ffab6292b10842714_tile_0067.jpg,false_positive,background,Crop,0.6686772108078003,0.0
DJI_20230614085052_0186_V_JPG.rf.774a838d460f939ffab6292b10842714_tile_0068.jpg,correct,Crop,Crop,0.5514951944351196,0.7598294022533378
DJI_20230614085052_0186_V_JPG.rf.774a838d460f939ffab6292b10842714_tile_0068.jpg,correct,Crop,Crop,0.6064863801002502,0.5407043898505334
DJI_20230614085052_0186_V_JPG.rf.774a838d460f939ffab6292b10842714_tile_0069.jpg,correct,Crop,Crop,0.6994407176971436,0.8068631379840128
DJI_20230614085052_0186_V_JPG.rf.774a838d460f939ffab6292b10842714_tile_0069.jpg,correct,Crop,Crop,0.6783127784729004,0.7495604714297808
DJI_20230614085052_0186_V_JPG.rf.774a838d460f939ffab6292b10842714_tile_0070.jpg,correct,Crop,Crop,0.28573811054229736,0.8616212306572997
DJI_20230614085052_0186_V_JPG.rf.774a838d460f939ffab6292b10842714_tile_0070.jpg,correct,Crop,Crop,0.5313087701797485,0.7493476009548998
DJI_20230614085052_0186_V_JPG.rf.774a838d460f939ffab6292b10842714_tile_0070.jpg,correct,Crop,Crop,0.5403514504432678,0.6417517477105847
DJI_20230614085052_0186_V_JPG.rf.774a838d460f939ffab6292b10842714_tile_0070.jpg,false_positive,background,Crop,0.3937292993068695,0.0
DJI_20230614085052_0186_V_JPG.rf.774a838d460f939ffab6292b10842714_tile_0071.jpg,correct,Crop,Crop,0.585678219795227,0.8476912034679815
DJI_20230614085052_0186_V_JPG.rf.774a838d460f939ffab6292b10842714_tile_0071.jpg,correct,Crop,Crop,0.5730326771736145,0.7675752977532636
DJI_20230614085052_0186_V_JPG.rf.774a838d460f939ffab6292b10842714_tile_0071.jpg,false_positive,background,Crop,0.4351406395435333,0.0
DJI_20230614085052_0186_V_JPG.rf.774a838d460f939ffab6292b10842714_tile_0072.jpg,correct,Crop,Crop,0.7068459391593933,0.7656484094860408
DJI_20230614085052_0186_V_JPG.rf.774a838d460f939ffab6292b10842714_tile_0072.jpg,correct,Crop,Crop,0.7458862066268921,0.7397555021957687
DJI_20230614085052_0186_V_JPG.rf.774a838d460f939ffab6292b10842714_tile_0073.jpg,missed_crop,Crop,background,0.0,0.0
DJI_20230614085052_0186_V_JPG.rf.774a838d460f939ffab6292b10842714_tile_0074.jpg,correct,Crop,Crop,0.7011864185333252,0.7798233154440259
DJI_20230614085052_0186_V_JPG.rf.774a838d460f939ffab6292b10842714_tile_0074.jpg,correct,Crop,Crop,0.554732620716095,0.6584803396973152
DJI_20230614085052_0186_V_JPG.rf.774a838d460f939ffab6292b10842714_tile_0075.jpg,correct,Crop,Crop,0.3989329934120178,0.7517316944128271
DJI_20230614085052_0186_V_JPG.rf.774a838d460f939ffab6292b10842714_tile_0075.jpg,false_positive,background,Crop,0.27230650186538696,0.0
DJI_20230614085052_0186_V_JPG.rf.774a838d460f939ffab6292b10842714_tile_0076.jpg,correct,Crop,Crop,0.27396753430366516,0.6092586908484907
DJI_20230614085052_0186_V_JPG.rf.774a838d460f939ffab6292b10842714_tile_0077.jpg,correct,Crop,Crop,0.2683589458465576,0.6082037322343965
DJI_20230614085052_0186_V_JPG.rf.774a838d460f939ffab6292b10842714_tile_0078.jpg,correct,Crop,Crop,0.5115005970001221,0.5403980981917684
DJI_20230614085052_0186_V_JPG.rf.774a838d460f939ffab6292b10842714_tile_0078.jpg,false_positive,background,Crop,0.6377449631690979,0.0
DJI_20230614085052_0186_V_JPG.rf.774a838d460f939ffab6292b10842714_tile_0078.jpg,false_positive,background,Crop,0.5161836743354797,0.0
DJI_20230614085052_0186_V_JPG.rf.774a838d460f939ffab6292b10842714_tile_0079.jpg,correct,Crop,Crop,0.6987608075141907,0.8301816024375019
DJI_20230614085052_0186_V_JPG.rf.774a838d460f939ffab6292b10842714_tile_0079.jpg,correct,Crop,Crop,0.5671895146369934,0.7517864464948318
DJI_20230614085052_0186_V_JPG.rf.774a838d460f939ffab6292b10842714_tile_0079.jpg,correct,Crop,Crop,0.5236420631408691,0.5441902369717555
DJI_20230614085052_0186_V_JPG.rf.774a838d460f939ffab6292b10842714_tile_0080.jpg,correct,Crop,Crop,0.687229573726654,0.8753342528481904
DJI_20230614085052_0186_V_JPG.rf.774a838d460f939ffab6292b10842714_tile_0080.jpg,correct,Crop,Crop,0.6683194637298584,0.7561841978181463
DJI_20230614085052_0186_V_JPG.rf.774a838d460f939ffab6292b10842714_tile_0081.jpg,correct,Crop,Crop,0.5195870399475098,0.7470557429143634
DJI_20230614085052_0186_V_JPG.rf.774a838d460f939ffab6292b10842714_tile_0081.jpg,missed_crop,Crop,background,0.0,0.0
DJI_20230614085052_0186_V_JPG.rf.774a838d460f939ffab6292b10842714_tile_0082.jpg,correct,Crop,Crop,0.632207453250885,0.6820790053949921
DJI_20230614085052_0186_V_JPG.rf.774a838d460f939ffab6292b10842714_tile_0082.jpg,correct,Crop,Crop,0.3891933858394623,0.6245084367321263
DJI_20230614085052_0186_V_JPG.rf.774a838d460f939ffab6292b10842714_tile_0082.jpg,missed_weed,Weed,background,0.0,0.0
DJI_20230614085052_0186_V_JPG.rf.774a838d460f939ffab6292b10842714_tile_0083.jpg,correct,Crop,Crop,0.7509350180625916,0.824464645519885
DJI_20230614085052_0186_V_JPG.rf.774a838d460f939ffab6292b10842714_tile_0083.jpg,correct,Crop,Crop,0.6304419040679932,0.7299718614782995
DJI_20230614085052_0186_V_JPG.rf.774a838d460f939ffab6292b10842714_tile_0084.jpg,correct,Crop,Crop,0.6096373796463013,0.783319593305484
DJI_20230614085052_0186_V_JPG.rf.774a838d460f939ffab6292b10842714_tile_0085.jpg,correct,Crop,Crop,0.7213795185089111,0.857709415691817
DJI_20230614085052_0186_V_JPG.rf.774a838d460f939ffab6292b10842714_tile_0085.jpg,correct,Crop,Crop,0.5572913289070129,0.6670862444510126
DJI_20230614085052_0186_V_JPG.rf.774a838d460f939ffab6292b10842714_tile_0089.jpg,correct,Crop,Crop,0.7481059432029724,0.6558403298722504
DJI_20230614085052_0186_V_JPG.rf.774a838d460f939ffab6292b10842714_tile_0089.jpg,missed_crop,Crop,background,0.0,0.0
DJI_20230614085052_0186_V_JPG.rf.774a838d460f939ffab6292b10842714_tile_0089.jpg,false_positive,background,Crop,0.35828879475593567,0.0
DJI_20230614085052_0186_V_JPG.rf.774a838d460f939ffab6292b10842714_tile_0090.jpg,correct,Crop,Crop,0.6361496448516846,0.8675004249617462
DJI_20230614085052_0186_V_JPG.rf.774a838d460f939ffab6292b10842714_tile_0090.jpg,correct,Crop,Crop,0.7438238263130188,0.664458348535214
DJI_20230614085052_0186_V_JPG.rf.774a838d460f939ffab6292b10842714_tile_0090.jpg,missed_crop,Crop,background,0.0,0.0
DJI_20230614085052_0186_V_JPG.rf.774a838d460f939ffab6292b10842714_tile_0091.jpg,correct,Crop,Crop,0.6374928951263428,0.8759121026350027
DJI_20230614085052_0186_V_JPG.rf.774a838d460f939ffab6292b10842714_tile_0092.jpg,correct,Crop,Crop,0.60262531042099,0.7980804621764965
DJI_20230614085052_0186_V_JPG.rf.774a838d460f939ffab6292b10842714_tile_0092.jpg,correct,Crop,Crop,0.6631129384040833,0.7588879773174186
DJI_20230614085052_0186_V_JPG.rf.774a838d460f939ffab6292b10842714_tile_0093.jpg,correct,Crop,Crop,0.7237367630004883,0.8024521498866019
DJI_20230614085052_0186_V_JPG.rf.774a838d460f939ffab6292b10842714_tile_0093.jpg,correct,Crop,Crop,0.5991695523262024,0.6872014224986326
DJI_20230614085052_0186_V_JPG.rf.774a838d460f939ffab6292b10842714_tile_0094.jpg,correct,Crop,Crop,0.5873170495033264,0.5035370877994326
DJI_20230614085052_0186_V_JPG.rf.774a838d460f939ffab6292b10842714_tile_0094.jpg,false_positive,background,Crop,0.3321770131587982,0.0
DJI_20230614085052_0186_V_JPG.rf.774a838d460f939ffab6292b10842714_tile_0094.jpg,false_positive,background,Crop,0.32760149240493774,0.0
DJI_20230614085052_0186_V_JPG.rf.774a838d460f939ffab6292b10842714_tile_0095.jpg,correct,Crop,Crop,0.652648389339447,0.785136362485343
DJI_20230614085052_0186_V_JPG.rf.774a838d460f939ffab6292b10842714_tile_0096.jpg,correct,Crop,Crop,0.7295925617218018,0.7923751733177418
DJI_20230614085052_0186_V_JPG.rf.774a838d460f939ffab6292b10842714_tile_0096.jpg,correct,Crop,Crop,0.6691157817840576,0.7495172019797456
DJI_20230614085052_0186_V_JPG.rf.774a838d460f939ffab6292b10842714_tile_0100.jpg,correct,Crop,Crop,0.6147432327270508,0.5849843355002066
DJI_20230614085052_0186_V_JPG.rf.774a838d460f939ffab6292b10842714_tile_0101.jpg,correct,Crop,Crop,0.634087860584259,0.5987811114667444
DJI_20230614085052_0186_V_JPG.rf.774a838d460f939ffab6292b10842714_tile_0101.jpg,correct,Crop,Crop,0.39984598755836487,0.5294275250539773
DJI_20230614085052_0186_V_JPG.rf.774a838d460f939ffab6292b10842714_tile_0101.jpg,false_positive,background,Crop,0.2896007001399994,0.0
DJI_20230614085052_0186_V_JPG.rf.774a838d460f939ffab6292b10842714_tile_0102.jpg,correct,Crop,Crop,0.4187089502811432,0.5457867074883948
DJI_20230614085052_0186_V_JPG.rf.774a838d460f939ffab6292b10842714_tile_0104.jpg,correct,Crop,Crop,0.45032528042793274,0.7178211073128694
DJI_20230614085052_0186_V_JPG.rf.774a838d460f939ffab6292b10842714_tile_0104.jpg,correct,Crop,Crop,0.32859286665916443,0.7064309000976843
DJI_20230614085052_0186_V_JPG.rf.774a838d460f939ffab6292b10842714_tile_0106.jpg,correct,Crop,Crop,0.6312163472175598,0.8479522202092848
DJI_20230614085052_0186_V_JPG.rf.774a838d460f939ffab6292b10842714_tile_0107.jpg,correct,Crop,Crop,0.7405508756637573,0.7952567526335458
DJI_20230614085052_0186_V_JPG.rf.774a838d460f939ffab6292b10842714_tile_0107.jpg,correct,Crop,Crop,0.7029767036437988,0.7672703131765516
DJI_20230614085052_0186_V_JPG.rf.774a838d460f939ffab6292b10842714_tile_0109.jpg,correct,Crop,Crop,0.4610973596572876,0.6382417431751273
DJI_20230614085052_0186_V_JPG.rf.774a838d460f939ffab6292b10842714_tile_0110.jpg,correct,Crop,Crop,0.4711436331272125,0.6445054173773386
DJI_20230614085052_0186_V_JPG.rf.774a838d460f939ffab6292b10842714_tile_0111.jpg,correct,Crop,Crop,0.6514611840248108,0.5966935733932766
DJI_20230614085052_0186_V_JPG.rf.774a838d460f939ffab6292b10842714_tile_0111.jpg,false_positive,background,Crop,0.2736690640449524,0.0
DJI_20230614085052_0186_V_JPG.rf.774a838d460f939ffab6292b10842714_tile_0112.jpg,correct,Crop,Crop,0.6361050009727478,0.6096328145598625
DJI_20230614085052_0186_V_JPG.rf.774a838d460f939ffab6292b10842714_tile_0112.jpg,correct,Crop,Crop,0.40673667192459106,0.5766291006562864
DJI_20230614085052_0186_V_JPG.rf.774a838d460f939ffab6292b10842714_tile_0112.jpg,false_positive,background,Crop,0.2795502841472626,0.0
DJI_20230614085052_0186_V_JPG.rf.774a838d460f939ffab6292b10842714_tile_0113.jpg,correct,Crop,Crop,0.4168884754180908,0.5980812061003579
DJI_20230614085052_0186_V_JPG.rf.774a838d460f939ffab6292b10842714_tile_0115.jpg,correct,Crop,Crop,0.4016469120979309,0.7155448713725269
DJI_20230614085052_0186_V_JPG.rf.774a838d460f939ffab6292b10842714_tile_0115.jpg,correct,Crop,Crop,0.3565141260623932,0.6970395589694914
DJI_20230614085052_0186_V_JPG.rf.774a838d460f939ffab6292b10842714_tile_0117.jpg,correct,Crop,Crop,0.6237256526947021,0.8543685894198574
DJI_20230614085052_0186_V_JPG.rf.774a838d460f939ffab6292b10842714_tile_0117.jpg,false_positive,background,Crop,0.432988703250885,0.0
DJI_20230614085052_0186_V_JPG.rf.774a838d460f939ffab6292b10842714_tile_0118.jpg,correct,Crop,Crop,0.7122769355773926,0.7911019535153292
DJI_20230614085052_0186_V_JPG.rf.774a838d460f939ffab6292b10842714_tile_0118.jpg,correct,Crop,Crop,0.7212152481079102,0.7877276036094513
DJI_20230614085052_0186_V_JPG.rf.774a838d460f939ffab6292b10842714_tile_0120.jpg,correct,Crop,Crop,0.47198206186294556,0.7007470406934835
DJI_20230614085052_0186_V_JPG.rf.774a838d460f939ffab6292b10842714_tile_0121.jpg,correct,Crop,Crop,0.47933894395828247,0.7196171985296035
DJI_20230614085052_0186_V_JPG.rf.774a838d460f939ffab6292b10842714_tile_0121.jpg,false_positive,background,Crop,0.30206406116485596,0.0
DJI_20230614085104_0191_V_JPG.rf.e9526a6232ae38a62c6621c36343778b_tile_0001.jpg,correct,Weed,Weed,0.7417007088661194,0.7073912565699882
DJI_20230614085104_0191_V_JPG.rf.e9526a6232ae38a62c6621c36343778b_tile_0001.jpg,false_positive,background,Crop,0.33459940552711487,0.0
DJI_20230614085104_0191_V_JPG.rf.e9526a6232ae38a62c6621c36343778b_tile_0002.jpg,correct,Crop,Crop,0.5378965139389038,0.8895505979129741
DJI_20230614085104_0191_V_JPG.rf.e9526a6232ae38a62c6621c36343778b_tile_0002.jpg,correct,Crop,Crop,0.5980859398841858,0.7855952164735773
DJI_20230614085104_0191_V_JPG.rf.e9526a6232ae38a62c6621c36343778b_tile_0002.jpg,correct,Weed,Weed,0.682385265827179,0.7548989030247968
DJI_20230614085104_0191_V_JPG.rf.e9526a6232ae38a62c6621c36343778b_tile_0002.jpg,false_positive,background,Crop,0.6202698945999146,0.0
DJI_20230614085104_0191_V_JPG.rf.e9526a6232ae38a62c6621c36343778b_tile_0008.jpg,correct,Crop,Crop,0.3882245123386383,0.8230800559998247
DJI_20230614085104_0191_V_JPG.rf.e9526a6232ae38a62c6621c36343778b_tile_0008.jpg,false_positive,background,Weed,0.39932405948638916,0.0
DJI_20230614085104_0191_V_JPG.rf.e9526a6232ae38a62c6621c36343778b_tile_0008.jpg,false_positive,background,Weed,0.3421136736869812,0.0
DJI_20230614085104_0191_V_JPG.rf.e9526a6232ae38a62c6621c36343778b_tile_0008.jpg,false_positive,background,Crop,0.29975298047065735,0.0
DJI_20230614085104_0191_V_JPG.rf.e9526a6232ae38a62c6621c36343778b_tile_0012.jpg,correct,Crop,Crop,0.6625421643257141,0.8129274209253632
DJI_20230614085104_0191_V_JPG.rf.e9526a6232ae38a62c6621c36343778b_tile_0013.jpg,correct,Crop,Crop,0.5773031115531921,0.8002677145445248
DJI_20230614085104_0191_V_JPG.rf.e9526a6232ae38a62c6621c36343778b_tile_0014.jpg,correct,Crop,Crop,0.7204875946044922,0.8746846472158215
DJI_20230614085104_0191_V_JPG.rf.e9526a6232ae38a62c6621c36343778b_tile_0014.jpg,correct,Crop,Crop,0.6182944178581238,0.7982243068642284
DJI_20230614085104_0191_V_JPG.rf.e9526a6232ae38a62c6621c36343778b_tile_0015.jpg,correct,Weed,Weed,0.5550513863563538,0.8989908130948384
DJI_20230614085104_0191_V_JPG.rf.e9526a6232ae38a62c6621c36343778b_tile_0015.jpg,correct,Crop,Crop,0.5756665468215942,0.6704263188909553
DJI_20230614085104_0191_V_JPG.rf.e9526a6232ae38a62c6621c36343778b_tile_0015.jpg,false_positive,background,Weed,0.5458716154098511,0.0
DJI_20230614085104_0191_V_JPG.rf.e9526a6232ae38a62c6621c36343778b_tile_0016.jpg,correct,Crop,Crop,0.7261006236076355,0.9508452534339366
DJI_20230614085104_0191_V_JPG.rf.e9526a6232ae38a62c6621c36343778b_tile_0016.jpg,correct,Weed,Weed,0.681175708770752,0.8919906209943483
DJI_20230614085104_0191_V_JPG.rf.e9526a6232ae38a62c6621c36343778b_tile_0017.jpg,correct,Crop,Crop,0.6143542528152466,0.7363971961183716
DJI_20230614085104_0191_V_JPG.rf.e9526a6232ae38a62c6621c36343778b_tile_0017.jpg,correct,Crop,Crop,0.5878291130065918,0.6419505354592705
DJI_20230614085104_0191_V_JPG.rf.e9526a6232ae38a62c6621c36343778b_tile_0018.jpg,correct,Crop,Crop,0.7753434181213379,0.8742687614786359
DJI_20230614085104_0191_V_JPG.rf.e9526a6232ae38a62c6621c36343778b_tile_0019.jpg,correct,Crop,Crop,0.6595175862312317,0.8098057359235062
DJI_20230614085104_0191_V_JPG.rf.e9526a6232ae38a62c6621c36343778b_tile_0019.jpg,correct,Crop,Crop,0.6221755146980286,0.7015058301448046
DJI_20230614085104_0191_V_JPG.rf.e9526a6232ae38a62c6621c36343778b_tile_0019.jpg,false_positive,background,Weed,0.6928864121437073,0.0
DJI_20230614085104_0191_V_JPG.rf.e9526a6232ae38a62c6621c36343778b_tile_0020.jpg,correct,Weed,Weed,0.8101625442504883,0.8517553397799554
DJI_20230614085104_0191_V_JPG.rf.e9526a6232ae38a62c6621c36343778b_tile_0020.jpg,correct,Crop,Crop,0.3108987808227539,0.6825235220701584
DJI_20230614085104_0191_V_JPG.rf.e9526a6232ae38a62c6621c36343778b_tile_0023.jpg,correct,Crop,Crop,0.39985033869743347,0.7233298117062077
DJI_20230614085104_0191_V_JPG.rf.e9526a6232ae38a62c6621c36343778b_tile_0024.jpg,correct,Crop,Crop,0.2665330469608307,0.8410958500013259
DJI_20230614085104_0191_V_JPG.rf.e9526a6232ae38a62c6621c36343778b_tile_0024.jpg,missed_weed,Weed,background,0.0,0.0
DJI_20230614085104_0191_V_JPG.rf.e9526a6232ae38a62c6621c36343778b_tile_0024.jpg,false_positive,background,Crop,0.32716071605682373,0.0
DJI_20230614085104_0191_V_JPG.rf.e9526a6232ae38a62c6621c36343778b_tile_0024.jpg,false_positive,background,Weed,0.31663963198661804,0.0
DJI_20230614085104_0191_V_JPG.rf.e9526a6232ae38a62c6621c36343778b_tile_0025.jpg,correct,Crop,Crop,0.716012179851532,0.8970233948758078
DJI_20230614085104_0191_V_JPG.rf.e9526a6232ae38a62c6621c36343778b_tile_0025.jpg,correct,Weed,Weed,0.38388383388519287,0.602437213983454
DJI_20230614085104_0191_V_JPG.rf.e9526a6232ae38a62c6621c36343778b_tile_0025.jpg,false_positive,background,Weed,0.3963213860988617,0.0
DJI_20230614085104_0191_V_JPG.rf.e9526a6232ae38a62c6621c36343778b_tile_0027.jpg,correct,Crop,Crop,0.7307464480400085,0.9129753406081232
DJI_20230614085104_0191_V_JPG.rf.e9526a6232ae38a62c6621c36343778b_tile_0027.jpg,correct,Crop,Crop,0.6418901085853577,0.7598119088239066
DJI_20230614085104_0191_V_JPG.rf.e9526a6232ae38a62c6621c36343778b_tile_0028.jpg,correct,Crop,Crop,0.5845745801925659,0.7367977798604013
DJI_20230614085104_0191_V_JPG.rf.e9526a6232ae38a62c6621c36343778b_tile_0028.jpg,correct,Crop,Crop,0.42490270733833313,0.730451337411465
DJI_20230614085104_0191_V_JPG.rf.e9526a6232ae38a62c6621c36343778b_tile_0029.jpg,correct,Crop,Crop,0.681891679763794,0.7058833446836963
DJI_20230614085104_0191_V_JPG.rf.e9526a6232ae38a62c6621c36343778b_tile_0030.jpg,correct,Crop,Crop,0.6719208359718323,0.8349934378647759
DJI_20230614085104_0191_V_JPG.rf.e9526a6232ae38a62c6621c36343778b_tile_0030.jpg,correct,Crop,Crop,0.6368876695632935,0.703523460124895
DJI_20230614085104_0191_V_JPG.rf.e9526a6232ae38a62c6621c36343778b_tile_0034.jpg,correct,Crop,Crop,0.592329740524292,0.7587640397974017
DJI_20230614085104_0191_V_JPG.rf.e9526a6232ae38a62c6621c36343778b_tile_0034.jpg,correct,Crop,Crop,0.37475156784057617,0.703106590993188
DJI_20230614085104_0191_V_JPG.rf.e9526a6232ae38a62c6621c36343778b_tile_0035.jpg,missed_crop,Crop,background,0.0,0.0
DJI_20230614085104_0191_V_JPG.rf.e9526a6232ae38a62c6621c36343778b_tile_0036.jpg,correct,Weed,Weed,0.7454333305358887,0.904759551452512
DJI_20230614085104_0191_V_JPG.rf.e9526a6232ae38a62c6621c36343778b_tile_0036.jpg,correct,Crop,Crop,0.5934944748878479,0.7270681087094905
DJI_20230614085104_0191_V_JPG.rf.e9526a6232ae38a62c6621c36343778b_tile_0036.jpg,correct,Crop,Crop,0.557417631149292,0.7261496760012038
DJI_20230614085104_0191_V_JPG.rf.e9526a6232ae38a62c6621c36343778b_tile_0037.jpg,correct,Crop,Crop,0.3204832077026367,0.7098393920795453
DJI_20230614085104_0191_V_JPG.rf.e9526a6232ae38a62c6621c36343778b_tile_0037.jpg,missed_weed,Weed,background,0.0,0.0
DJI_20230614085104_0191_V_JPG.rf.e9526a6232ae38a62c6621c36343778b_tile_0038.jpg,correct,Crop,Crop,0.5132277011871338,0.7169929688619074
DJI_20230614085104_0191_V_JPG.rf.e9526a6232ae38a62c6621c36343778b_tile_0038.jpg,missed_crop,Crop,background,0.0,0.0
DJI_20230614085104_0191_V_JPG.rf.e9526a6232ae38a62c6621c36343778b_tile_0039.jpg,correct,Crop,Crop,0.6567806005477905,0.7975231356852289
DJI_20230614085104_0191_V_JPG.rf.e9526a6232ae38a62c6621c36343778b_tile_0039.jpg,correct,Crop,Crop,0.7609593868255615,0.6477726696592091
DJI_20230614085104_0191_V_JPG.rf.e9526a6232ae38a62c6621c36343778b_tile_0040.jpg,correct,Crop,Crop,0.6118042469024658,0.7689058769873938
DJI_20230614085104_0191_V_JPG.rf.e9526a6232ae38a62c6621c36343778b_tile_0040.jpg,correct,Crop,Crop,0.7177234292030334,0.7585912897133299
DJI_20230614085104_0191_V_JPG.rf.e9526a6232ae38a62c6621c36343778b_tile_0041.jpg,correct,Crop,Crop,0.6888262629508972,0.8610689853683002
DJI_20230614085104_0191_V_JPG.rf.e9526a6232ae38a62c6621c36343778b_tile_0041.jpg,correct,Crop,Crop,0.6205320358276367,0.7787815596514646
DJI_20230614085104_0191_V_JPG.rf.e9526a6232ae38a62c6621c36343778b_tile_0041.jpg,correct,Weed,Weed,0.4393739402294159,0.5617900770967981
DJI_20230614085104_0191_V_JPG.rf.e9526a6232ae38a62c6621c36343778b_tile_0042.jpg,correct,Crop,Crop,0.571588933467865,0.8337190652139282
DJI_20230614085104_0191_V_JPG.rf.e9526a6232ae38a62c6621c36343778b_tile_0042.jpg,correct,Weed,Weed,0.4835191071033478,0.5807783184783106
DJI_20230614085104_0191_V_JPG.rf.e9526a6232ae38a62c6621c36343778b_tile_0042.jpg,missed_crop,Crop,background,0.0,0.0
DJI_20230614085104_0191_V_JPG.rf.e9526a6232ae38a62c6621c36343778b_tile_0043.jpg,correct,Crop,Crop,0.662868320941925,0.8790557566483803
DJI_20230614085104_0191_V_JPG.rf.e9526a6232ae38a62c6621c36343778b_tile_0043.jpg,correct,Crop,Crop,0.5207927823066711,0.7780510216379293
DJI_20230614085104_0191_V_JPG.rf.e9526a6232ae38a62c6621c36343778b_tile_0044.jpg,correct,Crop,Crop,0.6605883836746216,0.8804823086224243
DJI_20230614085104_0191_V_JPG.rf.e9526a6232ae38a62c6621c36343778b_tile_0044.jpg,correct,Crop,Crop,0.5182865858078003,0.772182216284966
DJI_20230614085104_0191_V_JPG.rf.e9526a6232ae38a62c6621c36343778b_tile_0045.jpg,correct,Crop,Crop,0.6268308162689209,0.8718858300076551
DJI_20230614085104_0191_V_JPG.rf.e9526a6232ae38a62c6621c36343778b_tile_0045.jpg,correct,Crop,Crop,0.2539993226528168,0.7740074865902355
DJI_20230614085104_0191_V_JPG.rf.e9526a6232ae38a62c6621c36343778b_tile_0046.jpg,correct,Crop,Crop,0.5823524594306946,0.7338034253184791
DJI_20230614085104_0191_V_JPG.rf.e9526a6232ae38a62c6621c36343778b_tile_0046.jpg,false_positive,background,Crop,0.3061884045600891,0.0
DJI_20230614085104_0191_V_JPG.rf.e9526a6232ae38a62c6621c36343778b_tile_0047.jpg,correct,Crop,Crop,0.621070146560669,0.9065480871262307
DJI_20230614085104_0191_V_JPG.rf.e9526a6232ae38a62c6621c36343778b_tile_0047.jpg,correct,Crop,Crop,0.5460322499275208,0.8071096254973871
DJI_20230614085104_0191_V_JPG.rf.e9526a6232ae38a62c6621c36343778b_tile_0048.jpg,correct,Crop,Crop,0.45099568367004395,0.6536528940181288
DJI_20230614085104_0191_V_JPG.rf.e9526a6232ae38a62c6621c36343778b_tile_0049.jpg,correct,Crop,Crop,0.49987295269966125,0.821637183239285
DJI_20230614085104_0191_V_JPG.rf.e9526a6232ae38a62c6621c36343778b_tile_0050.jpg,correct,Crop,Crop,0.7501143217086792,0.8027826084471498
DJI_20230614085104_0191_V_JPG.rf.e9526a6232ae38a62c6621c36343778b_tile_0050.jpg,correct,Crop,Crop,0.5943847894668579,0.7350361703020617
DJI_20230614085104_0191_V_JPG.rf.e9526a6232ae38a62c6621c36343778b_tile_0050.jpg,correct,Weed,Weed,0.4308909773826599,0.5323681736776739
DJI_20230614085104_0191_V_JPG.rf.e9526a6232ae38a62c6621c36343778b_tile_0051.jpg,correct,Crop,Crop,0.7328779101371765,0.7295619224083237
DJI_20230614085104_0191_V_JPG.rf.e9526a6232ae38a62c6621c36343778b_tile_0051.jpg,correct,Weed,Weed,0.3858723044395447,0.5440303591300685
DJI_20230614085104_0191_V_JPG.rf.e9526a6232ae38a62c6621c36343778b_tile_0052.jpg,correct,Crop,Crop,0.7227206230163574,0.8110935208936736
DJI_20230614085104_0191_V_JPG.rf.e9526a6232ae38a62c6621c36343778b_tile_0052.jpg,correct,Crop,Crop,0.5741727948188782,0.6899151368772214
DJI_20230614085104_0191_V_JPG.rf.e9526a6232ae38a62c6621c36343778b_tile_0052.jpg,correct,Weed,Weed,0.45025435090065,0.5594621623042617
DJI_20230614085104_0191_V_JPG.rf.e9526a6232ae38a62c6621c36343778b_tile_0052.jpg,missed_crop,Crop,background,0.0,0.0
DJI_20230614085104_0191_V_JPG.rf.e9526a6232ae38a62c6621c36343778b_tile_0053.jpg,correct,Weed,Weed,0.45031169056892395,0.5668141812044436
DJI_20230614085104_0191_V_JPG.rf.e9526a6232ae38a62c6621c36343778b_tile_0053.jpg,missed_crop,Crop,background,0.0,0.0
DJI_20230614085104_0191_V_JPG.rf.e9526a6232ae38a62c6621c36343778b_tile_0053.jpg,missed_crop,Crop,background,0.0,0.0
DJI_20230614085104_0191_V_JPG.rf.e9526a6232ae38a62c6621c36343778b_tile_0053.jpg,false_positive,background,Crop,0.3488501310348511,0.0
DJI_20230614085104_0191_V_JPG.rf.e9526a6232ae38a62c6621c36343778b_tile_0054.jpg,correct,Crop,Crop,0.4877508282661438,0.7112030059444622
DJI_20230614085104_0191_V_JPG.rf.e9526a6232ae38a62c6621c36343778b_tile_0054.jpg,correct,Crop,Crop,0.5454663634300232,0.6061834547059466
DJI_20230614085104_0191_V_JPG.rf.e9526a6232ae38a62c6621c36343778b_tile_0054.jpg,false_positive,background,Crop,0.30529770255088806,0.0
DJI_20230614085104_0191_V_JPG.rf.e9526a6232ae38a62c6621c36343778b_tile_0055.jpg,correct,Crop,Crop,0.4960727393627167,0.7100788063252363
DJI_20230614085104_0191_V_JPG.rf.e9526a6232ae38a62c6621c36343778b_tile_0055.jpg,correct,Crop,Crop,0.544082522392273,0.6087084305671601
DJI_20230614085104_0191_V_JPG.rf.e9526a6232ae38a62c6621c36343778b_tile_0057.jpg,correct,Crop,Crop,0.6842407584190369,0.7991536762865289
DJI_20230614085104_0191_V_JPG.rf.e9526a6232ae38a62c6621c36343778b_tile_0057.jpg,correct,Crop,Crop,0.5949955582618713,0.7256978663745765
DJI_20230614085104_0191_V_JPG.rf.e9526a6232ae38a62c6621c36343778b_tile_0057.jpg,false_positive,background,Crop,0.30354124307632446,0.0
DJI_20230614085104_0191_V_JPG.rf.e9526a6232ae38a62c6621c36343778b_tile_0058.jpg,correct,Crop,Crop,0.5435859560966492,0.8093065897220064
DJI_20230614085104_0191_V_JPG.rf.e9526a6232ae38a62c6621c36343778b_tile_0058.jpg,correct,Crop,Crop,0.7499232292175293,0.6630926181315714
DJI_20230614085104_0191_V_JPG.rf.e9526a6232ae38a62c6621c36343778b_tile_0059.jpg,correct,Crop,Crop,0.6642183661460876,0.6161905137973
DJI_20230614085104_0191_V_JPG.rf.e9526a6232ae38a62c6621c36343778b_tile_0060.jpg,correct,Crop,Crop,0.43597784638404846,0.9154015339498971
DJI_20230614085104_0191_V_JPG.rf.e9526a6232ae38a62c6621c36343778b_tile_0060.jpg,correct,Crop,Crop,0.6810638308525085,0.6149977877871393
DJI_20230614085104_0191_V_JPG.rf.e9526a6232ae38a62c6621c36343778b_tile_0060.jpg,false_positive,background,Crop,0.48936551809310913,0.0
DJI_20230614085104_0191_V_JPG.rf.e9526a6232ae38a62c6621c36343778b_tile_0060.jpg,false_positive,background,Crop,0.2713168263435364,0.0
DJI_20230614085104_0191_V_JPG.rf.e9526a6232ae38a62c6621c36343778b_tile_0061.jpg,correct,Crop,Crop,0.6194832921028137,0.8614763629533041
DJI_20230614085104_0191_V_JPG.rf.e9526a6232ae38a62c6621c36343778b_tile_0061.jpg,correct,Crop,Crop,0.5609933137893677,0.6963466302470251
DJI_20230614085104_0191_V_JPG.rf.e9526a6232ae38a62c6621c36343778b_tile_0061.jpg,correct,Weed,Weed,0.5413157343864441,0.6872430575990397
DJI_20230614085104_0191_V_JPG.rf.e9526a6232ae38a62c6621c36343778b_tile_0062.jpg,correct,Crop,Crop,0.46021154522895813,0.7073605062590875
DJI_20230614085104_0191_V_JPG.rf.e9526a6232ae38a62c6621c36343778b_tile_0062.jpg,correct,Weed,Weed,0.5860565900802612,0.705730182879623
DJI_20230614085104_0191_V_JPG.rf.e9526a6232ae38a62c6621c36343778b_tile_0063.jpg,correct,Crop,Crop,0.5372151732444763,0.639373738459597
DJI_20230614085104_0191_V_JPG.rf.e9526a6232ae38a62c6621c36343778b_tile_0063.jpg,correct,Crop,Crop,0.6813351511955261,0.6126587461450863
DJI_20230614085104_0191_V_JPG.rf.e9526a6232ae38a62c6621c36343778b_tile_0065.jpg,missed_crop,Crop,background,0.0,0.0
DJI_20230614085104_0191_V_JPG.rf.e9526a6232ae38a62c6621c36343778b_tile_0066.jpg,missed_crop,Crop,background,0.0,0.0
DJI_20230614085104_0191_V_JPG.rf.e9526a6232ae38a62c6621c36343778b_tile_0068.jpg,correct,Crop,Crop,0.6674225330352783,0.9364660436552653
DJI_20230614085104_0191_V_JPG.rf.e9526a6232ae38a62c6621c36343778b_tile_0069.jpg,correct,Crop,Crop,0.7187343835830688,0.7488714669084713
DJI_20230614085104_0191_V_JPG.rf.e9526a6232ae38a62c6621c36343778b_tile_0069.jpg,missed_crop,Crop,background,0.0,0.0
DJI_20230614085104_0191_V_JPG.rf.e9526a6232ae38a62c6621c36343778b_tile_0070.jpg,correct,Crop,Crop,0.35093387961387634,0.7892008001605669
DJI_20230614085104_0191_V_JPG.rf.e9526a6232ae38a62c6621c36343778b_tile_0070.jpg,missed_crop,Crop,background,0.0,0.0
DJI_20230614085104_0191_V_JPG.rf.e9526a6232ae38a62c6621c36343778b_tile_0071.jpg,correct,Crop,Crop,0.7583536505699158,0.7986331834161899
DJI_20230614085104_0191_V_JPG.rf.e9526a6232ae38a62c6621c36343778b_tile_0071.jpg,correct,Crop,Crop,0.3080786168575287,0.7925574854161823
DJI_20230614085104_0191_V_JPG.rf.e9526a6232ae38a62c6621c36343778b_tile_0071.jpg,correct,Crop,Crop,0.6345605850219727,0.7646559830581183
DJI_20230614085104_0191_V_JPG.rf.e9526a6232ae38a62c6621c36343778b_tile_0071.jpg,missed_crop,Crop,background,0.0,0.0
DJI_20230614085104_0191_V_JPG.rf.e9526a6232ae38a62c6621c36343778b_tile_0072.jpg,correct,Crop,Crop,0.7658349275588989,0.7969939325302814
DJI_20230614085104_0191_V_JPG.rf.e9526a6232ae38a62c6621c36343778b_tile_0072.jpg,correct,Crop,Crop,0.631964385509491,0.6478703040819195
DJI_20230614085104_0191_V_JPG.rf.e9526a6232ae38a62c6621c36343778b_tile_0073.jpg,correct,Crop,Crop,0.5536483526229858,0.7038797216085653
DJI_20230614085104_0191_V_JPG.rf.e9526a6232ae38a62c6621c36343778b_tile_0074.jpg,correct,Crop,Crop,0.747276782989502,0.9079145654545601
DJI_20230614085104_0191_V_JPG.rf.e9526a6232ae38a62c6621c36343778b_tile_0074.jpg,correct,Crop,Crop,0.6597576141357422,0.562954572310478
DJI_20230614085104_0191_V_JPG.rf.e9526a6232ae38a62c6621c36343778b_tile_0076.jpg,correct,Crop,Crop,0.5593322515487671,0.8983378225041219
DJI_20230614085104_0191_V_JPG.rf.e9526a6232ae38a62c6621c36343778b_tile_0076.jpg,missed_crop,Crop,background,0.0,0.0
DJI_20230614085104_0191_V_JPG.rf.e9526a6232ae38a62c6621c36343778b_tile_0077.jpg,correct,Crop,Crop,0.5577920079231262,0.8952965649242985
DJI_20230614085104_0191_V_JPG.rf.e9526a6232ae38a62c6621c36343778b_tile_0077.jpg,missed_crop,Crop,background,0.0,0.0
DJI_20230614085104_0191_V_JPG.rf.e9526a6232ae38a62c6621c36343778b_tile_0078.jpg,correct,Weed,Weed,0.688933789730072,0.8103258079886307
DJI_20230614085104_0191_V_JPG.rf.e9526a6232ae38a62c6621c36343778b_tile_0078.jpg,correct,Weed,Weed,0.6535541415214539,0.7907312363133182
DJI_20230614085104_0191_V_JPG.rf.e9526a6232ae38a62c6621c36343778b_tile_0079.jpg,correct,Weed,Weed,0.7322462797164917,0.7873566087579603
DJI_20230614085104_0191_V_JPG.rf.e9526a6232ae38a62c6621c36343778b_tile_0079.jpg,missed_crop,Crop,background,0.0,0.0
DJI_20230614085104_0191_V_JPG.rf.e9526a6232ae38a62c6621c36343778b_tile_0079.jpg,false_positive,background,Crop,0.4879687428474426,0.0
DJI_20230614085104_0191_V_JPG.rf.e9526a6232ae38a62c6621c36343778b_tile_0080.jpg,correct,Crop,Crop,0.7133941650390625,0.8934392335292329
DJI_20230614085104_0191_V_JPG.rf.e9526a6232ae38a62c6621c36343778b_tile_0080.jpg,correct,Crop,Crop,0.7383429408073425,0.7481544079308442
DJI_20230614085104_0191_V_JPG.rf.e9526a6232ae38a62c6621c36343778b_tile_0081.jpg,correct,Crop,Crop,0.614855945110321,0.8590066608694538
DJI_20230614085104_0191_V_JPG.rf.e9526a6232ae38a62c6621c36343778b_tile_0081.jpg,false_positive,background,Crop,0.4159458577632904,0.0
DJI_20230614085104_0191_V_JPG.rf.e9526a6232ae38a62c6621c36343778b_tile_0082.jpg,correct,Crop,Crop,0.6028687953948975,0.8545750788766695
DJI_20230614085104_0191_V_JPG.rf.e9526a6232ae38a62c6621c36343778b_tile_0082.jpg,correct,Crop,Crop,0.7637631893157959,0.7427615715830431
DJI_20230614085104_0191_V_JPG.rf.e9526a6232ae38a62c6621c36343778b_tile_0082.jpg,correct,Crop,Crop,0.7039355635643005,0.6396899222014233
DJI_20230614085104_0191_V_JPG.rf.e9526a6232ae38a62c6621c36343778b_tile_0082.jpg,false_positive,background,Crop,0.45590558648109436,0.0
DJI_20230614085104_0191_V_JPG.rf.e9526a6232ae38a62c6621c36343778b_tile_0083.jpg,correct,Crop,Crop,0.7692034840583801,0.7313281354452731
DJI_20230614085104_0191_V_JPG.rf.e9526a6232ae38a62c6621c36343778b_tile_0083.jpg,correct,Crop,Crop,0.28746652603149414,0.6618135772870007
DJI_20230614085104_0191_V_JPG.rf.e9526a6232ae38a62c6621c36343778b_tile_0083.jpg,correct,Crop,Crop,0.7078555822372437,0.6250395135744512
DJI_20230614085104_0191_V_JPG.rf.e9526a6232ae38a62c6621c36343778b_tile_0083.jpg,missed_crop,Crop,background,0.0,0.0
DJI_20230614085104_0191_V_JPG.rf.e9526a6232ae38a62c6621c36343778b_tile_0083.jpg,false_positive,background,Crop,0.465634822845459,0.0
DJI_20230614085104_0191_V_JPG.rf.e9526a6232ae38a62c6621c36343778b_tile_0083.jpg,false_positive,background,Crop,0.4520307183265686,0.0
DJI_20230614085104_0191_V_JPG.rf.e9526a6232ae38a62c6621c36343778b_tile_0083.jpg,false_positive,background,Crop,0.3632146418094635,0.0
DJI_20230614085104_0191_V_JPG.rf.e9526a6232ae38a62c6621c36343778b_tile_0084.jpg,correct,Weed,Weed,0.26101920008659363,0.8867924764278359
DJI_20230614085104_0191_V_JPG.rf.e9526a6232ae38a62c6621c36343778b_tile_0084.jpg,correct,Crop,Crop,0.679140031337738,0.7988757900463798
DJI_20230614085104_0191_V_JPG.rf.e9526a6232ae38a62c6621c36343778b_tile_0084.jpg,correct,Crop,Crop,0.5622705817222595,0.7041059832861477
DJI_20230614085104_0191_V_JPG.rf.e9526a6232ae38a62c6621c36343778b_tile_0084.jpg,correct,Crop,Crop,0.28499335050582886,0.6608969936985021
DJI_20230614085104_0191_V_JPG.rf.e9526a6232ae38a62c6621c36343778b_tile_0084.jpg,missed_crop,Crop,background,0.0,0.0
DJI_20230614085104_0191_V_JPG.rf.e9526a6232ae38a62c6621c36343778b_tile_0084.jpg,false_positive,background,Crop,0.4859389066696167,0.0
DJI_20230614085104_0191_V_JPG.rf.e9526a6232ae38a62c6621c36343778b_tile_0084.jpg,false_positive,background,Crop,0.4836065471172333,0.0
DJI_20230614085104_0191_V_JPG.rf.e9526a6232ae38a62c6621c36343778b_tile_0084.jpg,false_positive,background,Crop,0.35693544149398804,0.0
DJI_20230614085104_0191_V_JPG.rf.e9526a6232ae38a62c6621c36343778b_tile_0085.jpg,correct,Crop,Crop,0.7075296640396118,0.7602402005237585
DJI_20230614085104_0191_V_JPG.rf.e9526a6232ae38a62c6621c36343778b_tile_0085.jpg,correct,Weed,Weed,0.33324992656707764,0.7446434974559467
DJI_20230614085104_0191_V_JPG.rf.e9526a6232ae38a62c6621c36343778b_tile_0085.jpg,correct,Crop,Crop,0.6750037670135498,0.5595306299177305
DJI_20230614085104_0191_V_JPG.rf.e9526a6232ae38a62c6621c36343778b_tile_0086.jpg,correct,Crop,Crop,0.5829241275787354,0.8554557321042172
DJI_20230614085104_0191_V_JPG.rf.e9526a6232ae38a62c6621c36343778b_tile_0086.jpg,correct,Weed,Weed,0.3430846035480499,0.7579442630681597
DJI_20230614085104_0191_V_JPG.rf.e9526a6232ae38a62c6621c36343778b_tile_0089.jpg,correct,Weed,Weed,0.5812427401542664,0.7025267169609992
DJI_20230614085104_0191_V_JPG.rf.e9526a6232ae38a62c6621c36343778b_tile_0089.jpg,false_positive,background,Crop,0.5198646187782288,0.0
DJI_20230614085104_0191_V_JPG.rf.e9526a6232ae38a62c6621c36343778b_tile_0090.jpg,correct,Crop,Crop,0.7059392929077148,0.7028907961313967
DJI_20230614085104_0191_V_JPG.rf.e9526a6232ae38a62c6621c36343778b_tile_0090.jpg,missed_crop,Crop,background,0.0,0.0
DJI_20230614085104_0191_V_JPG.rf.e9526a6232ae38a62c6621c36343778b_tile_0090.jpg,false_positive,background,Crop,0.4510257840156555,0.0
DJI_20230614085104_0191_V_JPG.rf.e9526a6232ae38a62c6621c36343778b_tile_0091.jpg,correct,Crop,Crop,0.37831103801727295,0.8257816855613853
DJI_20230614085104_0191_V_JPG.rf.e9526a6232ae38a62c6621c36343778b_tile_0091.jpg,correct,Crop,Crop,0.612290620803833,0.6554978624554005
DJI_20230614085104_0191_V_JPG.rf.e9526a6232ae38a62c6621c36343778b_tile_0092.jpg,correct,Crop,Crop,0.6653107404708862,0.7613986732315339
DJI_20230614085104_0191_V_JPG.rf.e9526a6232ae38a62c6621c36343778b_tile_0092.jpg,correct,Crop,Crop,0.5149815678596497,0.6925346689956218
DJI_20230614085104_0191_V_JPG.rf.e9526a6232ae38a62c6621c36343778b_tile_0093.jpg,correct,Crop,Crop,0.6442369222640991,0.7386335059716508
DJI_20230614085104_0191_V_JPG.rf.e9526a6232ae38a62c6621c36343778b_tile_0093.jpg,correct,Crop,Crop,0.6720597147941589,0.7209530590660056
DJI_20230614085104_0191_V_JPG.rf.e9526a6232ae38a62c6621c36343778b_tile_0093.jpg,correct,Crop,Crop,0.5544678568840027,0.6287331963095354
DJI_20230614085104_0191_V_JPG.rf.e9526a6232ae38a62c6621c36343778b_tile_0094.jpg,correct,Crop,Crop,0.6702901721000671,0.7159818204911348
DJI_20230614085104_0191_V_JPG.rf.e9526a6232ae38a62c6621c36343778b_tile_0094.jpg,missed_crop,Crop,background,0.0,0.0
DJI_20230614085104_0191_V_JPG.rf.e9526a6232ae38a62c6621c36343778b_tile_0094.jpg,missed_crop,Crop,background,0.0,0.0
DJI_20230614085104_0191_V_JPG.rf.e9526a6232ae38a62c6621c36343778b_tile_0094.jpg,false_positive,background,Crop,0.6616165637969971,0.0
DJI_20230614085104_0191_V_JPG.rf.e9526a6232ae38a62c6621c36343778b_tile_0094.jpg,false_positive,background,Crop,0.3876858055591583,0.0
DJI_20230614085104_0191_V_JPG.rf.e9526a6232ae38a62c6621c36343778b_tile_0094.jpg,false_positive,background,Crop,0.36700522899627686,0.0
DJI_20230614085104_0191_V_JPG.rf.e9526a6232ae38a62c6621c36343778b_tile_0095.jpg,correct,Crop,Crop,0.6086799502372742,0.7066052281122295
DJI_20230614085104_0191_V_JPG.rf.e9526a6232ae38a62c6621c36343778b_tile_0095.jpg,missed_crop,Crop,background,0.0,0.0
DJI_20230614085104_0191_V_JPG.rf.e9526a6232ae38a62c6621c36343778b_tile_0095.jpg,missed_crop,Crop,background,0.0,0.0
DJI_20230614085104_0191_V_JPG.rf.e9526a6232ae38a62c6621c36343778b_tile_0095.jpg,missed_crop,Crop,background,0.0,0.0
DJI_20230614085104_0191_V_JPG.rf.e9526a6232ae38a62c6621c36343778b_tile_0095.jpg,false_positive,background,Crop,0.6705109477043152,0.0
DJI_20230614085104_0191_V_JPG.rf.e9526a6232ae38a62c6621c36343778b_tile_0095.jpg,false_positive,background,Crop,0.45664355158805847,0.0
DJI_20230614085104_0191_V_JPG.rf.e9526a6232ae38a62c6621c36343778b_tile_0095.jpg,false_positive,background,Crop,0.3874911367893219,0.0
DJI_20230614085104_0191_V_JPG.rf.e9526a6232ae38a62c6621c36343778b_tile_0096.jpg,correct,Crop,Crop,0.6000348329544067,0.7150942716830437
DJI_20230614085104_0191_V_JPG.rf.e9526a6232ae38a62c6621c36343778b_tile_0096.jpg,missed_crop,Crop,background,0.0,0.0
DJI_20230614085104_0191_V_JPG.rf.e9526a6232ae38a62c6621c36343778b_tile_0096.jpg,false_positive,background,Crop,0.46487900614738464,0.0
DJI_20230614085104_0191_V_JPG.rf.e9526a6232ae38a62c6621c36343778b_tile_0098.jpg,correct,Crop,Crop,0.606925368309021,0.6834642730978279
DJI_20230614085104_0191_V_JPG.rf.e9526a6232ae38a62c6621c36343778b_tile_0099.jpg,correct,Crop,Crop,0.6081496477127075,0.6805630204131982
DJI_20230614085104_0191_V_JPG.rf.e9526a6232ae38a62c6621c36343778b_tile_0102.jpg,correct,Crop,Crop,0.6911163926124573,0.807231247824197
DJI_20230614085104_0191_V_JPG.rf.e9526a6232ae38a62c6621c36343778b_tile_0102.jpg,correct,Crop,Crop,0.6403789520263672,0.685868618938629
DJI_20230614085104_0191_V_JPG.rf.e9526a6232ae38a62c6621c36343778b_tile_0103.jpg,correct,Crop,Crop,0.33267340064048767,0.8442534789332296
DJI_20230614085104_0191_V_JPG.rf.e9526a6232ae38a62c6621c36343778b_tile_0103.jpg,correct,Weed,Weed,0.5875234603881836,0.7505642589358215
DJI_20230614085104_0191_V_JPG.rf.e9526a6232ae38a62c6621c36343778b_tile_0103.jpg,false_positive,background,Crop,0.3092465400695801,0.0
DJI_20230614085104_0191_V_JPG.rf.e9526a6232ae38a62c6621c36343778b_tile_0103.jpg,false_positive,background,Crop,0.29931727051734924,0.0
DJI_20230614085104_0191_V_JPG.rf.e9526a6232ae38a62c6621c36343778b_tile_0104.jpg,correct,Crop,Crop,0.660742998123169,0.7900285503332642
DJI_20230614085104_0191_V_JPG.rf.e9526a6232ae38a62c6621c36343778b_tile_0104.jpg,correct,Crop,Crop,0.6795905828475952,0.6213124807514364
DJI_20230614085104_0191_V_JPG.rf.e9526a6232ae38a62c6621c36343778b_tile_0105.jpg,correct,Crop,Crop,0.6348068714141846,0.7971118794811304
DJI_20230614085104_0191_V_JPG.rf.e9526a6232ae38a62c6621c36343778b_tile_0105.jpg,correct,Crop,Crop,0.6039370894432068,0.7651011981555268
DJI_20230614085104_0191_V_JPG.rf.e9526a6232ae38a62c6621c36343778b_tile_0106.jpg,correct,Crop,Crop,0.6007733345031738,0.7602695545994078
DJI_20230614085104_0191_V_JPG.rf.e9526a6232ae38a62c6621c36343778b_tile_0106.jpg,correct,Crop,Crop,0.5924204587936401,0.7105135832598014
DJI_20230614085104_0191_V_JPG.rf.e9526a6232ae38a62c6621c36343778b_tile_0107.jpg,correct,Crop,Crop,0.588525652885437,0.7207630035811383
DJI_20230614085104_0191_V_JPG.rf.e9526a6232ae38a62c6621c36343778b_tile_0108.jpg,missed_crop,Crop,background,0.0,0.0
DJI_20230614085104_0191_V_JPG.rf.e9526a6232ae38a62c6621c36343778b_tile_0108.jpg,false_positive,background,Crop,0.25242435932159424,0.0
DJI_20230614085104_0191_V_JPG.rf.e9526a6232ae38a62c6621c36343778b_tile_0113.jpg,correct,Crop,Crop,0.6908351182937622,0.7914089823069733
DJI_20230614085104_0191_V_JPG.rf.e9526a6232ae38a62c6621c36343778b_tile_0114.jpg,correct,Crop,Crop,0.27096155285835266,0.8269082652219937
DJI_20230614085104_0191_V_JPG.rf.e9526a6232ae38a62c6621c36343778b_tile_0114.jpg,correct,Weed,Weed,0.5920397639274597,0.7369214631349364
DJI_20230614085104_0191_V_JPG.rf.e9526a6232ae38a62c6621c36343778b_tile_0114.jpg,false_positive,background,Crop,0.5858747959136963,0.0
DJI_20230614085104_0191_V_JPG.rf.e9526a6232ae38a62c6621c36343778b_tile_0114.jpg,false_positive,background,Crop,0.2594369351863861,0.0
DJI_20230614085104_0191_V_JPG.rf.e9526a6232ae38a62c6621c36343778b_tile_0115.jpg,correct,Crop,Crop,0.6410546898841858,0.7964355538408574
DJI_20230614085104_0191_V_JPG.rf.e9526a6232ae38a62c6621c36343778b_tile_0115.jpg,correct,Crop,Crop,0.6334717869758606,0.6276213988776127
DJI_20230614085104_0191_V_JPG.rf.e9526a6232ae38a62c6621c36343778b_tile_0115.jpg,false_positive,background,Weed,0.2506117820739746,0.0
DJI_20230614085104_0191_V_JPG.rf.e9526a6232ae38a62c6621c36343778b_tile_0116.jpg,correct,Crop,Crop,0.6248869895935059,0.8030141542546133
DJI_20230614085104_0191_V_JPG.rf.e9526a6232ae38a62c6621c36343778b_tile_0116.jpg,correct,Crop,Crop,0.589927613735199,0.7869891772174231
DJI_20230614085104_0191_V_JPG.rf.e9526a6232ae38a62c6621c36343778b_tile_0117.jpg,correct,Crop,Crop,0.5953728556632996,0.7788342535103355
DJI_20230614085104_0191_V_JPG.rf.e9526a6232ae38a62c6621c36343778b_tile_0117.jpg,correct,Crop,Crop,0.6261330842971802,0.7352328067643169
DJI_20230614085104_0191_V_JPG.rf.e9526a6232ae38a62c6621c36343778b_tile_0118.jpg,correct,Crop,Crop,0.620850145816803,0.7503280056736876
DJI_20230614085104_0191_V_JPG.rf.e9526a6232ae38a62c6621c36343778b_tile_0119.jpg,missed_crop,Crop,background,0.0,0.0
DJI_20230614085104_0191_V_JPG.rf.e9526a6232ae38a62c6621c36343778b_tile_0119.jpg,false_positive,background,Crop,0.2705792188644409,0.0
DJI_20230614085219_0204_V_JPG.rf.061000f507f060a7be7eea27bbd6cd8d_tile_0002.jpg,correct,Crop,Crop,0.682664692401886,0.7115486882335114
DJI_20230614085219_0204_V_JPG.rf.061000f507f060a7be7eea27bbd6cd8d_tile_0002.jpg,missed_crop,Crop,background,0.0,0.0
DJI_20230614085219_0204_V_JPG.rf.061000f507f060a7be7eea27bbd6cd8d_tile_0003.jpg,correct,Crop,Crop,0.6431401968002319,0.7845695152948907
DJI_20230614085219_0204_V_JPG.rf.061000f507f060a7be7eea27bbd6cd8d_tile_0004.jpg,correct,Crop,Crop,0.7109180688858032,0.832213605933007
DJI_20230614085219_0204_V_JPG.rf.061000f507f060a7be7eea27bbd6cd8d_tile_0004.jpg,correct,Crop,Crop,0.6710484027862549,0.7761972842238333
DJI_20230614085219_0204_V_JPG.rf.061000f507f060a7be7eea27bbd6cd8d_tile_0004.jpg,false_positive,background,Crop,0.5994610786437988,0.0
DJI_20230614085219_0204_V_JPG.rf.061000f507f060a7be7eea27bbd6cd8d_tile_0005.jpg,correct,Crop,Crop,0.7305413484573364,0.89796515879729
DJI_20230614085219_0204_V_JPG.rf.061000f507f060a7be7eea27bbd6cd8d_tile_0005.jpg,correct,Crop,Crop,0.7026946544647217,0.7805638649022104
DJI_20230614085219_0204_V_JPG.rf.061000f507f060a7be7eea27bbd6cd8d_tile_0005.jpg,correct,Crop,Crop,0.5925574898719788,0.6103376394934317
DJI_20230614085219_0204_V_JPG.rf.061000f507f060a7be7eea27bbd6cd8d_tile_0005.jpg,false_positive,background,Crop,0.628327488899231,0.0
DJI_20230614085219_0204_V_JPG.rf.061000f507f060a7be7eea27bbd6cd8d_tile_0006.jpg,correct,Crop,Crop,0.7112934589385986,0.7672303898277105
DJI_20230614085219_0204_V_JPG.rf.061000f507f060a7be7eea27bbd6cd8d_tile_0006.jpg,correct,Crop,Crop,0.6875068545341492,0.6317537927498934
DJI_20230614085219_0204_V_JPG.rf.061000f507f060a7be7eea27bbd6cd8d_tile_0006.jpg,correct,Crop,Crop,0.7406783699989319,0.582681809402933
DJI_20230614085219_0204_V_JPG.rf.061000f507f060a7be7eea27bbd6cd8d_tile_0007.jpg,correct,Crop,Crop,0.7157618999481201,0.5943602215435037
DJI_20230614085219_0204_V_JPG.rf.061000f507f060a7be7eea27bbd6cd8d_tile_0008.jpg,correct,Crop,Crop,0.4738871455192566,0.8371978875604068
DJI_20230614085219_0204_V_JPG.rf.061000f507f060a7be7eea27bbd6cd8d_tile_0008.jpg,correct,Crop,Crop,0.6230261921882629,0.8193977934818311
DJI_20230614085219_0204_V_JPG.rf.061000f507f060a7be7eea27bbd6cd8d_tile_0009.jpg,correct,Crop,Crop,0.498919278383255,0.8838380767191811
DJI_20230614085219_0204_V_JPG.rf.061000f507f060a7be7eea27bbd6cd8d_tile_0009.jpg,correct,Crop,Crop,0.7112407684326172,0.7600533335800563
DJI_20230614085219_0204_V_JPG.rf.061000f507f060a7be7eea27bbd6cd8d_tile_0012.jpg,correct,Crop,Crop,0.7113956212997437,0.7104375505091864
DJI_20230614085219_0204_V_JPG.rf.061000f507f060a7be7eea27bbd6cd8d_tile_0013.jpg,correct,Crop,Crop,0.6352865099906921,0.7128077086265238
DJI_20230614085219_0204_V_JPG.rf.061000f507f060a7be7eea27bbd6cd8d_tile_0014.jpg,correct,Crop,Crop,0.7372732758522034,0.7080461382643277
DJI_20230614085219_0204_V_JPG.rf.061000f507f060a7be7eea27bbd6cd8d_tile_0014.jpg,correct,Crop,Crop,0.6352767944335938,0.5756547742615339
DJI_20230614085219_0204_V_JPG.rf.061000f507f060a7be7eea27bbd6cd8d_tile_0015.jpg,correct,Crop,Crop,0.7433347105979919,0.8647863175584721
DJI_20230614085219_0204_V_JPG.rf.061000f507f060a7be7eea27bbd6cd8d_tile_0015.jpg,correct,Crop,Crop,0.7050504088401794,0.664723412317651
DJI_20230614085219_0204_V_JPG.rf.061000f507f060a7be7eea27bbd6cd8d_tile_0015.jpg,false_positive,background,Crop,0.40887993574142456,0.0
DJI_20230614085219_0204_V_JPG.rf.061000f507f060a7be7eea27bbd6cd8d_tile_0016.jpg,correct,Crop,Crop,0.38497111201286316,0.7491989976062935
DJI_20230614085219_0204_V_JPG.rf.061000f507f060a7be7eea27bbd6cd8d_tile_0016.jpg,correct,Crop,Crop,0.5949137210845947,0.6810079617306435
DJI_20230614085219_0204_V_JPG.rf.061000f507f060a7be7eea27bbd6cd8d_tile_0016.jpg,correct,Crop,Crop,0.5697558522224426,0.5582068423678745
DJI_20230614085219_0204_V_JPG.rf.061000f507f060a7be7eea27bbd6cd8d_tile_0017.jpg,correct,Crop,Crop,0.5345456004142761,0.7080461229991071
DJI_20230614085219_0204_V_JPG.rf.061000f507f060a7be7eea27bbd6cd8d_tile_0017.jpg,correct,Crop,Crop,0.5470045804977417,0.7071317787074131
DJI_20230614085219_0204_V_JPG.rf.061000f507f060a7be7eea27bbd6cd8d_tile_0017.jpg,correct,Crop,Crop,0.6781479716300964,0.6882384494550398
DJI_20230614085219_0204_V_JPG.rf.061000f507f060a7be7eea27bbd6cd8d_tile_0017.jpg,correct,Crop,Crop,0.6773326992988586,0.5552676050795307
DJI_20230614085219_0204_V_JPG.rf.061000f507f060a7be7eea27bbd6cd8d_tile_0018.jpg,correct,Crop,Crop,0.669096052646637,0.5568766895601442
DJI_20230614085219_0204_V_JPG.rf.061000f507f060a7be7eea27bbd6cd8d_tile_0018.jpg,missed_crop,Crop,background,0.0,0.0
DJI_20230614085219_0204_V_JPG.rf.061000f507f060a7be7eea27bbd6cd8d_tile_0019.jpg,correct,Crop,Crop,0.5257818698883057,0.70874506914737
DJI_20230614085219_0204_V_JPG.rf.061000f507f060a7be7eea27bbd6cd8d_tile_0019.jpg,correct,Crop,Crop,0.670508623123169,0.6422290409325809
DJI_20230614085219_0204_V_JPG.rf.061000f507f060a7be7eea27bbd6cd8d_tile_0020.jpg,correct,Crop,Crop,0.6349580883979797,0.7782986668524217
DJI_20230614085219_0204_V_JPG.rf.061000f507f060a7be7eea27bbd6cd8d_tile_0020.jpg,correct,Crop,Crop,0.6689385771751404,0.7530937303107529
DJI_20230614085219_0204_V_JPG.rf.061000f507f060a7be7eea27bbd6cd8d_tile_0021.jpg,correct,Crop,Crop,0.6547037363052368,0.8240756766416348
DJI_20230614085219_0204_V_JPG.rf.061000f507f060a7be7eea27bbd6cd8d_tile_0022.jpg,correct,Crop,Crop,0.6521987915039062,0.8259679090225792
DJI_20230614085219_0204_V_JPG.rf.061000f507f060a7be7eea27bbd6cd8d_tile_0023.jpg,correct,Crop,Crop,0.5701869130134583,0.6496246403598025
DJI_20230614085219_0204_V_JPG.rf.061000f507f060a7be7eea27bbd6cd8d_tile_0024.jpg,correct,Crop,Crop,0.3881515860557556,0.7476373253777255
DJI_20230614085219_0204_V_JPG.rf.061000f507f060a7be7eea27bbd6cd8d_tile_0024.jpg,correct,Crop,Crop,0.5397994518280029,0.7102949768495049
DJI_20230614085219_0204_V_JPG.rf.061000f507f060a7be7eea27bbd6cd8d_tile_0024.jpg,correct,Weed,Weed,0.44302213191986084,0.667651378619352
DJI_20230614085219_0204_V_JPG.rf.061000f507f060a7be7eea27bbd6cd8d_tile_0025.jpg,correct,Crop,Crop,0.6777418851852417,0.8085490887160487
DJI_20230614085219_0204_V_JPG.rf.061000f507f060a7be7eea27bbd6cd8d_tile_0025.jpg,correct,Crop,Crop,0.6424210667610168,0.586462892860864
DJI_20230614085219_0204_V_JPG.rf.061000f507f060a7be7eea27bbd6cd8d_tile_0026.jpg,correct,Crop,Crop,0.7192902565002441,0.8811657409967878
DJI_20230614085219_0204_V_JPG.rf.061000f507f060a7be7eea27bbd6cd8d_tile_0026.jpg,correct,Crop,Crop,0.46230900287628174,0.7479610924667517
DJI_20230614085219_0204_V_JPG.rf.061000f507f060a7be7eea27bbd6cd8d_tile_0027.jpg,correct,Crop,Crop,0.6254273653030396,0.52403748334792
DJI_20230614085219_0204_V_JPG.rf.061000f507f060a7be7eea27bbd6cd8d_tile_0027.jpg,missed_weed,Weed,background,0.0,0.0
DJI_20230614085219_0204_V_JPG.rf.061000f507f060a7be7eea27bbd6cd8d_tile_0028.jpg,correct,Crop,Crop,0.6853052377700806,0.6879176197199787
DJI_20230614085219_0204_V_JPG.rf.061000f507f060a7be7eea27bbd6cd8d_tile_0028.jpg,correct,Crop,Crop,0.5250387191772461,0.6593708288404163
DJI_20230614085219_0204_V_JPG.rf.061000f507f060a7be7eea27bbd6cd8d_tile_0030.jpg,correct,Crop,Crop,0.6150230169296265,0.5249700868078175
DJI_20230614085219_0204_V_JPG.rf.061000f507f060a7be7eea27bbd6cd8d_tile_0031.jpg,correct,Crop,Crop,0.78359055519104,0.6656015307764894
DJI_20230614085219_0204_V_JPG.rf.061000f507f060a7be7eea27bbd6cd8d_tile_0031.jpg,false_positive,background,Crop,0.5343448519706726,0.0
DJI_20230614085219_0204_V_JPG.rf.061000f507f060a7be7eea27bbd6cd8d_tile_0032.jpg,correct,Crop,Crop,0.6362875699996948,0.832820197104259
DJI_20230614085219_0204_V_JPG.rf.061000f507f060a7be7eea27bbd6cd8d_tile_0033.jpg,correct,Crop,Crop,0.6458289623260498,0.8356965504740232
DJI_20230614085219_0204_V_JPG.rf.061000f507f060a7be7eea27bbd6cd8d_tile_0034.jpg,correct,Crop,Crop,0.6380137205123901,0.7750916231936728
DJI_20230614085219_0204_V_JPG.rf.061000f507f060a7be7eea27bbd6cd8d_tile_0034.jpg,correct,Weed,Weed,0.4093738794326782,0.5639036085895732
DJI_20230614085219_0204_V_JPG.rf.061000f507f060a7be7eea27bbd6cd8d_tile_0035.jpg,correct,Crop,Crop,0.5311264991760254,0.7157345686096291
DJI_20230614085219_0204_V_JPG.rf.061000f507f060a7be7eea27bbd6cd8d_tile_0035.jpg,correct,Weed,Weed,0.43516600131988525,0.6672619961084374
DJI_20230614085219_0204_V_JPG.rf.061000f507f060a7be7eea27bbd6cd8d_tile_0035.jpg,correct,Crop,Crop,0.6586242318153381,0.5879072098297135
DJI_20230614085219_0204_V_JPG.rf.061000f507f060a7be7eea27bbd6cd8d_tile_0036.jpg,correct,Crop,Crop,0.45103180408477783,0.6659978490996561
DJI_20230614085219_0204_V_JPG.rf.061000f507f060a7be7eea27bbd6cd8d_tile_0036.jpg,correct,Crop,Crop,0.6656510829925537,0.6597951239673421
DJI_20230614085219_0204_V_JPG.rf.061000f507f060a7be7eea27bbd6cd8d_tile_0037.jpg,correct,Crop,Crop,0.6361168622970581,0.7258187745934417
DJI_20230614085219_0204_V_JPG.rf.061000f507f060a7be7eea27bbd6cd8d_tile_0037.jpg,correct,Crop,Crop,0.5970754623413086,0.5590496321538774
DJI_20230614085219_0204_V_JPG.rf.061000f507f060a7be7eea27bbd6cd8d_tile_0038.jpg,correct,Crop,Crop,0.6149424314498901,0.5185970960028168
DJI_20230614085219_0204_V_JPG.rf.061000f507f060a7be7eea27bbd6cd8d_tile_0039.jpg,correct,Crop,Crop,0.5532916188240051,0.5938424215345373
DJI_20230614085219_0204_V_JPG.rf.061000f507f060a7be7eea27bbd6cd8d_tile_0039.jpg,correct,Crop,Crop,0.44613173604011536,0.5255326611007067
DJI_20230614085219_0204_V_JPG.rf.061000f507f060a7be7eea27bbd6cd8d_tile_0041.jpg,missed_crop,Crop,background,0.0,0.0
DJI_20230614085219_0204_V_JPG.rf.061000f507f060a7be7eea27bbd6cd8d_tile_0042.jpg,correct,Crop,Crop,0.4195486307144165,0.859800709200797
DJI_20230614085219_0204_V_JPG.rf.061000f507f060a7be7eea27bbd6cd8d_tile_0043.jpg,correct,Crop,Crop,0.6168494820594788,0.7397592666229554
DJI_20230614085219_0204_V_JPG.rf.061000f507f060a7be7eea27bbd6cd8d_tile_0044.jpg,correct,Crop,Crop,0.6206436157226562,0.7276658964429193
DJI_20230614085219_0204_V_JPG.rf.061000f507f060a7be7eea27bbd6cd8d_tile_0045.jpg,correct,Crop,Crop,0.6902633309364319,0.7826371463532789
DJI_20230614085219_0204_V_JPG.rf.061000f507f060a7be7eea27bbd6cd8d_tile_0045.jpg,correct,Crop,Crop,0.37566956877708435,0.7049997270786926
DJI_20230614085219_0204_V_JPG.rf.061000f507f060a7be7eea27bbd6cd8d_tile_0045.jpg,correct,Crop,Crop,0.6459507346153259,0.501632652249736
DJI_20230614085219_0204_V_JPG.rf.061000f507f060a7be7eea27bbd6cd8d_tile_0045.jpg,missed_weed,Weed,background,0.0,0.0
DJI_20230614085219_0204_V_JPG.rf.061000f507f060a7be7eea27bbd6cd8d_tile_0045.jpg,missed_weed,Weed,background,0.0,0.0
DJI_20230614085219_0204_V_JPG.rf.061000f507f060a7be7eea27bbd6cd8d_tile_0045.jpg,missed_weed,Weed,background,0.0,0.0
DJI_20230614085219_0204_V_JPG.rf.061000f507f060a7be7eea27bbd6cd8d_tile_0045.jpg,missed_weed,Weed,background,0.0,0.0
DJI_20230614085219_0204_V_JPG.rf.061000f507f060a7be7eea27bbd6cd8d_tile_0046.jpg,correct,Crop,Crop,0.5359917879104614,0.7032696290556236
DJI_20230614085219_0204_V_JPG.rf.061000f507f060a7be7eea27bbd6cd8d_tile_0046.jpg,correct,Crop,Crop,0.6733211278915405,0.5721129536235968
DJI_20230614085219_0204_V_JPG.rf.061000f507f060a7be7eea27bbd6cd8d_tile_0047.jpg,missed_crop,Crop,background,0.0,0.0
DJI_20230614085219_0204_V_JPG.rf.061000f507f060a7be7eea27bbd6cd8d_tile_0047.jpg,false_positive,background,Crop,0.6247403621673584,0.0
DJI_20230614085219_0204_V_JPG.rf.061000f507f060a7be7eea27bbd6cd8d_tile_0048.jpg,missed_crop,Crop,background,0.0,0.0
DJI_20230614085219_0204_V_JPG.rf.061000f507f060a7be7eea27bbd6cd8d_tile_0048.jpg,false_positive,background,Crop,0.7159996628761292,0.0
DJI_20230614085219_0204_V_JPG.rf.061000f507f060a7be7eea27bbd6cd8d_tile_0049.jpg,correct,Crop,Crop,0.7234430313110352,0.729273610843404
DJI_20230614085219_0204_V_JPG.rf.061000f507f060a7be7eea27bbd6cd8d_tile_0049.jpg,correct,Crop,Crop,0.6895755529403687,0.7011886460989315
DJI_20230614085219_0204_V_JPG.rf.061000f507f060a7be7eea27bbd6cd8d_tile_0050.jpg,correct,Crop,Crop,0.6378726959228516,0.6681865678955962
DJI_20230614085219_0204_V_JPG.rf.061000f507f060a7be7eea27bbd6cd8d_tile_0050.jpg,correct,Crop,Crop,0.44020745158195496,0.5323799854387452
DJI_20230614085219_0204_V_JPG.rf.061000f507f060a7be7eea27bbd6cd8d_tile_0052.jpg,correct,Crop,Crop,0.6979602575302124,0.6196092785934677
DJI_20230614085219_0204_V_JPG.rf.061000f507f060a7be7eea27bbd6cd8d_tile_0052.jpg,correct,Crop,Crop,0.2983871400356293,0.5718835373365261
DJI_20230614085219_0204_V_JPG.rf.061000f507f060a7be7eea27bbd6cd8d_tile_0053.jpg,correct,Crop,Crop,0.7315862774848938,0.774004506823131
DJI_20230614085219_0204_V_JPG.rf.061000f507f060a7be7eea27bbd6cd8d_tile_0053.jpg,correct,Crop,Crop,0.6124300956726074,0.6995352994948711
DJI_20230614085219_0204_V_JPG.rf.061000f507f060a7be7eea27bbd6cd8d_tile_0053.jpg,correct,Crop,Crop,0.4606805741786957,0.670979093532851
DJI_20230614085219_0204_V_JPG.rf.061000f507f060a7be7eea27bbd6cd8d_tile_0053.jpg,correct,Crop,Crop,0.7270615696907043,0.6040037180978725
DJI_20230614085219_0204_V_JPG.rf.061000f507f060a7be7eea27bbd6cd8d_tile_0053.jpg,missed_crop,Crop,background,0.0,0.0
DJI_20230614085219_0204_V_JPG.rf.061000f507f060a7be7eea27bbd6cd8d_tile_0054.jpg,correct,Crop,Crop,0.6280568242073059,0.7572263127692216
DJI_20230614085219_0204_V_JPG.rf.061000f507f060a7be7eea27bbd6cd8d_tile_0054.jpg,correct,Crop,Crop,0.5950571894645691,0.6651981492045017
DJI_20230614085219_0204_V_JPG.rf.061000f507f060a7be7eea27bbd6cd8d_tile_0054.jpg,false_positive,background,Crop,0.3221539258956909,0.0
DJI_20230614085219_0204_V_JPG.rf.061000f507f060a7be7eea27bbd6cd8d_tile_0055.jpg,correct,Crop,Crop,0.621758222579956,0.7560482635409215
DJI_20230614085219_0204_V_JPG.rf.061000f507f060a7be7eea27bbd6cd8d_tile_0055.jpg,correct,Crop,Crop,0.5768856406211853,0.6671440239526484
DJI_20230614085219_0204_V_JPG.rf.061000f507f060a7be7eea27bbd6cd8d_tile_0055.jpg,false_positive,background,Crop,0.36980703473091125,0.0
DJI_20230614085219_0204_V_JPG.rf.061000f507f060a7be7eea27bbd6cd8d_tile_0056.jpg,correct,Crop,Crop,0.3925246298313141,0.7295739071264374
DJI_20230614085219_0204_V_JPG.rf.061000f507f060a7be7eea27bbd6cd8d_tile_0056.jpg,correct,Weed,Weed,0.3454670310020447,0.6803381824202147
DJI_20230614085219_0204_V_JPG.rf.061000f507f060a7be7eea27bbd6cd8d_tile_0056.jpg,correct,Weed,Weed,0.4580082595348358,0.6232256143141184
DJI_20230614085219_0204_V_JPG.rf.061000f507f060a7be7eea27bbd6cd8d_tile_0056.jpg,correct,Weed,Weed,0.2830682396888733,0.6077501947913692
DJI_20230614085219_0204_V_JPG.rf.061000f507f060a7be7eea27bbd6cd8d_tile_0056.jpg,correct,Weed,Weed,0.40507370233535767,0.5836165114914058
DJI_20230614085219_0204_V_JPG.rf.061000f507f060a7be7eea27bbd6cd8d_tile_0056.jpg,false_positive,background,Weed,0.3848611116409302,0.0
DJI_20230614085219_0204_V_JPG.rf.061000f507f060a7be7eea27bbd6cd8d_tile_0057.jpg,correct,Crop,Crop,0.5667712092399597,0.7796477455819558
DJI_20230614085219_0204_V_JPG.rf.061000f507f060a7be7eea27bbd6cd8d_tile_0057.jpg,correct,Crop,Crop,0.5018494129180908,0.5630446693991857
DJI_20230614085219_0204_V_JPG.rf.061000f507f060a7be7eea27bbd6cd8d_tile_0058.jpg,missed_crop,Crop,background,0.0,0.0
DJI_20230614085219_0204_V_JPG.rf.061000f507f060a7be7eea27bbd6cd8d_tile_0058.jpg,missed_weed,Weed,background,0.0,0.0
DJI_20230614085219_0204_V_JPG.rf.061000f507f060a7be7eea27bbd6cd8d_tile_0058.jpg,false_positive,background,Crop,0.49940454959869385,0.0
DJI_20230614085219_0204_V_JPG.rf.061000f507f060a7be7eea27bbd6cd8d_tile_0058.jpg,false_positive,background,Weed,0.3968375325202942,0.0
DJI_20230614085219_0204_V_JPG.rf.061000f507f060a7be7eea27bbd6cd8d_tile_0059.jpg,correct,Crop,Crop,0.6342822909355164,0.5801133655623885
DJI_20230614085219_0204_V_JPG.rf.061000f507f060a7be7eea27bbd6cd8d_tile_0060.jpg,correct,Crop,Crop,0.6414811611175537,0.7185796760397659
DJI_20230614085219_0204_V_JPG.rf.061000f507f060a7be7eea27bbd6cd8d_tile_0060.jpg,missed_crop,Crop,background,0.0,0.0
DJI_20230614085219_0204_V_JPG.rf.061000f507f060a7be7eea27bbd6cd8d_tile_0061.jpg,correct,Crop,Crop,0.46755680441856384,0.729548390401635
DJI_20230614085219_0204_V_JPG.rf.061000f507f060a7be7eea27bbd6cd8d_tile_0061.jpg,correct,Crop,Crop,0.7115405201911926,0.5895182558489709
DJI_20230614085219_0204_V_JPG.rf.061000f507f060a7be7eea27bbd6cd8d_tile_0063.jpg,correct,Crop,Crop,0.749272346496582,0.6921781932238084
DJI_20230614085219_0204_V_JPG.rf.061000f507f060a7be7eea27bbd6cd8d_tile_0063.jpg,missed_crop,Crop,background,0.0,0.0
DJI_20230614085219_0204_V_JPG.rf.061000f507f060a7be7eea27bbd6cd8d_tile_0063.jpg,false_positive,background,Crop,0.43621307611465454,0.0
DJI_20230614085219_0204_V_JPG.rf.061000f507f060a7be7eea27bbd6cd8d_tile_0064.jpg,correct,Crop,Crop,0.608778715133667,0.8151631901613886
DJI_20230614085219_0204_V_JPG.rf.061000f507f060a7be7eea27bbd6cd8d_tile_0064.jpg,correct,Crop,Crop,0.49650853872299194,0.6761264912383446
DJI_20230614085219_0204_V_JPG.rf.061000f507f060a7be7eea27bbd6cd8d_tile_0064.jpg,correct,Crop,Crop,0.7572280168533325,0.6433411122515966
DJI_20230614085219_0204_V_JPG.rf.061000f507f060a7be7eea27bbd6cd8d_tile_0064.jpg,missed_crop,Crop,background,0.0,0.0
DJI_20230614085219_0204_V_JPG.rf.061000f507f060a7be7eea27bbd6cd8d_tile_0064.jpg,false_positive,background,Crop,0.33124247193336487,0.0
DJI_20230614085219_0204_V_JPG.rf.061000f507f060a7be7eea27bbd6cd8d_tile_0064.jpg,false_positive,background,Crop,0.28755831718444824,0.0
DJI_20230614085219_0204_V_JPG.rf.061000f507f060a7be7eea27bbd6cd8d_tile_0065.jpg,correct,Crop,Crop,0.6354383230209351,0.8161604574534083
DJI_20230614085219_0204_V_JPG.rf.061000f507f060a7be7eea27bbd6cd8d_tile_0065.jpg,correct,Crop,Crop,0.6348714232444763,0.6662232274245456
DJI_20230614085219_0204_V_JPG.rf.061000f507f060a7be7eea27bbd6cd8d_tile_0065.jpg,missed_crop,Crop,background,0.0,0.0
DJI_20230614085219_0204_V_JPG.rf.061000f507f060a7be7eea27bbd6cd8d_tile_0065.jpg,false_positive,background,Crop,0.3940832018852234,0.0
DJI_20230614085219_0204_V_JPG.rf.061000f507f060a7be7eea27bbd6cd8d_tile_0066.jpg,correct,Crop,Crop,0.6227690577507019,0.8233781710428181
DJI_20230614085219_0204_V_JPG.rf.061000f507f060a7be7eea27bbd6cd8d_tile_0066.jpg,correct,Crop,Crop,0.6218403577804565,0.6679995456071139
DJI_20230614085219_0204_V_JPG.rf.061000f507f060a7be7eea27bbd6cd8d_tile_0066.jpg,missed_crop,Crop,background,0.0,0.0
DJI_20230614085219_0204_V_JPG.rf.061000f507f060a7be7eea27bbd6cd8d_tile_0066.jpg,false_positive,background,Crop,0.3950731158256531,0.0
DJI_20230614085219_0204_V_JPG.rf.061000f507f060a7be7eea27bbd6cd8d_tile_0067.jpg,correct,Weed,Weed,0.5228046178817749,0.6648346056752229
DJI_20230614085219_0204_V_JPG.rf.061000f507f060a7be7eea27bbd6cd8d_tile_0067.jpg,correct,Weed,Weed,0.3193800449371338,0.5130531255784011
DJI_20230614085219_0204_V_JPG.rf.061000f507f060a7be7eea27bbd6cd8d_tile_0067.jpg,missed_weed,Weed,background,0.0,0.0
DJI_20230614085219_0204_V_JPG.rf.061000f507f060a7be7eea27bbd6cd8d_tile_0067.jpg,missed_weed,Weed,background,0.0,0.0
DJI_20230614085219_0204_V_JPG.rf.061000f507f060a7be7eea27bbd6cd8d_tile_0067.jpg,false_positive,background,Weed,0.26058346033096313,0.0
DJI_20230614085219_0204_V_JPG.rf.061000f507f060a7be7eea27bbd6cd8d_tile_0068.jpg,correct,Crop,Crop,0.646834135055542,0.8137643064994643
DJI_20230614085219_0204_V_JPG.rf.061000f507f060a7be7eea27bbd6cd8d_tile_0068.jpg,correct,Crop,Crop,0.6650751829147339,0.6680919371521216
DJI_20230614085219_0204_V_JPG.rf.061000f507f060a7be7eea27bbd6cd8d_tile_0068.jpg,missed_weed,Weed,background,0.0,0.0
DJI_20230614085219_0204_V_JPG.rf.061000f507f060a7be7eea27bbd6cd8d_tile_0068.jpg,false_positive,background,Weed,0.28463679552078247,0.0
DJI_20230614085219_0204_V_JPG.rf.061000f507f060a7be7eea27bbd6cd8d_tile_0069.jpg,missed_crop,Crop,background,0.0,0.0
DJI_20230614085219_0204_V_JPG.rf.061000f507f060a7be7eea27bbd6cd8d_tile_0069.jpg,false_positive,background,Crop,0.6381891965866089,0.0
DJI_20230614085219_0204_V_JPG.rf.061000f507f060a7be7eea27bbd6cd8d_tile_0069.jpg,false_positive,background,Crop,0.5140865445137024,0.0
DJI_20230614085219_0204_V_JPG.rf.061000f507f060a7be7eea27bbd6cd8d_tile_0070.jpg,correct,Crop,Crop,0.5639148354530334,0.9134002014804233
DJI_20230614085219_0204_V_JPG.rf.061000f507f060a7be7eea27bbd6cd8d_tile_0070.jpg,correct,Weed,Weed,0.5659914016723633,0.8137467557368729
DJI_20230614085219_0204_V_JPG.rf.061000f507f060a7be7eea27bbd6cd8d_tile_0071.jpg,correct,Crop,Crop,0.5224076509475708,0.7055566603760451
DJI_20230614085219_0204_V_JPG.rf.061000f507f060a7be7eea27bbd6cd8d_tile_0072.jpg,correct,Crop,Crop,0.4063085913658142,0.7546799806705919
DJI_20230614085219_0204_V_JPG.rf.061000f507f060a7be7eea27bbd6cd8d_tile_0072.jpg,missed_crop,Crop,background,0.0,0.0
DJI_20230614085219_0204_V_JPG.rf.061000f507f060a7be7eea27bbd6cd8d_tile_0072.jpg,false_positive,background,Crop,0.6159725785255432,0.0
DJI_20230614085219_0204_V_JPG.rf.061000f507f060a7be7eea27bbd6cd8d_tile_0073.jpg,correct,Crop,Crop,0.6543239951133728,0.654636794560418
DJI_20230614085219_0204_V_JPG.rf.061000f507f060a7be7eea27bbd6cd8d_tile_0073.jpg,correct,Crop,Crop,0.5781758427619934,0.5880594384969577
DJI_20230614085219_0204_V_JPG.rf.061000f507f060a7be7eea27bbd6cd8d_tile_0074.jpg,correct,Crop,Crop,0.5691201090812683,0.7856960679317596
DJI_20230614085219_0204_V_JPG.rf.061000f507f060a7be7eea27bbd6cd8d_tile_0074.jpg,correct,Crop,Crop,0.6521431803703308,0.6431214995197511
DJI_20230614085219_0204_V_JPG.rf.061000f507f060a7be7eea27bbd6cd8d_tile_0074.jpg,correct,Crop,Crop,0.5890365839004517,0.5916232761971438
DJI_20230614085219_0204_V_JPG.rf.061000f507f060a7be7eea27bbd6cd8d_tile_0075.jpg,correct,Crop,Crop,0.5469099879264832,0.7861386399977018
DJI_20230614085219_0204_V_JPG.rf.061000f507f060a7be7eea27bbd6cd8d_tile_0076.jpg,correct,Crop,Crop,0.6684555411338806,0.6781878030637
DJI_20230614085219_0204_V_JPG.rf.061000f507f060a7be7eea27bbd6cd8d_tile_0076.jpg,false_positive,background,Crop,0.34370699524879456,0.0
DJI_20230614085219_0204_V_JPG.rf.061000f507f060a7be7eea27bbd6cd8d_tile_0077.jpg,correct,Crop,Crop,0.6705673933029175,0.6770571753633832
DJI_20230614085219_0204_V_JPG.rf.061000f507f060a7be7eea27bbd6cd8d_tile_0077.jpg,false_positive,background,Crop,0.35643845796585083,0.0
DJI_20230614085219_0204_V_JPG.rf.061000f507f060a7be7eea27bbd6cd8d_tile_0078.jpg,correct,Crop,Crop,0.563026487827301,0.5259909640227062
DJI_20230614085219_0204_V_JPG.rf.061000f507f060a7be7eea27bbd6cd8d_tile_0078.jpg,missed_weed,Weed,background,0.0,0.0
DJI_20230614085219_0204_V_JPG.rf.061000f507f060a7be7eea27bbd6cd8d_tile_0078.jpg,missed_weed,Weed,background,0.0,0.0
DJI_20230614085219_0204_V_JPG.rf.061000f507f060a7be7eea27bbd6cd8d_tile_0079.jpg,missed_crop,Crop,background,0.0,0.0
DJI_20230614085219_0204_V_JPG.rf.061000f507f060a7be7eea27bbd6cd8d_tile_0079.jpg,false_positive,background,Crop,0.362118661403656,0.0
DJI_20230614085219_0204_V_JPG.rf.061000f507f060a7be7eea27bbd6cd8d_tile_0080.jpg,correct,Crop,Crop,0.5531670451164246,0.5534222228085214
DJI_20230614085219_0204_V_JPG.rf.061000f507f060a7be7eea27bbd6cd8d_tile_0080.jpg,false_positive,background,Crop,0.4135971963405609,0.0
DJI_20230614085219_0204_V_JPG.rf.061000f507f060a7be7eea27bbd6cd8d_tile_0081.jpg,correct,Crop,Crop,0.39300379157066345,0.7555471093607183
DJI_20230614085219_0204_V_JPG.rf.061000f507f060a7be7eea27bbd6cd8d_tile_0081.jpg,correct,Crop,Crop,0.29949751496315,0.7383608790020197
DJI_20230614085219_0204_V_JPG.rf.061000f507f060a7be7eea27bbd6cd8d_tile_0081.jpg,false_positive,background,Crop,0.3858721852302551,0.0
DJI_20230614085219_0204_V_JPG.rf.061000f507f060a7be7eea27bbd6cd8d_tile_0082.jpg,correct,Crop,Crop,0.4830252230167389,0.6732036310125395
DJI_20230614085219_0204_V_JPG.rf.061000f507f060a7be7eea27bbd6cd8d_tile_0082.jpg,correct,Crop,Crop,0.6460381150245667,0.6693224139168288
DJI_20230614085219_0204_V_JPG.rf.061000f507f060a7be7eea27bbd6cd8d_tile_0083.jpg,correct,Crop,Crop,0.7608447074890137,0.6966318817087971
DJI_20230614085219_0204_V_JPG.rf.061000f507f060a7be7eea27bbd6cd8d_tile_0084.jpg,correct,Crop,Crop,0.7461411952972412,0.8430371873068819
DJI_20230614085219_0204_V_JPG.rf.061000f507f060a7be7eea27bbd6cd8d_tile_0084.jpg,correct,Crop,Crop,0.6396472454071045,0.6503060857000981
DJI_20230614085219_0204_V_JPG.rf.061000f507f060a7be7eea27bbd6cd8d_tile_0084.jpg,missed_weed,Weed,background,0.0,0.0
DJI_20230614085219_0204_V_JPG.rf.061000f507f060a7be7eea27bbd6cd8d_tile_0085.jpg,correct,Crop,Crop,0.7486187219619751,0.8467403290177469
DJI_20230614085219_0204_V_JPG.rf.061000f507f060a7be7eea27bbd6cd8d_tile_0085.jpg,correct,Crop,Crop,0.6369999051094055,0.703887842904048
DJI_20230614085219_0204_V_JPG.rf.061000f507f060a7be7eea27bbd6cd8d_tile_0085.jpg,correct,Crop,Crop,0.7696055173873901,0.6546871467935638
DJI_20230614085219_0204_V_JPG.rf.061000f507f060a7be7eea27bbd6cd8d_tile_0085.jpg,correct,Crop,Crop,0.6385833024978638,0.6485305241431547
DJI_20230614085219_0204_V_JPG.rf.061000f507f060a7be7eea27bbd6cd8d_tile_0085.jpg,missed_weed,Weed,background,0.0,0.0
DJI_20230614085219_0204_V_JPG.rf.061000f507f060a7be7eea27bbd6cd8d_tile_0086.jpg,correct,Crop,Crop,0.6277987957000732,0.7172006906719592
DJI_20230614085219_0204_V_JPG.rf.061000f507f060a7be7eea27bbd6cd8d_tile_0086.jpg,correct,Crop,Crop,0.7610172033309937,0.6643121173011456
DJI_20230614085219_0204_V_JPG.rf.061000f507f060a7be7eea27bbd6cd8d_tile_0087.jpg,correct,Crop,Crop,0.646391749382019,0.6832227177480882
DJI_20230614085219_0204_V_JPG.rf.061000f507f060a7be7eea27bbd6cd8d_tile_0087.jpg,false_positive,background,Crop,0.3016979694366455,0.0
DJI_20230614085219_0204_V_JPG.rf.061000f507f060a7be7eea27bbd6cd8d_tile_0088.jpg,correct,Crop,Crop,0.650397002696991,0.6817155692146374
DJI_20230614085219_0204_V_JPG.rf.061000f507f060a7be7eea27bbd6cd8d_tile_0088.jpg,false_positive,background,Crop,0.35187479853630066,0.0
DJI_20230614085219_0204_V_JPG.rf.061000f507f060a7be7eea27bbd6cd8d_tile_0089.jpg,correct,Weed,Weed,0.6742532849311829,0.7627607335487613
DJI_20230614085219_0204_V_JPG.rf.061000f507f060a7be7eea27bbd6cd8d_tile_0089.jpg,missed_weed,Weed,background,0.0,0.0
DJI_20230614085219_0204_V_JPG.rf.061000f507f060a7be7eea27bbd6cd8d_tile_0089.jpg,false_positive,background,Crop,0.5229037404060364,0.0
DJI_20230614085219_0204_V_JPG.rf.061000f507f060a7be7eea27bbd6cd8d_tile_0089.jpg,false_positive,background,Weed,0.3870876133441925,0.0
DJI_20230614085219_0204_V_JPG.rf.061000f507f060a7be7eea27bbd6cd8d_tile_0089.jpg,false_positive,background,Weed,0.30381056666374207,0.0
DJI_20230614085219_0204_V_JPG.rf.061000f507f060a7be7eea27bbd6cd8d_tile_0090.jpg,correct,Crop,Crop,0.5434520840644836,0.597592278423222
DJI_20230614085219_0204_V_JPG.rf.061000f507f060a7be7eea27bbd6cd8d_tile_0090.jpg,false_positive,background,Crop,0.38192304968833923,0.0
DJI_20230614085219_0204_V_JPG.rf.061000f507f060a7be7eea27bbd6cd8d_tile_0090.jpg,false_positive,background,Crop,0.33219149708747864,0.0
DJI_20230614085219_0204_V_JPG.rf.061000f507f060a7be7eea27bbd6cd8d_tile_0092.jpg,correct,Crop,Crop,0.7302432656288147,0.7571799870130492
DJI_20230614085219_0204_V_JPG.rf.061000f507f060a7be7eea27bbd6cd8d_tile_0092.jpg,false_positive,background,Weed,0.29100289940834045,0.0
DJI_20230614085219_0204_V_JPG.rf.061000f507f060a7be7eea27bbd6cd8d_tile_0093.jpg,correct,Crop,Crop,0.6575027108192444,0.6634283471444961
DJI_20230614085219_0204_V_JPG.rf.061000f507f060a7be7eea27bbd6cd8d_tile_0093.jpg,correct,Crop,Crop,0.618448793888092,0.562619720810427
DJI_20230614085219_0204_V_JPG.rf.061000f507f060a7be7eea27bbd6cd8d_tile_0096.jpg,correct,Crop,Crop,0.5854025483131409,0.7081045054044623
DJI_20230614085219_0204_V_JPG.rf.061000f507f060a7be7eea27bbd6cd8d_tile_0097.jpg,correct,Crop,Crop,0.4309687316417694,0.89556227273153
DJI_20230614085219_0204_V_JPG.rf.061000f507f060a7be7eea27bbd6cd8d_tile_0097.jpg,correct,Crop,Crop,0.7542420625686646,0.7479752372127373
DJI_20230614085219_0204_V_JPG.rf.061000f507f060a7be7eea27bbd6cd8d_tile_0097.jpg,missed_weed,Weed,background,0.0,0.0
DJI_20230614085219_0204_V_JPG.rf.061000f507f060a7be7eea27bbd6cd8d_tile_0097.jpg,missed_weed,Weed,background,0.0,0.0
DJI_20230614085219_0204_V_JPG.rf.061000f507f060a7be7eea27bbd6cd8d_tile_0098.jpg,correct,Crop,Crop,0.7317027449607849,0.8100439502574261
DJI_20230614085219_0204_V_JPG.rf.061000f507f060a7be7eea27bbd6cd8d_tile_0098.jpg,missed_weed,Weed,background,0.0,0.0
DJI_20230614085219_0204_V_JPG.rf.061000f507f060a7be7eea27bbd6cd8d_tile_0098.jpg,false_positive,background,Crop,0.2787924110889435,0.0
DJI_20230614085219_0204_V_JPG.rf.061000f507f060a7be7eea27bbd6cd8d_tile_0099.jpg,false_positive,background,Crop,0.3095882534980774,0.0
DJI_20230614085219_0204_V_JPG.rf.061000f507f060a7be7eea27bbd6cd8d_tile_0102.jpg,correct,Crop,Crop,0.395834356546402,0.6621775884047758
DJI_20230614085219_0204_V_JPG.rf.061000f507f060a7be7eea27bbd6cd8d_tile_0102.jpg,missed_crop,Crop,background,0.0,0.0
DJI_20230614085219_0204_V_JPG.rf.061000f507f060a7be7eea27bbd6cd8d_tile_0103.jpg,correct,Crop,Crop,0.6751046180725098,0.7911943042244344
DJI_20230614085219_0204_V_JPG.rf.061000f507f060a7be7eea27bbd6cd8d_tile_0103.jpg,correct,Crop,Crop,0.7387795448303223,0.7025716675537946
DJI_20230614085219_0204_V_JPG.rf.061000f507f060a7be7eea27bbd6cd8d_tile_0104.jpg,correct,Crop,Crop,0.7350759506225586,0.8365866326403619
DJI_20230614085219_0204_V_JPG.rf.061000f507f060a7be7eea27bbd6cd8d_tile_0104.jpg,correct,Crop,Crop,0.5068238377571106,0.6521836666852007
DJI_20230614085219_0204_V_JPG.rf.061000f507f060a7be7eea27bbd6cd8d_tile_0106.jpg,correct,Crop,Crop,0.43192344903945923,0.6234249593861764
DJI_20230614085219_0204_V_JPG.rf.061000f507f060a7be7eea27bbd6cd8d_tile_0107.jpg,correct,Crop,Crop,0.7418389320373535,0.7871547594015862
DJI_20230614085219_0204_V_JPG.rf.061000f507f060a7be7eea27bbd6cd8d_tile_0107.jpg,correct,Crop,Crop,0.7268253564834595,0.6241835663637271
DJI_20230614085219_0204_V_JPG.rf.061000f507f060a7be7eea27bbd6cd8d_tile_0108.jpg,correct,Crop,Crop,0.5740325450897217,0.5593026016994488
DJI_20230614085219_0204_V_JPG.rf.061000f507f060a7be7eea27bbd6cd8d_tile_0108.jpg,missed_weed,Weed,background,0.0,0.0
DJI_20230614085219_0204_V_JPG.rf.061000f507f060a7be7eea27bbd6cd8d_tile_0109.jpg,correct,Weed,Weed,0.6211204528808594,0.7481876697314083
DJI_20230614085219_0204_V_JPG.rf.061000f507f060a7be7eea27bbd6cd8d_tile_0109.jpg,false_positive,background,Crop,0.4552246332168579,0.0
DJI_20230614085219_0204_V_JPG.rf.061000f507f060a7be7eea27bbd6cd8d_tile_0110.jpg,correct,Weed,Weed,0.6173693537712097,0.746535693623767
DJI_20230614085219_0204_V_JPG.rf.061000f507f060a7be7eea27bbd6cd8d_tile_0110.jpg,false_positive,background,Crop,0.45276206731796265,0.0
DJI_20230614085219_0204_V_JPG.rf.061000f507f060a7be7eea27bbd6cd8d_tile_0113.jpg,correct,Crop,Crop,0.38922613859176636,0.7072961780249429
DJI_20230614085219_0204_V_JPG.rf.061000f507f060a7be7eea27bbd6cd8d_tile_0113.jpg,correct,Crop,Crop,0.5255423784255981,0.6784647975086144
DJI_20230614085219_0204_V_JPG.rf.061000f507f060a7be7eea27bbd6cd8d_tile_0114.jpg,correct,Crop,Crop,0.3093259930610657,0.8054993800315959
DJI_20230614085219_0204_V_JPG.rf.061000f507f060a7be7eea27bbd6cd8d_tile_0114.jpg,correct,Crop,Crop,0.6938186883926392,0.785197801233604
DJI_20230614085219_0204_V_JPG.rf.061000f507f060a7be7eea27bbd6cd8d_tile_0114.jpg,correct,Crop,Crop,0.7206240892410278,0.6900628902384218
DJI_20230614085219_0204_V_JPG.rf.061000f507f060a7be7eea27bbd6cd8d_tile_0115.jpg,correct,Crop,Crop,0.7384536266326904,0.8419179387953689
DJI_20230614085219_0204_V_JPG.rf.061000f507f060a7be7eea27bbd6cd8d_tile_0115.jpg,missed_crop,Crop,background,0.0,0.0
DJI_20230614085219_0204_V_JPG.rf.061000f507f060a7be7eea27bbd6cd8d_tile_0117.jpg,correct,Crop,Crop,0.468676894903183,0.6944296640925187
DJI_20230614085219_0204_V_JPG.rf.061000f507f060a7be7eea27bbd6cd8d_tile_0118.jpg,correct,Crop,Crop,0.7433707118034363,0.7956347767553635
DJI_20230614085219_0204_V_JPG.rf.061000f507f060a7be7eea27bbd6cd8d_tile_0118.jpg,correct,Crop,Crop,0.6882206797599792,0.6414343556579087
DJI_20230614085219_0204_V_JPG.rf.061000f507f060a7be7eea27bbd6cd8d_tile_0119.jpg,correct,Crop,Crop,0.47687798738479614,0.6227946563618808
DJI_20230614085219_0204_V_JPG.rf.061000f507f060a7be7eea27bbd6cd8d_tile_0119.jpg,correct,Crop,Crop,0.49478670954704285,0.5908069135665478
DJI_20230614085219_0204_V_JPG.rf.061000f507f060a7be7eea27bbd6cd8d_tile_0119.jpg,missed_weed,Weed,background,0.0,0.0
DJI_20230614085219_0204_V_JPG.rf.061000f507f060a7be7eea27bbd6cd8d_tile_0120.jpg,correct,Weed,Weed,0.6201450228691101,0.7329590060622053
DJI_20230614085219_0204_V_JPG.rf.061000f507f060a7be7eea27bbd6cd8d_tile_0120.jpg,false_positive,background,Crop,0.48954030871391296,0.0
DJI_20230614085219_0204_V_JPG.rf.061000f507f060a7be7eea27bbd6cd8d_tile_0121.jpg,correct,Weed,Weed,0.6157645583152771,0.7341377417623351
DJI_20230614085219_0204_V_JPG.rf.061000f507f060a7be7eea27bbd6cd8d_tile_0121.jpg,false_positive,background,Crop,0.4889824390411377,0.0
DJI_20230614085247_0218_V_JPG.rf.7b7e14402f41f5d380415a65131065d8_tile_0001.jpg,correct,Crop,Crop,0.6865863800048828,0.637074788036377
DJI_20230614085247_0218_V_JPG.rf.7b7e14402f41f5d380415a65131065d8_tile_0001.jpg,missed_crop,Crop,background,0.0,0.0
DJI_20230614085247_0218_V_JPG.rf.7b7e14402f41f5d380415a65131065d8_tile_0001.jpg,false_positive,background,Crop,0.2570425570011139,0.0
DJI_20230614085247_0218_V_JPG.rf.7b7e14402f41f5d380415a65131065d8_tile_0002.jpg,correct,Crop,Crop,0.6867566704750061,0.6508039369882712
DJI_20230614085247_0218_V_JPG.rf.7b7e14402f41f5d380415a65131065d8_tile_0002.jpg,correct,Crop,Crop,0.29430916905403137,0.5112572969334092
DJI_20230614085247_0218_V_JPG.rf.7b7e14402f41f5d380415a65131065d8_tile_0003.jpg,correct,Crop,Crop,0.4198906719684601,0.60793069925727
DJI_20230614085247_0218_V_JPG.rf.7b7e14402f41f5d380415a65131065d8_tile_0004.jpg,correct,Crop,Crop,0.7220694422721863,0.7948625785907494
DJI_20230614085247_0218_V_JPG.rf.7b7e14402f41f5d380415a65131065d8_tile_0004.jpg,correct,Crop,Crop,0.666752815246582,0.5235900717647636
DJI_20230614085247_0218_V_JPG.rf.7b7e14402f41f5d380415a65131065d8_tile_0005.jpg,correct,Crop,Crop,0.5997596383094788,0.5887075649680643
DJI_20230614085247_0218_V_JPG.rf.7b7e14402f41f5d380415a65131065d8_tile_0005.jpg,missed_crop,Crop,background,0.0,0.0
DJI_20230614085247_0218_V_JPG.rf.7b7e14402f41f5d380415a65131065d8_tile_0005.jpg,false_positive,background,Crop,0.5772719979286194,0.0
DJI_20230614085247_0218_V_JPG.rf.7b7e14402f41f5d380415a65131065d8_tile_0006.jpg,correct,Crop,Crop,0.37560468912124634,0.5417537695568639
DJI_20230614085247_0218_V_JPG.rf.7b7e14402f41f5d380415a65131065d8_tile_0007.jpg,correct,Crop,Crop,0.6422096490859985,0.5449178608792582
DJI_20230614085247_0218_V_JPG.rf.7b7e14402f41f5d380415a65131065d8_tile_0008.jpg,correct,Crop,Crop,0.644528865814209,0.6529314506512096
DJI_20230614085247_0218_V_JPG.rf.7b7e14402f41f5d380415a65131065d8_tile_0008.jpg,correct,Crop,Crop,0.7639896869659424,0.5891703768900055
DJI_20230614085247_0218_V_JPG.rf.7b7e14402f41f5d380415a65131065d8_tile_0009.jpg,correct,Crop,Crop,0.661677360534668,0.5015741069720734
DJI_20230614085247_0218_V_JPG.rf.7b7e14402f41f5d380415a65131065d8_tile_0012.jpg,correct,Crop,Crop,0.751043438911438,0.6388977681503111
DJI_20230614085247_0218_V_JPG.rf.7b7e14402f41f5d380415a65131065d8_tile_0012.jpg,missed_crop,Crop,background,0.0,0.0
DJI_20230614085247_0218_V_JPG.rf.7b7e14402f41f5d380415a65131065d8_tile_0012.jpg,false_positive,background,Crop,0.6055744886398315,0.0
DJI_20230614085247_0218_V_JPG.rf.7b7e14402f41f5d380415a65131065d8_tile_0013.jpg,correct,Crop,Crop,0.4836636483669281,0.7892259569450516
DJI_20230614085247_0218_V_JPG.rf.7b7e14402f41f5d380415a65131065d8_tile_0013.jpg,correct,Crop,Crop,0.739120602607727,0.626990984658539
DJI_20230614085247_0218_V_JPG.rf.7b7e14402f41f5d380415a65131065d8_tile_0013.jpg,missed_crop,Crop,background,0.0,0.0
DJI_20230614085247_0218_V_JPG.rf.7b7e14402f41f5d380415a65131065d8_tile_0013.jpg,false_positive,background,Crop,0.6081975698471069,0.0
DJI_20230614085247_0218_V_JPG.rf.7b7e14402f41f5d380415a65131065d8_tile_0013.jpg,false_positive,background,Weed,0.4378258287906647,0.0
DJI_20230614085247_0218_V_JPG.rf.7b7e14402f41f5d380415a65131065d8_tile_0014.jpg,correct,Crop,Crop,0.660126805305481,0.7871297248201045
DJI_20230614085247_0218_V_JPG.rf.7b7e14402f41f5d380415a65131065d8_tile_0014.jpg,correct,Crop,Crop,0.4209572970867157,0.6696192744932621
DJI_20230614085247_0218_V_JPG.rf.7b7e14402f41f5d380415a65131065d8_tile_0014.jpg,correct,Crop,Crop,0.7125973701477051,0.6197023910707913
DJI_20230614085247_0218_V_JPG.rf.7b7e14402f41f5d380415a65131065d8_tile_0015.jpg,correct,Crop,Crop,0.5128908157348633,0.638124128436458
DJI_20230614085247_0218_V_JPG.rf.7b7e14402f41f5d380415a65131065d8_tile_0015.jpg,correct,Crop,Crop,0.6600642800331116,0.5794889959169008
DJI_20230614085247_0218_V_JPG.rf.7b7e14402f41f5d380415a65131065d8_tile_0016.jpg,correct,Crop,Crop,0.3858206868171692,0.7353863023486178
DJI_20230614085247_0218_V_JPG.rf.7b7e14402f41f5d380415a65131065d8_tile_0016.jpg,missed_crop,Crop,background,0.0,0.0
DJI_20230614085247_0218_V_JPG.rf.7b7e14402f41f5d380415a65131065d8_tile_0016.jpg,false_positive,background,Crop,0.26543861627578735,0.0
DJI_20230614085247_0218_V_JPG.rf.7b7e14402f41f5d380415a65131065d8_tile_0017.jpg,correct,Crop,Crop,0.41394326090812683,0.5729689666040964
DJI_20230614085247_0218_V_JPG.rf.7b7e14402f41f5d380415a65131065d8_tile_0017.jpg,missed_crop,Crop,background,0.0,0.0
DJI_20230614085247_0218_V_JPG.rf.7b7e14402f41f5d380415a65131065d8_tile_0017.jpg,false_positive,background,Crop,0.6376839280128479,0.0
DJI_20230614085247_0218_V_JPG.rf.7b7e14402f41f5d380415a65131065d8_tile_0018.jpg,correct,Crop,Crop,0.6872364282608032,0.6721584125487038
DJI_20230614085247_0218_V_JPG.rf.7b7e14402f41f5d380415a65131065d8_tile_0018.jpg,correct,Crop,Crop,0.6566445231437683,0.5293594432184373
DJI_20230614085247_0218_V_JPG.rf.7b7e14402f41f5d380415a65131065d8_tile_0019.jpg,correct,Crop,Crop,0.747228741645813,0.6130482886824205
DJI_20230614085247_0218_V_JPG.rf.7b7e14402f41f5d380415a65131065d8_tile_0020.jpg,correct,Crop,Crop,0.6239472031593323,0.546266950848066
DJI_20230614085247_0218_V_JPG.rf.7b7e14402f41f5d380415a65131065d8_tile_0020.jpg,missed_crop,Crop,background,0.0,0.0
DJI_20230614085247_0218_V_JPG.rf.7b7e14402f41f5d380415a65131065d8_tile_0020.jpg,false_positive,background,Crop,0.6381407976150513,0.0
DJI_20230614085247_0218_V_JPG.rf.7b7e14402f41f5d380415a65131065d8_tile_0023.jpg,correct,Crop,Crop,0.6424179673194885,0.7492498114039754
DJI_20230614085247_0218_V_JPG.rf.7b7e14402f41f5d380415a65131065d8_tile_0023.jpg,correct,Crop,Crop,0.5734027028083801,0.6465841312309343
DJI_20230614085247_0218_V_JPG.rf.7b7e14402f41f5d380415a65131065d8_tile_0024.jpg,missed_crop,Crop,background,0.0,0.0
DJI_20230614085247_0218_V_JPG.rf.7b7e14402f41f5d380415a65131065d8_tile_0025.jpg,correct,Crop,Crop,0.5411855578422546,0.567698324686579
DJI_20230614085247_0218_V_JPG.rf.7b7e14402f41f5d380415a65131065d8_tile_0025.jpg,correct,Crop,Crop,0.612214982509613,0.5300641827423107
DJI_20230614085247_0218_V_JPG.rf.7b7e14402f41f5d380415a65131065d8_tile_0026.jpg,correct,Crop,Crop,0.6110950708389282,0.5305910329034014
DJI_20230614085247_0218_V_JPG.rf.7b7e14402f41f5d380415a65131065d8_tile_0026.jpg,missed_crop,Crop,background,0.0,0.0
DJI_20230614085247_0218_V_JPG.rf.7b7e14402f41f5d380415a65131065d8_tile_0026.jpg,missed_crop,Crop,background,0.0,0.0
DJI_20230614085247_0218_V_JPG.rf.7b7e14402f41f5d380415a65131065d8_tile_0026.jpg,false_positive,background,Crop,0.5553172826766968,0.0
DJI_20230614085247_0218_V_JPG.rf.7b7e14402f41f5d380415a65131065d8_tile_0026.jpg,false_positive,background,Crop,0.4180733263492584,0.0
DJI_20230614085247_0218_V_JPG.rf.7b7e14402f41f5d380415a65131065d8_tile_0027.jpg,correct,Crop,Crop,0.27262061834335327,0.6716534934377407
DJI_20230614085247_0218_V_JPG.rf.7b7e14402f41f5d380415a65131065d8_tile_0027.jpg,missed_crop,Crop,background,0.0,0.0
DJI_20230614085247_0218_V_JPG.rf.7b7e14402f41f5d380415a65131065d8_tile_0027.jpg,false_positive,background,Crop,0.4689222276210785,0.0
DJI_20230614085247_0218_V_JPG.rf.7b7e14402f41f5d380415a65131065d8_tile_0027.jpg,false_positive,background,Crop,0.25557294487953186,0.0
DJI_20230614085247_0218_V_JPG.rf.7b7e14402f41f5d380415a65131065d8_tile_0028.jpg,missed_crop,Crop,background,0.0,0.0
DJI_20230614085247_0218_V_JPG.rf.7b7e14402f41f5d380415a65131065d8_tile_0029.jpg,correct,Crop,Crop,0.45560353994369507,0.9091792472326651
DJI_20230614085247_0218_V_JPG.rf.7b7e14402f41f5d380415a65131065d8_tile_0029.jpg,correct,Crop,Crop,0.7409761548042297,0.7820417575726565
DJI_20230614085247_0218_V_JPG.rf.7b7e14402f41f5d380415a65131065d8_tile_0030.jpg,correct,Crop,Crop,0.5117778182029724,0.585630313441112
DJI_20230614085247_0218_V_JPG.rf.7b7e14402f41f5d380415a65131065d8_tile_0030.jpg,missed_crop,Crop,background,0.0,0.0
DJI_20230614085247_0218_V_JPG.rf.7b7e14402f41f5d380415a65131065d8_tile_0030.jpg,false_positive,background,Crop,0.7410567402839661,0.0
DJI_20230614085247_0218_V_JPG.rf.7b7e14402f41f5d380415a65131065d8_tile_0031.jpg,correct,Crop,Crop,0.5939273834228516,0.6102739923330075
DJI_20230614085247_0218_V_JPG.rf.7b7e14402f41f5d380415a65131065d8_tile_0031.jpg,correct,Crop,Crop,0.5463215112686157,0.5015050136167826
DJI_20230614085247_0218_V_JPG.rf.7b7e14402f41f5d380415a65131065d8_tile_0032.jpg,false_positive,background,Crop,0.6266522407531738,0.0
DJI_20230614085247_0218_V_JPG.rf.7b7e14402f41f5d380415a65131065d8_tile_0034.jpg,correct,Crop,Crop,0.6562480926513672,0.843495444583587
DJI_20230614085247_0218_V_JPG.rf.7b7e14402f41f5d380415a65131065d8_tile_0034.jpg,correct,Crop,Crop,0.5014380216598511,0.5788667487577889
DJI_20230614085247_0218_V_JPG.rf.7b7e14402f41f5d380415a65131065d8_tile_0035.jpg,correct,Crop,Crop,0.7014569044113159,0.7178445080265246
DJI_20230614085247_0218_V_JPG.rf.7b7e14402f41f5d380415a65131065d8_tile_0036.jpg,correct,Crop,Crop,0.4493263363838196,0.7256688363156052
DJI_20230614085247_0218_V_JPG.rf.7b7e14402f41f5d380415a65131065d8_tile_0036.jpg,correct,Crop,Crop,0.7315518260002136,0.5508304726749941
DJI_20230614085247_0218_V_JPG.rf.7b7e14402f41f5d380415a65131065d8_tile_0036.jpg,correct,Crop,Crop,0.6196203231811523,0.5468257687944699
DJI_20230614085247_0218_V_JPG.rf.7b7e14402f41f5d380415a65131065d8_tile_0036.jpg,missed_crop,Crop,background,0.0,0.0
DJI_20230614085247_0218_V_JPG.rf.7b7e14402f41f5d380415a65131065d8_tile_0036.jpg,missed_crop,Crop,background,0.0,0.0
DJI_20230614085247_0218_V_JPG.rf.7b7e14402f41f5d380415a65131065d8_tile_0036.jpg,false_positive,background,Crop,0.3426555097103119,0.0
DJI_20230614085247_0218_V_JPG.rf.7b7e14402f41f5d380415a65131065d8_tile_0037.jpg,correct,Crop,Crop,0.6813504695892334,0.6706916764815164
DJI_20230614085247_0218_V_JPG.rf.7b7e14402f41f5d380415a65131065d8_tile_0037.jpg,correct,Crop,Crop,0.7312422394752502,0.5498595437840686
DJI_20230614085247_0218_V_JPG.rf.7b7e14402f41f5d380415a65131065d8_tile_0037.jpg,correct,Crop,Crop,0.5909816026687622,0.5453180152414699
DJI_20230614085247_0218_V_JPG.rf.7b7e14402f41f5d380415a65131065d8_tile_0037.jpg,missed_crop,Crop,background,0.0,0.0
DJI_20230614085247_0218_V_JPG.rf.7b7e14402f41f5d380415a65131065d8_tile_0037.jpg,missed_crop,Crop,background,0.0,0.0
DJI_20230614085247_0218_V_JPG.rf.7b7e14402f41f5d380415a65131065d8_tile_0037.jpg,missed_crop,Crop,background,0.0,0.0
DJI_20230614085247_0218_V_JPG.rf.7b7e14402f41f5d380415a65131065d8_tile_0038.jpg,correct,Crop,Crop,0.6598419547080994,0.6851486086246288
DJI_20230614085247_0218_V_JPG.rf.7b7e14402f41f5d380415a65131065d8_tile_0038.jpg,missed_crop,Crop,background,0.0,0.0
DJI_20230614085247_0218_V_JPG.rf.7b7e14402f41f5d380415a65131065d8_tile_0039.jpg,correct,Crop,Crop,0.7138676047325134,0.6574087411132877
DJI_20230614085247_0218_V_JPG.rf.7b7e14402f41f5d380415a65131065d8_tile_0039.jpg,missed_crop,Crop,background,0.0,0.0
DJI_20230614085247_0218_V_JPG.rf.7b7e14402f41f5d380415a65131065d8_tile_0040.jpg,correct,Crop,Crop,0.39700838923454285,0.8581486989436221
DJI_20230614085247_0218_V_JPG.rf.7b7e14402f41f5d380415a65131065d8_tile_0040.jpg,correct,Crop,Crop,0.603868842124939,0.7010053400912798
DJI_20230614085247_0218_V_JPG.rf.7b7e14402f41f5d380415a65131065d8_tile_0040.jpg,false_positive,background,Crop,0.5659058690071106,0.0
DJI_20230614085247_0218_V_JPG.rf.7b7e14402f41f5d380415a65131065d8_tile_0041.jpg,missed_crop,Crop,background,0.0,0.0
DJI_20230614085247_0218_V_JPG.rf.7b7e14402f41f5d380415a65131065d8_tile_0041.jpg,missed_crop,Crop,background,0.0,0.0
DJI_20230614085247_0218_V_JPG.rf.7b7e14402f41f5d380415a65131065d8_tile_0041.jpg,false_positive,background,Crop,0.6890649795532227,0.0
DJI_20230614085247_0218_V_JPG.rf.7b7e14402f41f5d380415a65131065d8_tile_0041.jpg,false_positive,background,Crop,0.589954137802124,0.0
DJI_20230614085247_0218_V_JPG.rf.7b7e14402f41f5d380415a65131065d8_tile_0042.jpg,correct,Crop,Crop,0.4002018868923187,0.7025772891768154
DJI_20230614085247_0218_V_JPG.rf.7b7e14402f41f5d380415a65131065d8_tile_0042.jpg,correct,Crop,Crop,0.6055803894996643,0.5622588585718808
DJI_20230614085247_0218_V_JPG.rf.7b7e14402f41f5d380415a65131065d8_tile_0042.jpg,false_positive,background,Crop,0.46364107728004456,0.0
DJI_20230614085247_0218_V_JPG.rf.7b7e14402f41f5d380415a65131065d8_tile_0043.jpg,false_positive,background,Crop,0.7144037485122681,0.0
DJI_20230614085247_0218_V_JPG.rf.7b7e14402f41f5d380415a65131065d8_tile_0043.jpg,false_positive,background,Crop,0.640815019607544,0.0
DJI_20230614085247_0218_V_JPG.rf.7b7e14402f41f5d380415a65131065d8_tile_0045.jpg,correct,Crop,Crop,0.5871785879135132,0.842041679415368
DJI_20230614085247_0218_V_JPG.rf.7b7e14402f41f5d380415a65131065d8_tile_0045.jpg,correct,Crop,Crop,0.4640856385231018,0.5763010353961336
DJI_20230614085247_0218_V_JPG.rf.7b7e14402f41f5d380415a65131065d8_tile_0046.jpg,correct,Crop,Crop,0.6042903661727905,0.796083333756209
DJI_20230614085247_0218_V_JPG.rf.7b7e14402f41f5d380415a65131065d8_tile_0046.jpg,false_positive,background,Crop,0.4098409116268158,0.0
DJI_20230614085247_0218_V_JPG.rf.7b7e14402f41f5d380415a65131065d8_tile_0047.jpg,correct,Crop,Crop,0.5223597288131714,0.7121608176029227
DJI_20230614085247_0218_V_JPG.rf.7b7e14402f41f5d380415a65131065d8_tile_0047.jpg,missed_crop,Crop,background,0.0,0.0
DJI_20230614085247_0218_V_JPG.rf.7b7e14402f41f5d380415a65131065d8_tile_0047.jpg,false_positive,background,Weed,0.5127702951431274,0.0
DJI_20230614085247_0218_V_JPG.rf.7b7e14402f41f5d380415a65131065d8_tile_0048.jpg,correct,Crop,Crop,0.5119725465774536,0.7257761787652453
DJI_20230614085247_0218_V_JPG.rf.7b7e14402f41f5d380415a65131065d8_tile_0048.jpg,correct,Crop,Crop,0.7620310187339783,0.5973741076493719
DJI_20230614085247_0218_V_JPG.rf.7b7e14402f41f5d380415a65131065d8_tile_0048.jpg,missed_crop,Crop,background,0.0,0.0
DJI_20230614085247_0218_V_JPG.rf.7b7e14402f41f5d380415a65131065d8_tile_0048.jpg,missed_crop,Crop,background,0.0,0.0
DJI_20230614085247_0218_V_JPG.rf.7b7e14402f41f5d380415a65131065d8_tile_0049.jpg,correct,Crop,Crop,0.7600584030151367,0.5996797205289822
DJI_20230614085247_0218_V_JPG.rf.7b7e14402f41f5d380415a65131065d8_tile_0049.jpg,missed_crop,Crop,background,0.0,0.0
DJI_20230614085247_0218_V_JPG.rf.7b7e14402f41f5d380415a65131065d8_tile_0050.jpg,correct,Crop,Crop,0.5640696287155151,0.5809657212800367
DJI_20230614085247_0218_V_JPG.rf.7b7e14402f41f5d380415a65131065d8_tile_0050.jpg,missed_crop,Crop,background,0.0,0.0
DJI_20230614085247_0218_V_JPG.rf.7b7e14402f41f5d380415a65131065d8_tile_0050.jpg,false_positive,background,Crop,0.49454566836357117,0.0
DJI_20230614085247_0218_V_JPG.rf.7b7e14402f41f5d380415a65131065d8_tile_0050.jpg,false_positive,background,Crop,0.38966506719589233,0.0
DJI_20230614085247_0218_V_JPG.rf.7b7e14402f41f5d380415a65131065d8_tile_0051.jpg,correct,Crop,Crop,0.5435537695884705,0.7780689366234986
DJI_20230614085247_0218_V_JPG.rf.7b7e14402f41f5d380415a65131065d8_tile_0051.jpg,correct,Crop,Crop,0.77492755651474,0.7110373383406317
DJI_20230614085247_0218_V_JPG.rf.7b7e14402f41f5d380415a65131065d8_tile_0052.jpg,correct,Crop,Crop,0.5384325385093689,0.8114915640769175
DJI_20230614085247_0218_V_JPG.rf.7b7e14402f41f5d380415a65131065d8_tile_0052.jpg,correct,Crop,Crop,0.6995050311088562,0.6040987048613585
DJI_20230614085247_0218_V_JPG.rf.7b7e14402f41f5d380415a65131065d8_tile_0052.jpg,false_positive,background,Crop,0.44565582275390625,0.0
DJI_20230614085247_0218_V_JPG.rf.7b7e14402f41f5d380415a65131065d8_tile_0053.jpg,correct,Weed,Weed,0.40270474553108215,0.7412472842227124
DJI_20230614085247_0218_V_JPG.rf.7b7e14402f41f5d380415a65131065d8_tile_0053.jpg,correct,Crop,Crop,0.6257731318473816,0.6358180066639968
DJI_20230614085247_0218_V_JPG.rf.7b7e14402f41f5d380415a65131065d8_tile_0053.jpg,false_positive,background,Weed,0.4623025953769684,0.0
DJI_20230614085247_0218_V_JPG.rf.7b7e14402f41f5d380415a65131065d8_tile_0055.jpg,false_positive,background,Crop,0.6708921790122986,0.0
DJI_20230614085247_0218_V_JPG.rf.7b7e14402f41f5d380415a65131065d8_tile_0055.jpg,false_positive,background,Crop,0.5311998724937439,0.0
DJI_20230614085247_0218_V_JPG.rf.7b7e14402f41f5d380415a65131065d8_tile_0056.jpg,correct,Crop,Crop,0.5069599747657776,0.6718143453804782
DJI_20230614085247_0218_V_JPG.rf.7b7e14402f41f5d380415a65131065d8_tile_0056.jpg,correct,Crop,Crop,0.5735235214233398,0.5300361630766548
DJI_20230614085247_0218_V_JPG.rf.7b7e14402f41f5d380415a65131065d8_tile_0057.jpg,correct,Crop,Crop,0.63895583152771,0.5343463222979752
DJI_20230614085247_0218_V_JPG.rf.7b7e14402f41f5d380415a65131065d8_tile_0057.jpg,missed_crop,Crop,background,0.0,0.0
DJI_20230614085247_0218_V_JPG.rf.7b7e14402f41f5d380415a65131065d8_tile_0057.jpg,false_positive,background,Crop,0.5653115510940552,0.0
DJI_20230614085247_0218_V_JPG.rf.7b7e14402f41f5d380415a65131065d8_tile_0059.jpg,missed_crop,Crop,background,0.0,0.0
DJI_20230614085247_0218_V_JPG.rf.7b7e14402f41f5d380415a65131065d8_tile_0059.jpg,false_positive,background,Crop,0.5520480275154114,0.0
DJI_20230614085247_0218_V_JPG.rf.7b7e14402f41f5d380415a65131065d8_tile_0060.jpg,missed_crop,Crop,background,0.0,0.0
DJI_20230614085247_0218_V_JPG.rf.7b7e14402f41f5d380415a65131065d8_tile_0060.jpg,false_positive,background,Crop,0.47999832034111023,0.0
DJI_20230614085247_0218_V_JPG.rf.7b7e14402f41f5d380415a65131065d8_tile_0061.jpg,missed_crop,Crop,background,0.0,0.0
DJI_20230614085247_0218_V_JPG.rf.7b7e14402f41f5d380415a65131065d8_tile_0061.jpg,missed_crop,Crop,background,0.0,0.0
DJI_20230614085247_0218_V_JPG.rf.7b7e14402f41f5d380415a65131065d8_tile_0061.jpg,false_positive,background,Crop,0.6759822964668274,0.0
DJI_20230614085247_0218_V_JPG.rf.7b7e14402f41f5d380415a65131065d8_tile_0061.jpg,false_positive,background,Crop,0.4201093018054962,0.0
DJI_20230614085247_0218_V_JPG.rf.7b7e14402f41f5d380415a65131065d8_tile_0062.jpg,correct,Crop,Crop,0.7454653382301331,0.8899106235377208
DJI_20230614085247_0218_V_JPG.rf.7b7e14402f41f5d380415a65131065d8_tile_0062.jpg,correct,Crop,Crop,0.7049421072006226,0.806698158471866
DJI_20230614085247_0218_V_JPG.rf.7b7e14402f41f5d380415a65131065d8_tile_0063.jpg,correct,Crop,Crop,0.7263156771659851,0.5341812523956757
DJI_20230614085247_0218_V_JPG.rf.7b7e14402f41f5d380415a65131065d8_tile_0064.jpg,correct,Crop,Crop,0.5616492629051208,0.7419181164951135
DJI_20230614085247_0218_V_JPG.rf.7b7e14402f41f5d380415a65131065d8_tile_0064.jpg,correct,Crop,Crop,0.7479796409606934,0.5967129084010773
DJI_20230614085247_0218_V_JPG.rf.7b7e14402f41f5d380415a65131065d8_tile_0065.jpg,correct,Crop,Crop,0.3459970951080322,0.761244006428564
DJI_20230614085247_0218_V_JPG.rf.7b7e14402f41f5d380415a65131065d8_tile_0065.jpg,false_positive,background,Crop,0.4493090808391571,0.0
DJI_20230614085247_0218_V_JPG.rf.7b7e14402f41f5d380415a65131065d8_tile_0066.jpg,correct,Crop,Crop,0.36255064606666565,0.7615260376155536
DJI_20230614085247_0218_V_JPG.rf.7b7e14402f41f5d380415a65131065d8_tile_0066.jpg,false_positive,background,Crop,0.4454146921634674,0.0
DJI_20230614085247_0218_V_JPG.rf.7b7e14402f41f5d380415a65131065d8_tile_0067.jpg,correct,Crop,Crop,0.7818681597709656,0.8270743105692631
DJI_20230614085247_0218_V_JPG.rf.7b7e14402f41f5d380415a65131065d8_tile_0067.jpg,missed_crop,Crop,background,0.0,0.0
DJI_20230614085247_0218_V_JPG.rf.7b7e14402f41f5d380415a65131065d8_tile_0067.jpg,false_positive,background,Crop,0.6972895264625549,0.0
DJI_20230614085247_0218_V_JPG.rf.7b7e14402f41f5d380415a65131065d8_tile_0068.jpg,correct,Crop,Crop,0.6024624705314636,0.5304813433568133
DJI_20230614085247_0218_V_JPG.rf.7b7e14402f41f5d380415a65131065d8_tile_0068.jpg,missed_crop,Crop,background,0.0,0.0
DJI_20230614085247_0218_V_JPG.rf.7b7e14402f41f5d380415a65131065d8_tile_0068.jpg,false_positive,background,Crop,0.7450101375579834,0.0
DJI_20230614085247_0218_V_JPG.rf.7b7e14402f41f5d380415a65131065d8_tile_0069.jpg,missed_crop,Crop,background,0.0,0.0
DJI_20230614085247_0218_V_JPG.rf.7b7e14402f41f5d380415a65131065d8_tile_0069.jpg,missed_crop,Crop,background,0.0,0.0
DJI_20230614085247_0218_V_JPG.rf.7b7e14402f41f5d380415a65131065d8_tile_0069.jpg,false_positive,background,Crop,0.6732600927352905,0.0
DJI_20230614085247_0218_V_JPG.rf.7b7e14402f41f5d380415a65131065d8_tile_0069.jpg,false_positive,background,Crop,0.3277432918548584,0.0
DJI_20230614085247_0218_V_JPG.rf.7b7e14402f41f5d380415a65131065d8_tile_0070.jpg,missed_crop,Crop,background,0.0,0.0
DJI_20230614085247_0218_V_JPG.rf.7b7e14402f41f5d380415a65131065d8_tile_0070.jpg,missed_crop,Crop,background,0.0,0.0
DJI_20230614085247_0218_V_JPG.rf.7b7e14402f41f5d380415a65131065d8_tile_0070.jpg,false_positive,background,Crop,0.5008480548858643,0.0
DJI_20230614085247_0218_V_JPG.rf.7b7e14402f41f5d380415a65131065d8_tile_0071.jpg,missed_crop,Crop,background,0.0,0.0
DJI_20230614085247_0218_V_JPG.rf.7b7e14402f41f5d380415a65131065d8_tile_0071.jpg,false_positive,background,Crop,0.617047131061554,0.0
DJI_20230614085247_0218_V_JPG.rf.7b7e14402f41f5d380415a65131065d8_tile_0072.jpg,missed_crop,Crop,background,0.0,0.0
DJI_20230614085247_0218_V_JPG.rf.7b7e14402f41f5d380415a65131065d8_tile_0072.jpg,missed_crop,Crop,background,0.0,0.0
DJI_20230614085247_0218_V_JPG.rf.7b7e14402f41f5d380415a65131065d8_tile_0072.jpg,false_positive,background,Crop,0.7066860795021057,0.0
DJI_20230614085247_0218_V_JPG.rf.7b7e14402f41f5d380415a65131065d8_tile_0072.jpg,false_positive,background,Crop,0.6708041429519653,0.0
DJI_20230614085247_0218_V_JPG.rf.7b7e14402f41f5d380415a65131065d8_tile_0073.jpg,correct,Crop,Crop,0.7508218884468079,0.6729836941483464
DJI_20230614085247_0218_V_JPG.rf.7b7e14402f41f5d380415a65131065d8_tile_0074.jpg,missed_crop,Crop,background,0.0,0.0
DJI_20230614085247_0218_V_JPG.rf.7b7e14402f41f5d380415a65131065d8_tile_0074.jpg,false_positive,background,Crop,0.574042022228241,0.0
DJI_20230614085247_0218_V_JPG.rf.7b7e14402f41f5d380415a65131065d8_tile_0074.jpg,false_positive,background,Crop,0.4258451759815216,0.0
DJI_20230614085247_0218_V_JPG.rf.7b7e14402f41f5d380415a65131065d8_tile_0075.jpg,correct,Crop,Crop,0.6353784203529358,0.841892146787761
DJI_20230614085247_0218_V_JPG.rf.7b7e14402f41f5d380415a65131065d8_tile_0075.jpg,missed_crop,Crop,background,0.0,0.0
DJI_20230614085247_0218_V_JPG.rf.7b7e14402f41f5d380415a65131065d8_tile_0075.jpg,false_positive,background,Crop,0.7351043224334717,0.0
DJI_20230614085247_0218_V_JPG.rf.7b7e14402f41f5d380415a65131065d8_tile_0076.jpg,correct,Crop,Crop,0.4850539267063141,0.7459598844472557
DJI_20230614085247_0218_V_JPG.rf.7b7e14402f41f5d380415a65131065d8_tile_0076.jpg,false_positive,background,Crop,0.6463377475738525,0.0
DJI_20230614085247_0218_V_JPG.rf.7b7e14402f41f5d380415a65131065d8_tile_0077.jpg,correct,Crop,Crop,0.4779798686504364,0.7462867929006736
DJI_20230614085247_0218_V_JPG.rf.7b7e14402f41f5d380415a65131065d8_tile_0077.jpg,false_positive,background,Crop,0.6451094150543213,0.0
DJI_20230614085247_0218_V_JPG.rf.7b7e14402f41f5d380415a65131065d8_tile_0078.jpg,correct,Crop,Crop,0.6895453333854675,0.8012289656392003
DJI_20230614085247_0218_V_JPG.rf.7b7e14402f41f5d380415a65131065d8_tile_0078.jpg,missed_crop,Crop,background,0.0,0.0
DJI_20230614085247_0218_V_JPG.rf.7b7e14402f41f5d380415a65131065d8_tile_0078.jpg,false_positive,background,Crop,0.5996330380439758,0.0
DJI_20230614085247_0218_V_JPG.rf.7b7e14402f41f5d380415a65131065d8_tile_0078.jpg,false_positive,background,Crop,0.5007485151290894,0.0
DJI_20230614085247_0218_V_JPG.rf.7b7e14402f41f5d380415a65131065d8_tile_0079.jpg,correct,Crop,Crop,0.5169467329978943,0.6739562909565789
DJI_20230614085247_0218_V_JPG.rf.7b7e14402f41f5d380415a65131065d8_tile_0080.jpg,correct,Crop,Crop,0.4658624529838562,0.5369971069920052
DJI_20230614085247_0218_V_JPG.rf.7b7e14402f41f5d380415a65131065d8_tile_0080.jpg,missed_crop,Crop,background,0.0,0.0
DJI_20230614085247_0218_V_JPG.rf.7b7e14402f41f5d380415a65131065d8_tile_0080.jpg,false_positive,background,Crop,0.5416205525398254,0.0
DJI_20230614085247_0218_V_JPG.rf.7b7e14402f41f5d380415a65131065d8_tile_0081.jpg,missed_crop,Crop,background,0.0,0.0
DJI_20230614085247_0218_V_JPG.rf.7b7e14402f41f5d380415a65131065d8_tile_0081.jpg,false_positive,background,Crop,0.31481221318244934,0.0
DJI_20230614085247_0218_V_JPG.rf.7b7e14402f41f5d380415a65131065d8_tile_0082.jpg,missed_crop,Crop,background,0.0,0.0
DJI_20230614085247_0218_V_JPG.rf.7b7e14402f41f5d380415a65131065d8_tile_0083.jpg,correct,Crop,Crop,0.60547935962677,0.7680946281699539
DJI_20230614085247_0218_V_JPG.rf.7b7e14402f41f5d380415a65131065d8_tile_0083.jpg,missed_crop,Crop,background,0.0,0.0
DJI_20230614085247_0218_V_JPG.rf.7b7e14402f41f5d380415a65131065d8_tile_0083.jpg,false_positive,background,Crop,0.3877992331981659,0.0
DJI_20230614085247_0218_V_JPG.rf.7b7e14402f41f5d380415a65131065d8_tile_0083.jpg,false_positive,background,Crop,0.30859827995300293,0.0
DJI_20230614085247_0218_V_JPG.rf.7b7e14402f41f5d380415a65131065d8_tile_0084.jpg,correct,Crop,Crop,0.74173504114151,0.8209839600426992
DJI_20230614085247_0218_V_JPG.rf.7b7e14402f41f5d380415a65131065d8_tile_0084.jpg,correct,Crop,Crop,0.5205076336860657,0.7928340127449309
DJI_20230614085247_0218_V_JPG.rf.7b7e14402f41f5d380415a65131065d8_tile_0085.jpg,correct,Crop,Crop,0.47285157442092896,0.5031032964290574
DJI_20230614085247_0218_V_JPG.rf.7b7e14402f41f5d380415a65131065d8_tile_0085.jpg,false_positive,background,Crop,0.4700891971588135,0.0
DJI_20230614085247_0218_V_JPG.rf.7b7e14402f41f5d380415a65131065d8_tile_0086.jpg,correct,Crop,Crop,0.6394720077514648,0.5572476651613307
DJI_20230614085247_0218_V_JPG.rf.7b7e14402f41f5d380415a65131065d8_tile_0086.jpg,missed_crop,Crop,background,0.0,0.0
DJI_20230614085247_0218_V_JPG.rf.7b7e14402f41f5d380415a65131065d8_tile_0086.jpg,false_positive,background,Crop,0.3652813136577606,0.0
DJI_20230614085247_0218_V_JPG.rf.7b7e14402f41f5d380415a65131065d8_tile_0087.jpg,correct,Crop,Crop,0.5462916493415833,0.5567336663072354
DJI_20230614085247_0218_V_JPG.rf.7b7e14402f41f5d380415a65131065d8_tile_0087.jpg,missed_crop,Crop,background,0.0,0.0
DJI_20230614085247_0218_V_JPG.rf.7b7e14402f41f5d380415a65131065d8_tile_0088.jpg,correct,Crop,Crop,0.5492083430290222,0.5593823915865371
DJI_20230614085247_0218_V_JPG.rf.7b7e14402f41f5d380415a65131065d8_tile_0088.jpg,missed_crop,Crop,background,0.0,0.0
DJI_20230614085247_0218_V_JPG.rf.7b7e14402f41f5d380415a65131065d8_tile_0089.jpg,correct,Crop,Crop,0.734248161315918,0.586160056287771
DJI_20230614085247_0218_V_JPG.rf.7b7e14402f41f5d380415a65131065d8_tile_0089.jpg,missed_crop,Crop,background,0.0,0.0
DJI_20230614085247_0218_V_JPG.rf.7b7e14402f41f5d380415a65131065d8_tile_0089.jpg,false_positive,background,Crop,0.5927534103393555,0.0
DJI_20230614085247_0218_V_JPG.rf.7b7e14402f41f5d380415a65131065d8_tile_0090.jpg,correct,Crop,Crop,0.7174967527389526,0.6382014256541433
DJI_20230614085247_0218_V_JPG.rf.7b7e14402f41f5d380415a65131065d8_tile_0090.jpg,missed_crop,Crop,background,0.0,0.0
DJI_20230614085247_0218_V_JPG.rf.7b7e14402f41f5d380415a65131065d8_tile_0090.jpg,false_positive,background,Crop,0.5869650840759277,0.0
DJI_20230614085247_0218_V_JPG.rf.7b7e14402f41f5d380415a65131065d8_tile_0091.jpg,correct,Crop,Crop,0.4693620800971985,0.6750566525033987
DJI_20230614085247_0218_V_JPG.rf.7b7e14402f41f5d380415a65131065d8_tile_0091.jpg,correct,Crop,Crop,0.6362869143486023,0.6398476555238478
DJI_20230614085247_0218_V_JPG.rf.7b7e14402f41f5d380415a65131065d8_tile_0091.jpg,missed_crop,Crop,background,0.0,0.0
DJI_20230614085247_0218_V_JPG.rf.7b7e14402f41f5d380415a65131065d8_tile_0091.jpg,false_positive,background,Crop,0.7043750286102295,0.0
DJI_20230614085247_0218_V_JPG.rf.7b7e14402f41f5d380415a65131065d8_tile_0092.jpg,missed_crop,Crop,background,0.0,0.0
DJI_20230614085247_0218_V_JPG.rf.7b7e14402f41f5d380415a65131065d8_tile_0092.jpg,false_positive,background,Crop,0.6086222529411316,0.0
DJI_20230614085247_0218_V_JPG.rf.7b7e14402f41f5d380415a65131065d8_tile_0094.jpg,correct,Crop,Crop,0.6806514859199524,0.6842752020402388
DJI_20230614085247_0218_V_JPG.rf.7b7e14402f41f5d380415a65131065d8_tile_0094.jpg,correct,Crop,Crop,0.4626988470554352,0.5340198936346567
DJI_20230614085247_0218_V_JPG.rf.7b7e14402f41f5d380415a65131065d8_tile_0095.jpg,correct,Crop,Crop,0.6712527871131897,0.7632154520968111
DJI_20230614085247_0218_V_JPG.rf.7b7e14402f41f5d380415a65131065d8_tile_0097.jpg,correct,Crop,Crop,0.6620504856109619,0.8630911415053889
DJI_20230614085247_0218_V_JPG.rf.7b7e14402f41f5d380415a65131065d8_tile_0097.jpg,correct,Crop,Crop,0.623043417930603,0.5559008118033186
DJI_20230614085247_0218_V_JPG.rf.7b7e14402f41f5d380415a65131065d8_tile_0098.jpg,missed_crop,Crop,background,0.0,0.0
DJI_20230614085247_0218_V_JPG.rf.7b7e14402f41f5d380415a65131065d8_tile_0099.jpg,missed_crop,Crop,background,0.0,0.0
DJI_20230614085247_0218_V_JPG.rf.7b7e14402f41f5d380415a65131065d8_tile_0099.jpg,false_positive,background,Crop,0.2528829872608185,0.0
DJI_20230614085247_0218_V_JPG.rf.7b7e14402f41f5d380415a65131065d8_tile_0100.jpg,correct,Crop,Crop,0.5648088455200195,0.8448878265286243
DJI_20230614085247_0218_V_JPG.rf.7b7e14402f41f5d380415a65131065d8_tile_0101.jpg,correct,Crop,Crop,0.6060572862625122,0.6649223881364263
DJI_20230614085247_0218_V_JPG.rf.7b7e14402f41f5d380415a65131065d8_tile_0102.jpg,missed_crop,Crop,background,0.0,0.0
DJI_20230614085247_0218_V_JPG.rf.7b7e14402f41f5d380415a65131065d8_tile_0102.jpg,missed_crop,Crop,background,0.0,0.0
DJI_20230614085247_0218_V_JPG.rf.7b7e14402f41f5d380415a65131065d8_tile_0102.jpg,false_positive,background,Crop,0.7331894040107727,0.0
DJI_20230614085247_0218_V_JPG.rf.7b7e14402f41f5d380415a65131065d8_tile_0102.jpg,false_positive,background,Crop,0.6886561512947083,0.0
DJI_20230614085247_0218_V_JPG.rf.7b7e14402f41f5d380415a65131065d8_tile_0103.jpg,missed_crop,Crop,background,0.0,0.0
DJI_20230614085247_0218_V_JPG.rf.7b7e14402f41f5d380415a65131065d8_tile_0103.jpg,false_positive,background,Crop,0.5911256670951843,0.0
DJI_20230614085247_0218_V_JPG.rf.7b7e14402f41f5d380415a65131065d8_tile_0103.jpg,false_positive,background,Crop,0.3906247317790985,0.0
DJI_20230614085247_0218_V_JPG.rf.7b7e14402f41f5d380415a65131065d8_tile_0104.jpg,correct,Crop,Crop,0.5411912202835083,0.6609550485245188
DJI_20230614085247_0218_V_JPG.rf.7b7e14402f41f5d380415a65131065d8_tile_0105.jpg,correct,Crop,Crop,0.5853102207183838,0.7628078880477823
DJI_20230614085247_0218_V_JPG.rf.7b7e14402f41f5d380415a65131065d8_tile_0105.jpg,correct,Crop,Crop,0.5578193068504333,0.5161148724779029
DJI_20230614085247_0218_V_JPG.rf.7b7e14402f41f5d380415a65131065d8_tile_0106.jpg,correct,Crop,Crop,0.61009281873703,0.8458471330636578
DJI_20230614085247_0218_V_JPG.rf.7b7e14402f41f5d380415a65131065d8_tile_0106.jpg,correct,Crop,Crop,0.5928441286087036,0.599653731987045
DJI_20230614085247_0218_V_JPG.rf.7b7e14402f41f5d380415a65131065d8_tile_0107.jpg,correct,Crop,Crop,0.6217944025993347,0.7547953094777898
DJI_20230614085247_0218_V_JPG.rf.7b7e14402f41f5d380415a65131065d8_tile_0108.jpg,correct,Crop,Crop,0.6469495892524719,0.7150777648264487
DJI_20230614085247_0218_V_JPG.rf.7b7e14402f41f5d380415a65131065d8_tile_0109.jpg,false_positive,background,Crop,0.3616946339607239,0.0
DJI_20230614085247_0218_V_JPG.rf.7b7e14402f41f5d380415a65131065d8_tile_0111.jpg,correct,Crop,Crop,0.6251107454299927,0.8534984908452283
DJI_20230614085247_0218_V_JPG.rf.7b7e14402f41f5d380415a65131065d8_tile_0112.jpg,correct,Crop,Crop,0.625846803188324,0.5738076952201699
DJI_20230614085247_0218_V_JPG.rf.7b7e14402f41f5d380415a65131065d8_tile_0113.jpg,correct,Crop,Crop,0.6687771677970886,0.5040567628866338
DJI_20230614085247_0218_V_JPG.rf.7b7e14402f41f5d380415a65131065d8_tile_0113.jpg,missed_crop,Crop,background,0.0,0.0
DJI_20230614085247_0218_V_JPG.rf.7b7e14402f41f5d380415a65131065d8_tile_0113.jpg,false_positive,background,Crop,0.7295708060264587,0.0
DJI_20230614085247_0218_V_JPG.rf.7b7e14402f41f5d380415a65131065d8_tile_0114.jpg,missed_crop,Crop,background,0.0,0.0
DJI_20230614085247_0218_V_JPG.rf.7b7e14402f41f5d380415a65131065d8_tile_0114.jpg,false_positive,background,Crop,0.617722749710083,0.0
DJI_20230614085247_0218_V_JPG.rf.7b7e14402f41f5d380415a65131065d8_tile_0114.jpg,false_positive,background,Crop,0.2955385744571686,0.0
DJI_20230614085247_0218_V_JPG.rf.7b7e14402f41f5d380415a65131065d8_tile_0115.jpg,correct,Crop,Crop,0.3097456693649292,0.6877640261545074
DJI_20230614085247_0218_V_JPG.rf.7b7e14402f41f5d380415a65131065d8_tile_0116.jpg,correct,Crop,Crop,0.6071200966835022,0.7412962735542115
DJI_20230614085247_0218_V_JPG.rf.7b7e14402f41f5d380415a65131065d8_tile_0116.jpg,correct,Crop,Crop,0.5134154558181763,0.5707600863827887
DJI_20230614085247_0218_V_JPG.rf.7b7e14402f41f5d380415a65131065d8_tile_0117.jpg,correct,Crop,Crop,0.5769293308258057,0.8194815801841349
DJI_20230614085247_0218_V_JPG.rf.7b7e14402f41f5d380415a65131065d8_tile_0117.jpg,correct,Crop,Crop,0.5579277276992798,0.5612366638670349
DJI_20230614085247_0218_V_JPG.rf.7b7e14402f41f5d380415a65131065d8_tile_0118.jpg,correct,Crop,Crop,0.6359248161315918,0.7284783642763352
DJI_20230614085247_0218_V_JPG.rf.7b7e14402f41f5d380415a65131065d8_tile_0119.jpg,correct,Crop,Crop,0.6972313523292542,0.7140351992143635
DJI_20230614085251_0220_V_JPG.rf.9924d6c2c4577ad18cfb351531c472fa_tile_0001.jpg,correct,Crop,Crop,0.5915389060974121,0.6729257388652002
DJI_20230614085251_0220_V_JPG.rf.9924d6c2c4577ad18cfb351531c472fa_tile_0002.jpg,correct,Crop,Crop,0.28962022066116333,0.9156614303013276
DJI_20230614085251_0220_V_JPG.rf.9924d6c2c4577ad18cfb351531c472fa_tile_0002.jpg,false_positive,background,Crop,0.33804190158843994,0.0
DJI_20230614085251_0220_V_JPG.rf.9924d6c2c4577ad18cfb351531c472fa_tile_0003.jpg,correct,Crop,Crop,0.7048159241676331,0.751854056823598
DJI_20230614085251_0220_V_JPG.rf.9924d6c2c4577ad18cfb351531c472fa_tile_0003.jpg,correct,Crop,Crop,0.7152724862098694,0.7228694333552702
DJI_20230614085251_0220_V_JPG.rf.9924d6c2c4577ad18cfb351531c472fa_tile_0003.jpg,false_positive,background,Weed,0.43795013427734375,0.0
DJI_20230614085251_0220_V_JPG.rf.9924d6c2c4577ad18cfb351531c472fa_tile_0004.jpg,correct,Crop,Crop,0.6336604952812195,0.9020277754938758
DJI_20230614085251_0220_V_JPG.rf.9924d6c2c4577ad18cfb351531c472fa_tile_0004.jpg,correct,Crop,Crop,0.7098742723464966,0.7584762240420165
DJI_20230614085251_0220_V_JPG.rf.9924d6c2c4577ad18cfb351531c472fa_tile_0004.jpg,correct,Crop,Crop,0.7119672298431396,0.7579500458032532
DJI_20230614085251_0220_V_JPG.rf.9924d6c2c4577ad18cfb351531c472fa_tile_0004.jpg,correct,Crop,Crop,0.6634700894355774,0.7317078279002472
DJI_20230614085251_0220_V_JPG.rf.9924d6c2c4577ad18cfb351531c472fa_tile_0004.jpg,false_positive,background,Weed,0.40389779210090637,0.0
DJI_20230614085251_0220_V_JPG.rf.9924d6c2c4577ad18cfb351531c472fa_tile_0005.jpg,correct,Crop,Crop,0.6392706632614136,0.9010425095555562
DJI_20230614085251_0220_V_JPG.rf.9924d6c2c4577ad18cfb351531c472fa_tile_0005.jpg,correct,Crop,Crop,0.7096023559570312,0.7662554205808377
DJI_20230614085251_0220_V_JPG.rf.9924d6c2c4577ad18cfb351531c472fa_tile_0006.jpg,correct,Crop,Crop,0.5556551218032837,0.7798521351255776
DJI_20230614085251_0220_V_JPG.rf.9924d6c2c4577ad18cfb351531c472fa_tile_0006.jpg,false_positive,background,Crop,0.48496106266975403,0.0
DJI_20230614085251_0220_V_JPG.rf.9924d6c2c4577ad18cfb351531c472fa_tile_0007.jpg,correct,Crop,Crop,0.6973074674606323,0.7441153318024367
DJI_20230614085251_0220_V_JPG.rf.9924d6c2c4577ad18cfb351531c472fa_tile_0008.jpg,correct,Crop,Crop,0.6492722630500793,0.6552880304668294
DJI_20230614085251_0220_V_JPG.rf.9924d6c2c4577ad18cfb351531c472fa_tile_0009.jpg,correct,Crop,Crop,0.5799526572227478,0.5280989956245745
DJI_20230614085251_0220_V_JPG.rf.9924d6c2c4577ad18cfb351531c472fa_tile_0009.jpg,false_positive,background,Crop,0.5433148145675659,0.0
DJI_20230614085251_0220_V_JPG.rf.9924d6c2c4577ad18cfb351531c472fa_tile_0012.jpg,correct,Crop,Crop,0.6852826476097107,0.6073656058700477
DJI_20230614085251_0220_V_JPG.rf.9924d6c2c4577ad18cfb351531c472fa_tile_0013.jpg,missed_crop,Crop,background,0.0,0.0
DJI_20230614085251_0220_V_JPG.rf.9924d6c2c4577ad18cfb351531c472fa_tile_0013.jpg,false_positive,background,Crop,0.6648659110069275,0.0
DJI_20230614085251_0220_V_JPG.rf.9924d6c2c4577ad18cfb351531c472fa_tile_0014.jpg,correct,Crop,Crop,0.7343313097953796,0.7838597562732432
DJI_20230614085251_0220_V_JPG.rf.9924d6c2c4577ad18cfb351531c472fa_tile_0014.jpg,false_positive,background,Crop,0.6544192433357239,0.0
DJI_20230614085251_0220_V_JPG.rf.9924d6c2c4577ad18cfb351531c472fa_tile_0015.jpg,correct,Crop,Crop,0.7541611194610596,0.7291125758585065
DJI_20230614085251_0220_V_JPG.rf.9924d6c2c4577ad18cfb351531c472fa_tile_0015.jpg,false_positive,background,Crop,0.2570447325706482,0.0
DJI_20230614085251_0220_V_JPG.rf.9924d6c2c4577ad18cfb351531c472fa_tile_0016.jpg,correct,Crop,Crop,0.7463491559028625,0.7342349555805633
DJI_20230614085251_0220_V_JPG.rf.9924d6c2c4577ad18cfb351531c472fa_tile_0017.jpg,correct,Crop,Crop,0.31641629338264465,0.901045640959868
DJI_20230614085251_0220_V_JPG.rf.9924d6c2c4577ad18cfb351531c472fa_tile_0017.jpg,correct,Crop,Crop,0.6093298196792603,0.7537685363084979
DJI_20230614085251_0220_V_JPG.rf.9924d6c2c4577ad18cfb351531c472fa_tile_0017.jpg,false_positive,background,Crop,0.4390506148338318,0.0
DJI_20230614085251_0220_V_JPG.rf.9924d6c2c4577ad18cfb351531c472fa_tile_0019.jpg,correct,Crop,Crop,0.7054629325866699,0.7523012403253464
DJI_20230614085251_0220_V_JPG.rf.9924d6c2c4577ad18cfb351531c472fa_tile_0019.jpg,correct,Crop,Crop,0.5773569941520691,0.7424691778501461
DJI_20230614085251_0220_V_JPG.rf.9924d6c2c4577ad18cfb351531c472fa_tile_0020.jpg,correct,Crop,Crop,0.7503625750541687,0.8937879838381327
DJI_20230614085251_0220_V_JPG.rf.9924d6c2c4577ad18cfb351531c472fa_tile_0020.jpg,correct,Crop,Crop,0.7820582389831543,0.8257419523020744
DJI_20230614085251_0220_V_JPG.rf.9924d6c2c4577ad18cfb351531c472fa_tile_0023.jpg,correct,Crop,Crop,0.7068973183631897,0.7961755439812663
DJI_20230614085251_0220_V_JPG.rf.9924d6c2c4577ad18cfb351531c472fa_tile_0023.jpg,correct,Crop,Crop,0.5568369030952454,0.7502235963120103
DJI_20230614085251_0220_V_JPG.rf.9924d6c2c4577ad18cfb351531c472fa_tile_0024.jpg,correct,Crop,Crop,0.5872870087623596,0.6479507445432968
DJI_20230614085251_0220_V_JPG.rf.9924d6c2c4577ad18cfb351531c472fa_tile_0025.jpg,correct,Crop,Crop,0.5353400707244873,0.7709232017717315
DJI_20230614085251_0220_V_JPG.rf.9924d6c2c4577ad18cfb351531c472fa_tile_0025.jpg,correct,Crop,Crop,0.4729541540145874,0.7316427985866729
DJI_20230614085251_0220_V_JPG.rf.9924d6c2c4577ad18cfb351531c472fa_tile_0025.jpg,false_positive,background,Crop,0.4509134888648987,0.0
DJI_20230614085251_0220_V_JPG.rf.9924d6c2c4577ad18cfb351531c472fa_tile_0026.jpg,correct,Crop,Crop,0.5310592651367188,0.7708374887463879
DJI_20230614085251_0220_V_JPG.rf.9924d6c2c4577ad18cfb351531c472fa_tile_0027.jpg,correct,Crop,Crop,0.4673578441143036,0.7536507198008793
DJI_20230614085251_0220_V_JPG.rf.9924d6c2c4577ad18cfb351531c472fa_tile_0028.jpg,correct,Crop,Crop,0.3755966126918793,0.8383143954177611
DJI_20230614085251_0220_V_JPG.rf.9924d6c2c4577ad18cfb351531c472fa_tile_0028.jpg,correct,Crop,Crop,0.4120660424232483,0.5649838670196623
DJI_20230614085251_0220_V_JPG.rf.9924d6c2c4577ad18cfb351531c472fa_tile_0028.jpg,false_positive,background,Crop,0.5304848551750183,0.0
DJI_20230614085251_0220_V_JPG.rf.9924d6c2c4577ad18cfb351531c472fa_tile_0029.jpg,correct,Crop,Crop,0.668205738067627,0.8333185373704967
DJI_20230614085251_0220_V_JPG.rf.9924d6c2c4577ad18cfb351531c472fa_tile_0029.jpg,correct,Crop,Crop,0.3887586295604706,0.7772432399994501
DJI_20230614085251_0220_V_JPG.rf.9924d6c2c4577ad18cfb351531c472fa_tile_0030.jpg,correct,Crop,Crop,0.7380515336990356,0.7543253149207999
DJI_20230614085251_0220_V_JPG.rf.9924d6c2c4577ad18cfb351531c472fa_tile_0030.jpg,correct,Crop,Crop,0.7650241851806641,0.7156787417395158
DJI_20230614085251_0220_V_JPG.rf.9924d6c2c4577ad18cfb351531c472fa_tile_0031.jpg,correct,Crop,Crop,0.6891136169433594,0.7993131167863564
DJI_20230614085251_0220_V_JPG.rf.9924d6c2c4577ad18cfb351531c472fa_tile_0031.jpg,correct,Crop,Crop,0.6839116215705872,0.6522961621080494
DJI_20230614085251_0220_V_JPG.rf.9924d6c2c4577ad18cfb351531c472fa_tile_0034.jpg,correct,Crop,Crop,0.5213367342948914,0.7524467217320581
DJI_20230614085251_0220_V_JPG.rf.9924d6c2c4577ad18cfb351531c472fa_tile_0034.jpg,correct,Crop,Crop,0.5920791625976562,0.5491278472400531
DJI_20230614085251_0220_V_JPG.rf.9924d6c2c4577ad18cfb351531c472fa_tile_0035.jpg,correct,Crop,Crop,0.5133307576179504,0.6269591263456288
DJI_20230614085251_0220_V_JPG.rf.9924d6c2c4577ad18cfb351531c472fa_tile_0035.jpg,missed_crop,Crop,background,0.0,0.0
DJI_20230614085251_0220_V_JPG.rf.9924d6c2c4577ad18cfb351531c472fa_tile_0035.jpg,false_positive,background,Crop,0.6861133575439453,0.0
DJI_20230614085251_0220_V_JPG.rf.9924d6c2c4577ad18cfb351531c472fa_tile_0035.jpg,false_positive,background,Crop,0.6400747299194336,0.0
DJI_20230614085251_0220_V_JPG.rf.9924d6c2c4577ad18cfb351531c472fa_tile_0036.jpg,correct,Crop,Crop,0.4630908966064453,0.8394376164659152
DJI_20230614085251_0220_V_JPG.rf.9924d6c2c4577ad18cfb351531c472fa_tile_0036.jpg,correct,Crop,Crop,0.6669837832450867,0.6232397936700641
DJI_20230614085251_0220_V_JPG.rf.9924d6c2c4577ad18cfb351531c472fa_tile_0037.jpg,correct,Crop,Crop,0.738736629486084,0.7964704220722387
DJI_20230614085251_0220_V_JPG.rf.9924d6c2c4577ad18cfb351531c472fa_tile_0037.jpg,correct,Crop,Crop,0.7271408438682556,0.736680158629076
DJI_20230614085251_0220_V_JPG.rf.9924d6c2c4577ad18cfb351531c472fa_tile_0039.jpg,correct,Crop,Crop,0.6810764670372009,0.7904781533019666
DJI_20230614085251_0220_V_JPG.rf.9924d6c2c4577ad18cfb351531c472fa_tile_0039.jpg,correct,Crop,Crop,0.6680322885513306,0.7899119947730452
DJI_20230614085251_0220_V_JPG.rf.9924d6c2c4577ad18cfb351531c472fa_tile_0040.jpg,correct,Crop,Crop,0.6769697070121765,0.8169199339486638
DJI_20230614085251_0220_V_JPG.rf.9924d6c2c4577ad18cfb351531c472fa_tile_0041.jpg,correct,Crop,Crop,0.5996060371398926,0.7765561396268843
DJI_20230614085251_0220_V_JPG.rf.9924d6c2c4577ad18cfb351531c472fa_tile_0042.jpg,correct,Weed,Weed,0.61504065990448,0.7125819623537772
DJI_20230614085251_0220_V_JPG.rf.9924d6c2c4577ad18cfb351531c472fa_tile_0042.jpg,missed_crop,Crop,background,0.0,0.0
DJI_20230614085251_0220_V_JPG.rf.9924d6c2c4577ad18cfb351531c472fa_tile_0042.jpg,missed_crop,Crop,background,0.0,0.0
DJI_20230614085251_0220_V_JPG.rf.9924d6c2c4577ad18cfb351531c472fa_tile_0042.jpg,false_positive,background,Weed,0.5205413103103638,0.0
DJI_20230614085251_0220_V_JPG.rf.9924d6c2c4577ad18cfb351531c472fa_tile_0042.jpg,false_positive,background,Crop,0.4780022203922272,0.0
DJI_20230614085251_0220_V_JPG.rf.9924d6c2c4577ad18cfb351531c472fa_tile_0043.jpg,correct,Crop,Crop,0.30847132205963135,0.6726964586801844
DJI_20230614085251_0220_V_JPG.rf.9924d6c2c4577ad18cfb351531c472fa_tile_0043.jpg,correct,Crop,Crop,0.579867959022522,0.6280619928933819
DJI_20230614085251_0220_V_JPG.rf.9924d6c2c4577ad18cfb351531c472fa_tile_0044.jpg,correct,Crop,Crop,0.3063294291496277,0.6697893640123193
DJI_20230614085251_0220_V_JPG.rf.9924d6c2c4577ad18cfb351531c472fa_tile_0044.jpg,correct,Crop,Crop,0.5865409970283508,0.6326857085803042
DJI_20230614085251_0220_V_JPG.rf.9924d6c2c4577ad18cfb351531c472fa_tile_0044.jpg,false_positive,background,Crop,0.25101515650749207,0.0
DJI_20230614085251_0220_V_JPG.rf.9924d6c2c4577ad18cfb351531c472fa_tile_0045.jpg,correct,Crop,Crop,0.7706784009933472,0.7825144086380375
DJI_20230614085251_0220_V_JPG.rf.9924d6c2c4577ad18cfb351531c472fa_tile_0045.jpg,correct,Crop,Crop,0.5197057127952576,0.6071891220098002
DJI_20230614085251_0220_V_JPG.rf.9924d6c2c4577ad18cfb351531c472fa_tile_0046.jpg,correct,Crop,Crop,0.5259713530540466,0.7404328273175508
DJI_20230614085251_0220_V_JPG.rf.9924d6c2c4577ad18cfb351531c472fa_tile_0047.jpg,correct,Weed,Weed,0.3727894425392151,0.8869056079581521
DJI_20230614085251_0220_V_JPG.rf.9924d6c2c4577ad18cfb351531c472fa_tile_0047.jpg,correct,Crop,Crop,0.7732603549957275,0.8069001863699972
DJI_20230614085251_0220_V_JPG.rf.9924d6c2c4577ad18cfb351531c472fa_tile_0047.jpg,correct,Crop,Crop,0.6333978772163391,0.7627850977825457
DJI_20230614085251_0220_V_JPG.rf.9924d6c2c4577ad18cfb351531c472fa_tile_0048.jpg,correct,Weed,Weed,0.35809072852134705,0.9151184896288057
DJI_20230614085251_0220_V_JPG.rf.9924d6c2c4577ad18cfb351531c472fa_tile_0048.jpg,correct,Weed,Weed,0.37203922867774963,0.8905251056023105
DJI_20230614085251_0220_V_JPG.rf.9924d6c2c4577ad18cfb351531c472fa_tile_0048.jpg,correct,Crop,Crop,0.7179144620895386,0.7811756531943259
DJI_20230614085251_0220_V_JPG.rf.9924d6c2c4577ad18cfb351531c472fa_tile_0048.jpg,correct,Crop,Crop,0.7278436422348022,0.7560655112201337
DJI_20230614085251_0220_V_JPG.rf.9924d6c2c4577ad18cfb351531c472fa_tile_0050.jpg,correct,Crop,Crop,0.5866498351097107,0.8202024852275539
DJI_20230614085251_0220_V_JPG.rf.9924d6c2c4577ad18cfb351531c472fa_tile_0051.jpg,correct,Crop,Crop,0.6866947412490845,0.7088852236684426
DJI_20230614085251_0220_V_JPG.rf.9924d6c2c4577ad18cfb351531c472fa_tile_0052.jpg,correct,Crop,Crop,0.7368091344833374,0.6756782308639516
DJI_20230614085251_0220_V_JPG.rf.9924d6c2c4577ad18cfb351531c472fa_tile_0053.jpg,correct,Crop,Crop,0.5760032534599304,0.6877558439783944
DJI_20230614085251_0220_V_JPG.rf.9924d6c2c4577ad18cfb351531c472fa_tile_0053.jpg,correct,Crop,Crop,0.7455219626426697,0.6441101207761417
DJI_20230614085251_0220_V_JPG.rf.9924d6c2c4577ad18cfb351531c472fa_tile_0054.jpg,correct,Crop,Crop,0.6379972100257874,0.8144925074337838
DJI_20230614085251_0220_V_JPG.rf.9924d6c2c4577ad18cfb351531c472fa_tile_0054.jpg,false_positive,background,Crop,0.3219994008541107,0.0
DJI_20230614085251_0220_V_JPG.rf.9924d6c2c4577ad18cfb351531c472fa_tile_0055.jpg,correct,Crop,Crop,0.6375951170921326,0.8157946987021376
DJI_20230614085251_0220_V_JPG.rf.9924d6c2c4577ad18cfb351531c472fa_tile_0055.jpg,false_positive,background,Crop,0.3255539536476135,0.0
DJI_20230614085251_0220_V_JPG.rf.9924d6c2c4577ad18cfb351531c472fa_tile_0056.jpg,correct,Crop,Crop,0.6669129729270935,0.7830373338988437
DJI_20230614085251_0220_V_JPG.rf.9924d6c2c4577ad18cfb351531c472fa_tile_0056.jpg,correct,Crop,Crop,0.6283801794052124,0.6381109994381161
DJI_20230614085251_0220_V_JPG.rf.9924d6c2c4577ad18cfb351531c472fa_tile_0057.jpg,correct,Crop,Crop,0.40716350078582764,0.7669427955349183
DJI_20230614085251_0220_V_JPG.rf.9924d6c2c4577ad18cfb351531c472fa_tile_0057.jpg,correct,Crop,Crop,0.33688944578170776,0.7245082988009687
DJI_20230614085251_0220_V_JPG.rf.9924d6c2c4577ad18cfb351531c472fa_tile_0057.jpg,missed_weed,Weed,background,0.0,0.0
DJI_20230614085251_0220_V_JPG.rf.9924d6c2c4577ad18cfb351531c472fa_tile_0057.jpg,false_positive,background,Crop,0.5716865062713623,0.0
DJI_20230614085251_0220_V_JPG.rf.9924d6c2c4577ad18cfb351531c472fa_tile_0057.jpg,false_positive,background,Crop,0.2768506109714508,0.0
DJI_20230614085251_0220_V_JPG.rf.9924d6c2c4577ad18cfb351531c472fa_tile_0058.jpg,correct,Crop,Crop,0.6739645600318909,0.7633072004657933
DJI_20230614085251_0220_V_JPG.rf.9924d6c2c4577ad18cfb351531c472fa_tile_0058.jpg,correct,Crop,Crop,0.6425761580467224,0.7623623059147181
DJI_20230614085251_0220_V_JPG.rf.9924d6c2c4577ad18cfb351531c472fa_tile_0059.jpg,correct,Crop,Crop,0.4491041600704193,0.8576793556205183
DJI_20230614085251_0220_V_JPG.rf.9924d6c2c4577ad18cfb351531c472fa_tile_0059.jpg,correct,Crop,Crop,0.7348924279212952,0.8432976036393882
DJI_20230614085251_0220_V_JPG.rf.9924d6c2c4577ad18cfb351531c472fa_tile_0059.jpg,false_positive,background,Crop,0.3995523750782013,0.0
DJI_20230614085251_0220_V_JPG.rf.9924d6c2c4577ad18cfb351531c472fa_tile_0060.jpg,correct,Crop,Crop,0.5179453492164612,0.8591835564986857
DJI_20230614085251_0220_V_JPG.rf.9924d6c2c4577ad18cfb351531c472fa_tile_0060.jpg,false_positive,background,Crop,0.33505862951278687,0.0
DJI_20230614085251_0220_V_JPG.rf.9924d6c2c4577ad18cfb351531c472fa_tile_0061.jpg,correct,Crop,Crop,0.7202195525169373,0.7692483284691123
DJI_20230614085251_0220_V_JPG.rf.9924d6c2c4577ad18cfb351531c472fa_tile_0062.jpg,correct,Crop,Crop,0.5979561805725098,0.9071340918468749
DJI_20230614085251_0220_V_JPG.rf.9924d6c2c4577ad18cfb351531c472fa_tile_0062.jpg,correct,Crop,Crop,0.44335314631462097,0.6787195768809325
DJI_20230614085251_0220_V_JPG.rf.9924d6c2c4577ad18cfb351531c472fa_tile_0062.jpg,false_positive,background,Crop,0.4622914791107178,0.0
DJI_20230614085251_0220_V_JPG.rf.9924d6c2c4577ad18cfb351531c472fa_tile_0063.jpg,missed_crop,Crop,background,0.0,0.0
DJI_20230614085251_0220_V_JPG.rf.9924d6c2c4577ad18cfb351531c472fa_tile_0063.jpg,false_positive,background,Crop,0.4125301241874695,0.0
DJI_20230614085251_0220_V_JPG.rf.9924d6c2c4577ad18cfb351531c472fa_tile_0064.jpg,correct,Crop,Crop,0.738338828086853,0.8270108708732831
DJI_20230614085251_0220_V_JPG.rf.9924d6c2c4577ad18cfb351531c472fa_tile_0064.jpg,correct,Crop,Crop,0.7519083023071289,0.6767129518826638
DJI_20230614085251_0220_V_JPG.rf.9924d6c2c4577ad18cfb351531c472fa_tile_0065.jpg,correct,Crop,Crop,0.6244281530380249,0.8093599324426288
DJI_20230614085251_0220_V_JPG.rf.9924d6c2c4577ad18cfb351531c472fa_tile_0065.jpg,correct,Crop,Crop,0.6590526700019836,0.6925232939967727
DJI_20230614085251_0220_V_JPG.rf.9924d6c2c4577ad18cfb351531c472fa_tile_0066.jpg,correct,Crop,Crop,0.6199091672897339,0.8121388876788366
DJI_20230614085251_0220_V_JPG.rf.9924d6c2c4577ad18cfb351531c472fa_tile_0066.jpg,correct,Crop,Crop,0.6576181054115295,0.6940074920616356
DJI_20230614085251_0220_V_JPG.rf.9924d6c2c4577ad18cfb351531c472fa_tile_0067.jpg,correct,Crop,Crop,0.7289053201675415,0.820840589546909
DJI_20230614085251_0220_V_JPG.rf.9924d6c2c4577ad18cfb351531c472fa_tile_0067.jpg,correct,Crop,Crop,0.7146801948547363,0.8010120473662864
DJI_20230614085251_0220_V_JPG.rf.9924d6c2c4577ad18cfb351531c472fa_tile_0068.jpg,correct,Crop,Crop,0.4223155677318573,0.5835442852125664
DJI_20230614085251_0220_V_JPG.rf.9924d6c2c4577ad18cfb351531c472fa_tile_0068.jpg,false_positive,background,Crop,0.48059114813804626,0.0
DJI_20230614085251_0220_V_JPG.rf.9924d6c2c4577ad18cfb351531c472fa_tile_0069.jpg,correct,Crop,Crop,0.71441251039505,0.820394444634048
DJI_20230614085251_0220_V_JPG.rf.9924d6c2c4577ad18cfb351531c472fa_tile_0069.jpg,correct,Crop,Crop,0.673842191696167,0.8159730297885561
DJI_20230614085251_0220_V_JPG.rf.9924d6c2c4577ad18cfb351531c472fa_tile_0070.jpg,correct,Crop,Crop,0.3458304703235626,0.8870663934593719
DJI_20230614085251_0220_V_JPG.rf.9924d6c2c4577ad18cfb351531c472fa_tile_0070.jpg,correct,Crop,Crop,0.6752585172653198,0.6616489831877967
DJI_20230614085251_0220_V_JPG.rf.9924d6c2c4577ad18cfb351531c472fa_tile_0070.jpg,false_positive,background,Crop,0.4905316233634949,0.0
DJI_20230614085251_0220_V_JPG.rf.9924d6c2c4577ad18cfb351531c472fa_tile_0073.jpg,correct,Crop,Crop,0.5685023665428162,0.9575827660829754
DJI_20230614085251_0220_V_JPG.rf.9924d6c2c4577ad18cfb351531c472fa_tile_0073.jpg,correct,Weed,Weed,0.3797103464603424,0.778876183505266
DJI_20230614085251_0220_V_JPG.rf.9924d6c2c4577ad18cfb351531c472fa_tile_0073.jpg,correct,Crop,Crop,0.7479285597801208,0.5682451772755952
DJI_20230614085251_0220_V_JPG.rf.9924d6c2c4577ad18cfb351531c472fa_tile_0073.jpg,false_positive,background,Weed,0.6011475324630737,0.0
DJI_20230614085251_0220_V_JPG.rf.9924d6c2c4577ad18cfb351531c472fa_tile_0074.jpg,missed_crop,Crop,background,0.0,0.0
DJI_20230614085251_0220_V_JPG.rf.9924d6c2c4577ad18cfb351531c472fa_tile_0074.jpg,false_positive,background,Crop,0.6610642075538635,0.0
DJI_20230614085251_0220_V_JPG.rf.9924d6c2c4577ad18cfb351531c472fa_tile_0075.jpg,correct,Crop,Crop,0.7435933351516724,0.8204406182501648
DJI_20230614085251_0220_V_JPG.rf.9924d6c2c4577ad18cfb351531c472fa_tile_0075.jpg,correct,Crop,Crop,0.7271773815155029,0.6631771659707242
DJI_20230614085251_0220_V_JPG.rf.9924d6c2c4577ad18cfb351531c472fa_tile_0076.jpg,correct,Crop,Crop,0.6108022332191467,0.8144811962115762
DJI_20230614085251_0220_V_JPG.rf.9924d6c2c4577ad18cfb351531c472fa_tile_0076.jpg,correct,Crop,Crop,0.5957986116409302,0.5276731914582841
DJI_20230614085251_0220_V_JPG.rf.9924d6c2c4577ad18cfb351531c472fa_tile_0077.jpg,correct,Crop,Crop,0.6117091178894043,0.8166582005548646
DJI_20230614085251_0220_V_JPG.rf.9924d6c2c4577ad18cfb351531c472fa_tile_0077.jpg,correct,Crop,Crop,0.5933150053024292,0.5288051502321476
DJI_20230614085251_0220_V_JPG.rf.9924d6c2c4577ad18cfb351531c472fa_tile_0078.jpg,correct,Crop,Crop,0.7268705368041992,0.7799030314712941
DJI_20230614085251_0220_V_JPG.rf.9924d6c2c4577ad18cfb351531c472fa_tile_0078.jpg,correct,Crop,Crop,0.6892220973968506,0.7483158687101684
DJI_20230614085251_0220_V_JPG.rf.9924d6c2c4577ad18cfb351531c472fa_tile_0078.jpg,false_positive,background,Crop,0.46689534187316895,0.0
DJI_20230614085251_0220_V_JPG.rf.9924d6c2c4577ad18cfb351531c472fa_tile_0079.jpg,correct,Crop,Crop,0.7134292125701904,0.775435624223244
DJI_20230614085251_0220_V_JPG.rf.9924d6c2c4577ad18cfb351531c472fa_tile_0079.jpg,correct,Crop,Crop,0.6263808608055115,0.6064538366119406
DJI_20230614085251_0220_V_JPG.rf.9924d6c2c4577ad18cfb351531c472fa_tile_0079.jpg,missed_crop,Crop,background,0.0,0.0
DJI_20230614085251_0220_V_JPG.rf.9924d6c2c4577ad18cfb351531c472fa_tile_0080.jpg,correct,Crop,Crop,0.7096371650695801,0.9216955471254985
DJI_20230614085251_0220_V_JPG.rf.9924d6c2c4577ad18cfb351531c472fa_tile_0080.jpg,correct,Crop,Crop,0.7255210876464844,0.8754500841391643
DJI_20230614085251_0220_V_JPG.rf.9924d6c2c4577ad18cfb351531c472fa_tile_0081.jpg,correct,Crop,Crop,0.484352707862854,0.8430709231493103
DJI_20230614085251_0220_V_JPG.rf.9924d6c2c4577ad18cfb351531c472fa_tile_0081.jpg,correct,Crop,Crop,0.5133280158042908,0.7535856667719572
DJI_20230614085251_0220_V_JPG.rf.9924d6c2c4577ad18cfb351531c472fa_tile_0082.jpg,missed_crop,Crop,background,0.0,0.0
DJI_20230614085251_0220_V_JPG.rf.9924d6c2c4577ad18cfb351531c472fa_tile_0082.jpg,false_positive,background,Crop,0.7148677706718445,0.0
DJI_20230614085251_0220_V_JPG.rf.9924d6c2c4577ad18cfb351531c472fa_tile_0083.jpg,correct,Crop,Crop,0.7647100687026978,0.8726011069012456
DJI_20230614085251_0220_V_JPG.rf.9924d6c2c4577ad18cfb351531c472fa_tile_0083.jpg,correct,Crop,Crop,0.49714842438697815,0.8100962219688652
DJI_20230614085251_0220_V_JPG.rf.9924d6c2c4577ad18cfb351531c472fa_tile_0083.jpg,missed_crop,Crop,background,0.0,0.0
DJI_20230614085251_0220_V_JPG.rf.9924d6c2c4577ad18cfb351531c472fa_tile_0083.jpg,false_positive,background,Crop,0.7117967009544373,0.0
DJI_20230614085251_0220_V_JPG.rf.9924d6c2c4577ad18cfb351531c472fa_tile_0083.jpg,false_positive,background,Crop,0.2617073953151703,0.0
DJI_20230614085251_0220_V_JPG.rf.9924d6c2c4577ad18cfb351531c472fa_tile_0084.jpg,correct,Crop,Crop,0.7450731992721558,0.8143767823113702
DJI_20230614085251_0220_V_JPG.rf.9924d6c2c4577ad18cfb351531c472fa_tile_0084.jpg,correct,Crop,Crop,0.76750648021698,0.7803252131402544
DJI_20230614085251_0220_V_JPG.rf.9924d6c2c4577ad18cfb351531c472fa_tile_0085.jpg,correct,Crop,Crop,0.7595791220664978,0.7623998740905222
DJI_20230614085251_0220_V_JPG.rf.9924d6c2c4577ad18cfb351531c472fa_tile_0085.jpg,correct,Crop,Crop,0.681951642036438,0.734152475878406
DJI_20230614085251_0220_V_JPG.rf.9924d6c2c4577ad18cfb351531c472fa_tile_0086.jpg,correct,Crop,Crop,0.4164734482765198,0.740443165054403
DJI_20230614085251_0220_V_JPG.rf.9924d6c2c4577ad18cfb351531c472fa_tile_0086.jpg,correct,Crop,Crop,0.6774225234985352,0.7200883531959211
DJI_20230614085251_0220_V_JPG.rf.9924d6c2c4577ad18cfb351531c472fa_tile_0087.jpg,correct,Crop,Crop,0.712938666343689,0.7235609682719439
DJI_20230614085251_0220_V_JPG.rf.9924d6c2c4577ad18cfb351531c472fa_tile_0087.jpg,correct,Crop,Crop,0.5516843199729919,0.680705896318274
DJI_20230614085251_0220_V_JPG.rf.9924d6c2c4577ad18cfb351531c472fa_tile_0088.jpg,correct,Crop,Crop,0.7126383781433105,0.7235896488562652
DJI_20230614085251_0220_V_JPG.rf.9924d6c2c4577ad18cfb351531c472fa_tile_0088.jpg,correct,Crop,Crop,0.5511826276779175,0.680817350617051
DJI_20230614085251_0220_V_JPG.rf.9924d6c2c4577ad18cfb351531c472fa_tile_0089.jpg,correct,Crop,Crop,0.6880822777748108,0.8713312178702324
DJI_20230614085251_0220_V_JPG.rf.9924d6c2c4577ad18cfb351531c472fa_tile_0089.jpg,missed_crop,Crop,background,0.0,0.0
DJI_20230614085251_0220_V_JPG.rf.9924d6c2c4577ad18cfb351531c472fa_tile_0089.jpg,missed_crop,Crop,background,0.0,0.0
DJI_20230614085251_0220_V_JPG.rf.9924d6c2c4577ad18cfb351531c472fa_tile_0089.jpg,false_positive,background,Crop,0.3863461911678314,0.0
DJI_20230614085251_0220_V_JPG.rf.9924d6c2c4577ad18cfb351531c472fa_tile_0090.jpg,correct,Crop,Crop,0.7544974088668823,0.7503818300293993
DJI_20230614085251_0220_V_JPG.rf.9924d6c2c4577ad18cfb351531c472fa_tile_0090.jpg,correct,Crop,Crop,0.770312488079071,0.7163205851064985
DJI_20230614085251_0220_V_JPG.rf.9924d6c2c4577ad18cfb351531c472fa_tile_0091.jpg,correct,Crop,Crop,0.659921407699585,0.7664989602330242
DJI_20230614085251_0220_V_JPG.rf.9924d6c2c4577ad18cfb351531c472fa_tile_0091.jpg,correct,Crop,Crop,0.6787742376327515,0.7272780738141369
DJI_20230614085251_0220_V_JPG.rf.9924d6c2c4577ad18cfb351531c472fa_tile_0092.jpg,correct,Crop,Crop,0.639938473701477,0.8379641479347751
DJI_20230614085251_0220_V_JPG.rf.9924d6c2c4577ad18cfb351531c472fa_tile_0092.jpg,correct,Crop,Crop,0.6485598683357239,0.7245827758676117
DJI_20230614085251_0220_V_JPG.rf.9924d6c2c4577ad18cfb351531c472fa_tile_0093.jpg,correct,Crop,Crop,0.39787980914115906,0.9442127722178759
DJI_20230614085251_0220_V_JPG.rf.9924d6c2c4577ad18cfb351531c472fa_tile_0093.jpg,correct,Crop,Crop,0.602440595626831,0.7002834307994829
DJI_20230614085251_0220_V_JPG.rf.9924d6c2c4577ad18cfb351531c472fa_tile_0093.jpg,false_positive,background,Crop,0.6415342092514038,0.0
DJI_20230614085251_0220_V_JPG.rf.9924d6c2c4577ad18cfb351531c472fa_tile_0094.jpg,correct,Crop,Crop,0.542424201965332,0.9573643363942157
DJI_20230614085251_0220_V_JPG.rf.9924d6c2c4577ad18cfb351531c472fa_tile_0094.jpg,correct,Crop,Crop,0.7226217985153198,0.8843883207713173
DJI_20230614085251_0220_V_JPG.rf.9924d6c2c4577ad18cfb351531c472fa_tile_0094.jpg,correct,Crop,Crop,0.4603036046028137,0.7874043964082
DJI_20230614085251_0220_V_JPG.rf.9924d6c2c4577ad18cfb351531c472fa_tile_0094.jpg,correct,Crop,Crop,0.5840533971786499,0.710423543508746
DJI_20230614085251_0220_V_JPG.rf.9924d6c2c4577ad18cfb351531c472fa_tile_0094.jpg,false_positive,background,Crop,0.6176421642303467,0.0
DJI_20230614085251_0220_V_JPG.rf.9924d6c2c4577ad18cfb351531c472fa_tile_0095.jpg,correct,Crop,Crop,0.4514601528644562,0.8000131621536946
DJI_20230614085251_0220_V_JPG.rf.9924d6c2c4577ad18cfb351531c472fa_tile_0095.jpg,correct,Crop,Crop,0.7411970496177673,0.7834973916089332
DJI_20230614085251_0220_V_JPG.rf.9924d6c2c4577ad18cfb351531c472fa_tile_0095.jpg,correct,Crop,Crop,0.6743890047073364,0.504410864437136
DJI_20230614085251_0220_V_JPG.rf.9924d6c2c4577ad18cfb351531c472fa_tile_0096.jpg,correct,Crop,Crop,0.6242729425430298,0.8599821960538999
DJI_20230614085251_0220_V_JPG.rf.9924d6c2c4577ad18cfb351531c472fa_tile_0096.jpg,missed_crop,Crop,background,0.0,0.0
DJI_20230614085251_0220_V_JPG.rf.9924d6c2c4577ad18cfb351531c472fa_tile_0096.jpg,false_positive,background,Crop,0.7040154933929443,0.0
DJI_20230614085251_0220_V_JPG.rf.9924d6c2c4577ad18cfb351531c472fa_tile_0096.jpg,false_positive,background,Crop,0.33561521768569946,0.0
DJI_20230614085251_0220_V_JPG.rf.9924d6c2c4577ad18cfb351531c472fa_tile_0097.jpg,correct,Crop,Crop,0.49285581707954407,0.7023095163564909
DJI_20230614085251_0220_V_JPG.rf.9924d6c2c4577ad18cfb351531c472fa_tile_0097.jpg,correct,Crop,Crop,0.6555871367454529,0.5888772075121497
DJI_20230614085251_0220_V_JPG.rf.9924d6c2c4577ad18cfb351531c472fa_tile_0098.jpg,correct,Crop,Crop,0.579281747341156,0.6552786611732806
DJI_20230614085251_0220_V_JPG.rf.9924d6c2c4577ad18cfb351531c472fa_tile_0098.jpg,correct,Crop,Crop,0.679297149181366,0.5525780625383211
DJI_20230614085251_0220_V_JPG.rf.9924d6c2c4577ad18cfb351531c472fa_tile_0099.jpg,correct,Crop,Crop,0.5864444375038147,0.6544332681998436
DJI_20230614085251_0220_V_JPG.rf.9924d6c2c4577ad18cfb351531c472fa_tile_0099.jpg,correct,Crop,Crop,0.6827805638313293,0.55400336034246
DJI_20230614085251_0220_V_JPG.rf.9924d6c2c4577ad18cfb351531c472fa_tile_0100.jpg,correct,Crop,Crop,0.5250473022460938,0.8603812022939624
DJI_20230614085251_0220_V_JPG.rf.9924d6c2c4577ad18cfb351531c472fa_tile_0100.jpg,correct,Crop,Crop,0.611533522605896,0.8315259931538255
DJI_20230614085251_0220_V_JPG.rf.9924d6c2c4577ad18cfb351531c472fa_tile_0101.jpg,correct,Crop,Crop,0.5857925415039062,0.7487315438648218
DJI_20230614085251_0220_V_JPG.rf.9924d6c2c4577ad18cfb351531c472fa_tile_0102.jpg,correct,Crop,Crop,0.6879404187202454,0.7549713393793833
DJI_20230614085251_0220_V_JPG.rf.9924d6c2c4577ad18cfb351531c472fa_tile_0102.jpg,correct,Crop,Crop,0.6289323568344116,0.694823639093675
DJI_20230614085251_0220_V_JPG.rf.9924d6c2c4577ad18cfb351531c472fa_tile_0103.jpg,correct,Crop,Crop,0.6476787328720093,0.8199921278646648
DJI_20230614085251_0220_V_JPG.rf.9924d6c2c4577ad18cfb351531c472fa_tile_0103.jpg,correct,Crop,Crop,0.4449607729911804,0.5866322965736882
DJI_20230614085251_0220_V_JPG.rf.9924d6c2c4577ad18cfb351531c472fa_tile_0104.jpg,correct,Crop,Crop,0.251791775226593,0.6976629486304685
DJI_20230614085251_0220_V_JPG.rf.9924d6c2c4577ad18cfb351531c472fa_tile_0105.jpg,correct,Crop,Crop,0.3228573799133301,0.8455989239329378
DJI_20230614085251_0220_V_JPG.rf.9924d6c2c4577ad18cfb351531c472fa_tile_0105.jpg,correct,Crop,Crop,0.5688124299049377,0.5778229806022269
DJI_20230614085251_0220_V_JPG.rf.9924d6c2c4577ad18cfb351531c472fa_tile_0105.jpg,missed_crop,Crop,background,0.0,0.0
DJI_20230614085251_0220_V_JPG.rf.9924d6c2c4577ad18cfb351531c472fa_tile_0105.jpg,false_positive,background,Crop,0.2592558264732361,0.0
DJI_20230614085251_0220_V_JPG.rf.9924d6c2c4577ad18cfb351531c472fa_tile_0106.jpg,correct,Crop,Crop,0.2809748947620392,0.8438874459247178
DJI_20230614085251_0220_V_JPG.rf.9924d6c2c4577ad18cfb351531c472fa_tile_0106.jpg,correct,Crop,Crop,0.718054473400116,0.7750952407052302
DJI_20230614085251_0220_V_JPG.rf.9924d6c2c4577ad18cfb351531c472fa_tile_0106.jpg,correct,Crop,Crop,0.5729522109031677,0.5838269611783365
DJI_20230614085251_0220_V_JPG.rf.9924d6c2c4577ad18cfb351531c472fa_tile_0106.jpg,false_positive,background,Crop,0.41155678033828735,0.0
DJI_20230614085251_0220_V_JPG.rf.9924d6c2c4577ad18cfb351531c472fa_tile_0107.jpg,correct,Crop,Crop,0.6658715605735779,0.7092117509440333
DJI_20230614085251_0220_V_JPG.rf.9924d6c2c4577ad18cfb351531c472fa_tile_0107.jpg,missed_crop,Crop,background,0.0,0.0
DJI_20230614085251_0220_V_JPG.rf.9924d6c2c4577ad18cfb351531c472fa_tile_0107.jpg,false_positive,background,Crop,0.6333181262016296,0.0
DJI_20230614085251_0220_V_JPG.rf.9924d6c2c4577ad18cfb351531c472fa_tile_0108.jpg,correct,Crop,Crop,0.6411609053611755,0.6102433639015209
DJI_20230614085251_0220_V_JPG.rf.9924d6c2c4577ad18cfb351531c472fa_tile_0108.jpg,false_positive,background,Crop,0.6870200037956238,0.0
DJI_20230614085251_0220_V_JPG.rf.9924d6c2c4577ad18cfb351531c472fa_tile_0111.jpg,correct,Crop,Crop,0.4802129864692688,0.855834605354128
DJI_20230614085251_0220_V_JPG.rf.9924d6c2c4577ad18cfb351531c472fa_tile_0112.jpg,correct,Crop,Crop,0.5411322712898254,0.7632040716239562
DJI_20230614085251_0220_V_JPG.rf.9924d6c2c4577ad18cfb351531c472fa_tile_0113.jpg,correct,Crop,Crop,0.4285236597061157,0.8096289741209837
DJI_20230614085251_0220_V_JPG.rf.9924d6c2c4577ad18cfb351531c472fa_tile_0113.jpg,correct,Crop,Crop,0.6385192275047302,0.6905707861179179
DJI_20230614085251_0220_V_JPG.rf.9924d6c2c4577ad18cfb351531c472fa_tile_0113.jpg,false_positive,background,Crop,0.46534237265586853,0.0
DJI_20230614085251_0220_V_JPG.rf.9924d6c2c4577ad18cfb351531c472fa_tile_0114.jpg,correct,Crop,Crop,0.5700536966323853,0.7347587060031449
DJI_20230614085251_0220_V_JPG.rf.9924d6c2c4577ad18cfb351531c472fa_tile_0114.jpg,correct,Crop,Crop,0.42199045419692993,0.5899408547775301
DJI_20230614085251_0220_V_JPG.rf.9924d6c2c4577ad18cfb351531c472fa_tile_0115.jpg,correct,Crop,Crop,0.30198124051094055,0.7971509339221889
DJI_20230614085251_0220_V_JPG.rf.9924d6c2c4577ad18cfb351531c472fa_tile_0116.jpg,correct,Crop,Crop,0.2637314200401306,0.8087231843886651
DJI_20230614085251_0220_V_JPG.rf.9924d6c2c4577ad18cfb351531c472fa_tile_0116.jpg,correct,Crop,Crop,0.6307582855224609,0.5747939189103537
DJI_20230614085251_0220_V_JPG.rf.9924d6c2c4577ad18cfb351531c472fa_tile_0116.jpg,missed_crop,Crop,background,0.0,0.0
DJI_20230614085251_0220_V_JPG.rf.9924d6c2c4577ad18cfb351531c472fa_tile_0116.jpg,false_positive,background,Crop,0.4390084147453308,0.0
DJI_20230614085251_0220_V_JPG.rf.9924d6c2c4577ad18cfb351531c472fa_tile_0117.jpg,correct,Crop,Crop,0.34818193316459656,0.8264082604988429
DJI_20230614085251_0220_V_JPG.rf.9924d6c2c4577ad18cfb351531c472fa_tile_0117.jpg,correct,Crop,Crop,0.7199819684028625,0.7773860596545032
DJI_20230614085251_0220_V_JPG.rf.9924d6c2c4577ad18cfb351531c472fa_tile_0117.jpg,correct,Crop,Crop,0.624944269657135,0.5786555012293262
DJI_20230614085251_0220_V_JPG.rf.9924d6c2c4577ad18cfb351531c472fa_tile_0117.jpg,false_positive,background,Crop,0.3852720856666565,0.0
DJI_20230614085251_0220_V_JPG.rf.9924d6c2c4577ad18cfb351531c472fa_tile_0118.jpg,correct,Crop,Crop,0.7059810757637024,0.6909346931643815
DJI_20230614085251_0220_V_JPG.rf.9924d6c2c4577ad18cfb351531c472fa_tile_0118.jpg,false_positive,background,Crop,0.6031240224838257,0.0
DJI_20230614085251_0220_V_JPG.rf.9924d6c2c4577ad18cfb351531c472fa_tile_0119.jpg,correct,Crop,Crop,0.6747097373008728,0.6125751517585031
DJI_20230614085251_0220_V_JPG.rf.9924d6c2c4577ad18cfb351531c472fa_tile_0119.jpg,false_positive,background,Crop,0.6836723685264587,0.0
DJI_20230614085343_0246_V_JPG.rf.e0614ca441a7ff9cab48941c015f1819_tile_0002.jpg,correct,Crop,Crop,0.36293140053749084,0.825372306465654
DJI_20230614085343_0246_V_JPG.rf.e0614ca441a7ff9cab48941c015f1819_tile_0003.jpg,correct,Crop,Crop,0.5374133586883545,0.7697616317563964
DJI_20230614085343_0246_V_JPG.rf.e0614ca441a7ff9cab48941c015f1819_tile_0003.jpg,missed_crop,Crop,background,0.0,0.0
DJI_20230614085343_0246_V_JPG.rf.e0614ca441a7ff9cab48941c015f1819_tile_0003.jpg,false_positive,background,Crop,0.3594609498977661,0.0
DJI_20230614085343_0246_V_JPG.rf.e0614ca441a7ff9cab48941c015f1819_tile_0004.jpg,correct,Crop,Crop,0.47308549284935,0.7509942025068028
DJI_20230614085343_0246_V_JPG.rf.e0614ca441a7ff9cab48941c015f1819_tile_0004.jpg,false_positive,background,Crop,0.33330482244491577,0.0
DJI_20230614085343_0246_V_JPG.rf.e0614ca441a7ff9cab48941c015f1819_tile_0007.jpg,correct,Crop,Crop,0.6453849077224731,0.9368873772505812
DJI_20230614085343_0246_V_JPG.rf.e0614ca441a7ff9cab48941c015f1819_tile_0007.jpg,missed_crop,Crop,background,0.0,0.0
DJI_20230614085343_0246_V_JPG.rf.e0614ca441a7ff9cab48941c015f1819_tile_0007.jpg,false_positive,background,Crop,0.6194523572921753,0.0
DJI_20230614085343_0246_V_JPG.rf.e0614ca441a7ff9cab48941c015f1819_tile_0007.jpg,false_positive,background,Crop,0.3201434016227722,0.0
DJI_20230614085343_0246_V_JPG.rf.e0614ca441a7ff9cab48941c015f1819_tile_0008.jpg,correct,Crop,Crop,0.6213188171386719,0.9228565580480154
DJI_20230614085343_0246_V_JPG.rf.e0614ca441a7ff9cab48941c015f1819_tile_0008.jpg,missed_crop,Crop,background,0.0,0.0
DJI_20230614085343_0246_V_JPG.rf.e0614ca441a7ff9cab48941c015f1819_tile_0008.jpg,false_positive,background,Crop,0.2715969979763031,0.0
DJI_20230614085343_0246_V_JPG.rf.e0614ca441a7ff9cab48941c015f1819_tile_0008.jpg,false_positive,background,Crop,0.26311659812927246,0.0
DJI_20230614085343_0246_V_JPG.rf.e0614ca441a7ff9cab48941c015f1819_tile_0012.jpg,correct,Crop,Crop,0.6882380247116089,0.6093419581680429
DJI_20230614085343_0246_V_JPG.rf.e0614ca441a7ff9cab48941c015f1819_tile_0012.jpg,false_positive,background,Crop,0.5581674575805664,0.0
DJI_20230614085343_0246_V_JPG.rf.e0614ca441a7ff9cab48941c015f1819_tile_0013.jpg,correct,Crop,Crop,0.6008028984069824,0.5974413226274913
DJI_20230614085343_0246_V_JPG.rf.e0614ca441a7ff9cab48941c015f1819_tile_0013.jpg,correct,Crop,Crop,0.34574493765830994,0.5746496938821823
DJI_20230614085343_0246_V_JPG.rf.e0614ca441a7ff9cab48941c015f1819_tile_0013.jpg,false_positive,background,Crop,0.4987778663635254,0.0
DJI_20230614085343_0246_V_JPG.rf.e0614ca441a7ff9cab48941c015f1819_tile_0014.jpg,missed_crop,Crop,background,0.0,0.0
DJI_20230614085343_0246_V_JPG.rf.e0614ca441a7ff9cab48941c015f1819_tile_0014.jpg,false_positive,background,Crop,0.5641549825668335,0.0
DJI_20230614085343_0246_V_JPG.rf.e0614ca441a7ff9cab48941c015f1819_tile_0014.jpg,false_positive,background,Crop,0.32906970381736755,0.0
DJI_20230614085343_0246_V_JPG.rf.e0614ca441a7ff9cab48941c015f1819_tile_0015.jpg,correct,Crop,Crop,0.6917293071746826,0.506293027234138
DJI_20230614085343_0246_V_JPG.rf.e0614ca441a7ff9cab48941c015f1819_tile_0015.jpg,false_positive,background,Crop,0.3546000123023987,0.0
DJI_20230614085343_0246_V_JPG.rf.e0614ca441a7ff9cab48941c015f1819_tile_0016.jpg,correct,Crop,Crop,0.5000760555267334,0.6079376329468853
DJI_20230614085343_0246_V_JPG.rf.e0614ca441a7ff9cab48941c015f1819_tile_0016.jpg,false_positive,background,Crop,0.38088899850845337,0.0
DJI_20230614085343_0246_V_JPG.rf.e0614ca441a7ff9cab48941c015f1819_tile_0017.jpg,missed_crop,Crop,background,0.0,0.0
DJI_20230614085343_0246_V_JPG.rf.e0614ca441a7ff9cab48941c015f1819_tile_0017.jpg,false_positive,background,Crop,0.559643566608429,0.0
DJI_20230614085343_0246_V_JPG.rf.e0614ca441a7ff9cab48941c015f1819_tile_0018.jpg,missed_crop,Crop,background,0.0,0.0
DJI_20230614085343_0246_V_JPG.rf.e0614ca441a7ff9cab48941c015f1819_tile_0018.jpg,missed_crop,Crop,background,0.0,0.0
DJI_20230614085343_0246_V_JPG.rf.e0614ca441a7ff9cab48941c015f1819_tile_0018.jpg,false_positive,background,Crop,0.6496472358703613,0.0
DJI_20230614085343_0246_V_JPG.rf.e0614ca441a7ff9cab48941c015f1819_tile_0018.jpg,false_positive,background,Crop,0.46555569767951965,0.0
DJI_20230614085343_0246_V_JPG.rf.e0614ca441a7ff9cab48941c015f1819_tile_0018.jpg,false_positive,background,Crop,0.444868803024292,0.0
DJI_20230614085343_0246_V_JPG.rf.e0614ca441a7ff9cab48941c015f1819_tile_0018.jpg,false_positive,background,Crop,0.319304496049881,0.0
DJI_20230614085343_0246_V_JPG.rf.e0614ca441a7ff9cab48941c015f1819_tile_0019.jpg,correct,Crop,Crop,0.7064078450202942,0.5543577165743403
DJI_20230614085343_0246_V_JPG.rf.e0614ca441a7ff9cab48941c015f1819_tile_0019.jpg,correct,Crop,Crop,0.7033757567405701,0.5370143603309264
DJI_20230614085343_0246_V_JPG.rf.e0614ca441a7ff9cab48941c015f1819_tile_0019.jpg,missed_crop,Crop,background,0.0,0.0
DJI_20230614085343_0246_V_JPG.rf.e0614ca441a7ff9cab48941c015f1819_tile_0020.jpg,correct,Crop,Crop,0.7106215953826904,0.5576709910775505
DJI_20230614085343_0246_V_JPG.rf.e0614ca441a7ff9cab48941c015f1819_tile_0020.jpg,correct,Crop,Crop,0.7180749773979187,0.5391575939392658
DJI_20230614085343_0246_V_JPG.rf.e0614ca441a7ff9cab48941c015f1819_tile_0023.jpg,correct,Crop,Crop,0.6733443737030029,0.6572003525645755
DJI_20230614085343_0246_V_JPG.rf.e0614ca441a7ff9cab48941c015f1819_tile_0023.jpg,correct,Crop,Crop,0.49220746755599976,0.5971132167070404
DJI_20230614085343_0246_V_JPG.rf.e0614ca441a7ff9cab48941c015f1819_tile_0024.jpg,correct,Crop,Crop,0.6916850805282593,0.7124505453391894
DJI_20230614085343_0246_V_JPG.rf.e0614ca441a7ff9cab48941c015f1819_tile_0024.jpg,correct,Crop,Crop,0.40272387862205505,0.564221833022699
DJI_20230614085343_0246_V_JPG.rf.e0614ca441a7ff9cab48941c015f1819_tile_0024.jpg,false_positive,background,Crop,0.4272874891757965,0.0
DJI_20230614085343_0246_V_JPG.rf.e0614ca441a7ff9cab48941c015f1819_tile_0024.jpg,false_positive,background,Crop,0.3397473990917206,0.0
DJI_20230614085343_0246_V_JPG.rf.e0614ca441a7ff9cab48941c015f1819_tile_0025.jpg,correct,Crop,Crop,0.379085510969162,0.5323694236749197
DJI_20230614085343_0246_V_JPG.rf.e0614ca441a7ff9cab48941c015f1819_tile_0025.jpg,false_positive,background,Crop,0.6266928315162659,0.0
DJI_20230614085343_0246_V_JPG.rf.e0614ca441a7ff9cab48941c015f1819_tile_0026.jpg,correct,Crop,Crop,0.709845781326294,0.7220175610565398
DJI_20230614085343_0246_V_JPG.rf.e0614ca441a7ff9cab48941c015f1819_tile_0027.jpg,correct,Crop,Crop,0.6446405053138733,0.5213169875959415
DJI_20230614085343_0246_V_JPG.rf.e0614ca441a7ff9cab48941c015f1819_tile_0027.jpg,correct,Crop,Crop,0.7003384828567505,0.5146846530120508
DJI_20230614085343_0246_V_JPG.rf.e0614ca441a7ff9cab48941c015f1819_tile_0028.jpg,missed_crop,Crop,background,0.0,0.0
DJI_20230614085343_0246_V_JPG.rf.e0614ca441a7ff9cab48941c015f1819_tile_0028.jpg,missed_crop,Crop,background,0.0,0.0
DJI_20230614085343_0246_V_JPG.rf.e0614ca441a7ff9cab48941c015f1819_tile_0028.jpg,missed_crop,Crop,background,0.0,0.0
DJI_20230614085343_0246_V_JPG.rf.e0614ca441a7ff9cab48941c015f1819_tile_0028.jpg,false_positive,background,Crop,0.5507343411445618,0.0
DJI_20230614085343_0246_V_JPG.rf.e0614ca441a7ff9cab48941c015f1819_tile_0028.jpg,false_positive,background,Crop,0.4576484262943268,0.0
DJI_20230614085343_0246_V_JPG.rf.e0614ca441a7ff9cab48941c015f1819_tile_0028.jpg,false_positive,background,Crop,0.2768513560295105,0.0
DJI_20230614085343_0246_V_JPG.rf.e0614ca441a7ff9cab48941c015f1819_tile_0029.jpg,correct,Crop,Crop,0.6317296624183655,0.7293032491978527
DJI_20230614085343_0246_V_JPG.rf.e0614ca441a7ff9cab48941c015f1819_tile_0029.jpg,false_positive,background,Crop,0.2814628779888153,0.0
DJI_20230614085343_0246_V_JPG.rf.e0614ca441a7ff9cab48941c015f1819_tile_0030.jpg,correct,Crop,Crop,0.6962169408798218,0.5473856614107654
DJI_20230614085343_0246_V_JPG.rf.e0614ca441a7ff9cab48941c015f1819_tile_0031.jpg,correct,Crop,Crop,0.6963053345680237,0.5498749954524413
DJI_20230614085343_0246_V_JPG.rf.e0614ca441a7ff9cab48941c015f1819_tile_0032.jpg,missed_crop,Crop,background,0.0,0.0
DJI_20230614085343_0246_V_JPG.rf.e0614ca441a7ff9cab48941c015f1819_tile_0032.jpg,false_positive,background,Crop,0.7333377599716187,0.0
DJI_20230614085343_0246_V_JPG.rf.e0614ca441a7ff9cab48941c015f1819_tile_0033.jpg,missed_crop,Crop,background,0.0,0.0
DJI_20230614085343_0246_V_JPG.rf.e0614ca441a7ff9cab48941c015f1819_tile_0033.jpg,false_positive,background,Crop,0.7327044606208801,0.0
DJI_20230614085343_0246_V_JPG.rf.e0614ca441a7ff9cab48941c015f1819_tile_0034.jpg,correct,Crop,Crop,0.2809668779373169,0.7152631297483636
DJI_20230614085343_0246_V_JPG.rf.e0614ca441a7ff9cab48941c015f1819_tile_0035.jpg,correct,Crop,Crop,0.6817787289619446,0.6748173804962655
DJI_20230614085343_0246_V_JPG.rf.e0614ca441a7ff9cab48941c015f1819_tile_0036.jpg,correct,Crop,Crop,0.6980265974998474,0.6750452166598508
DJI_20230614085343_0246_V_JPG.rf.e0614ca441a7ff9cab48941c015f1819_tile_0036.jpg,correct,Crop,Crop,0.6764339208602905,0.653930205443957
DJI_20230614085343_0246_V_JPG.rf.e0614ca441a7ff9cab48941c015f1819_tile_0037.jpg,correct,Crop,Crop,0.529566764831543,0.7912338886354026
DJI_20230614085343_0246_V_JPG.rf.e0614ca441a7ff9cab48941c015f1819_tile_0038.jpg,correct,Crop,Crop,0.6117290258407593,0.5088720177155014
DJI_20230614085343_0246_V_JPG.rf.e0614ca441a7ff9cab48941c015f1819_tile_0038.jpg,missed_crop,Crop,background,0.0,0.0
DJI_20230614085343_0246_V_JPG.rf.e0614ca441a7ff9cab48941c015f1819_tile_0038.jpg,false_positive,background,Crop,0.5774176120758057,0.0
DJI_20230614085343_0246_V_JPG.rf.e0614ca441a7ff9cab48941c015f1819_tile_0038.jpg,false_positive,background,Crop,0.4756498336791992,0.0
DJI_20230614085343_0246_V_JPG.rf.e0614ca441a7ff9cab48941c015f1819_tile_0039.jpg,missed_crop,Crop,background,0.0,0.0
DJI_20230614085343_0246_V_JPG.rf.e0614ca441a7ff9cab48941c015f1819_tile_0039.jpg,missed_crop,Crop,background,0.0,0.0
DJI_20230614085343_0246_V_JPG.rf.e0614ca441a7ff9cab48941c015f1819_tile_0039.jpg,missed_crop,Crop,background,0.0,0.0
DJI_20230614085343_0246_V_JPG.rf.e0614ca441a7ff9cab48941c015f1819_tile_0039.jpg,missed_crop,Crop,background,0.0,0.0
DJI_20230614085343_0246_V_JPG.rf.e0614ca441a7ff9cab48941c015f1819_tile_0039.jpg,false_positive,background,Crop,0.5872354507446289,0.0
DJI_20230614085343_0246_V_JPG.rf.e0614ca441a7ff9cab48941c015f1819_tile_0039.jpg,false_positive,background,Crop,0.3887627124786377,0.0
DJI_20230614085343_0246_V_JPG.rf.e0614ca441a7ff9cab48941c015f1819_tile_0040.jpg,correct,Crop,Crop,0.7458968162536621,0.7760832573926637
DJI_20230614085343_0246_V_JPG.rf.e0614ca441a7ff9cab48941c015f1819_tile_0040.jpg,correct,Crop,Crop,0.6747133135795593,0.6844996224303698
DJI_20230614085343_0246_V_JPG.rf.e0614ca441a7ff9cab48941c015f1819_tile_0041.jpg,missed_crop,Crop,background,0.0,0.0
DJI_20230614085343_0246_V_JPG.rf.e0614ca441a7ff9cab48941c015f1819_tile_0041.jpg,false_positive,background,Crop,0.6493643522262573,0.0
DJI_20230614085343_0246_V_JPG.rf.e0614ca441a7ff9cab48941c015f1819_tile_0042.jpg,correct,Crop,Crop,0.2871621549129486,0.5828681248077802
DJI_20230614085343_0246_V_JPG.rf.e0614ca441a7ff9cab48941c015f1819_tile_0042.jpg,false_positive,background,Crop,0.26683005690574646,0.0
DJI_20230614085343_0246_V_JPG.rf.e0614ca441a7ff9cab48941c015f1819_tile_0043.jpg,correct,Crop,Crop,0.5387808084487915,0.5186778160164374
DJI_20230614085343_0246_V_JPG.rf.e0614ca441a7ff9cab48941c015f1819_tile_0043.jpg,missed_crop,Crop,background,0.0,0.0
DJI_20230614085343_0246_V_JPG.rf.e0614ca441a7ff9cab48941c015f1819_tile_0043.jpg,false_positive,background,Crop,0.6005686521530151,0.0
DJI_20230614085343_0246_V_JPG.rf.e0614ca441a7ff9cab48941c015f1819_tile_0044.jpg,correct,Crop,Crop,0.5419677495956421,0.5200606555343554
DJI_20230614085343_0246_V_JPG.rf.e0614ca441a7ff9cab48941c015f1819_tile_0044.jpg,missed_crop,Crop,background,0.0,0.0
DJI_20230614085343_0246_V_JPG.rf.e0614ca441a7ff9cab48941c015f1819_tile_0044.jpg,false_positive,background,Crop,0.601911723613739,0.0
DJI_20230614085343_0246_V_JPG.rf.e0614ca441a7ff9cab48941c015f1819_tile_0045.jpg,correct,Crop,Crop,0.6972429752349854,0.7001625344540562
DJI_20230614085343_0246_V_JPG.rf.e0614ca441a7ff9cab48941c015f1819_tile_0046.jpg,correct,Crop,Crop,0.5016434192657471,0.5283866006770569
DJI_20230614085343_0246_V_JPG.rf.e0614ca441a7ff9cab48941c015f1819_tile_0047.jpg,correct,Crop,Crop,0.6765705347061157,0.787012321758577
DJI_20230614085343_0246_V_JPG.rf.e0614ca441a7ff9cab48941c015f1819_tile_0047.jpg,false_positive,background,Crop,0.45837295055389404,0.0
DJI_20230614085343_0246_V_JPG.rf.e0614ca441a7ff9cab48941c015f1819_tile_0049.jpg,correct,Crop,Crop,0.634970486164093,0.6895480897847246
DJI_20230614085343_0246_V_JPG.rf.e0614ca441a7ff9cab48941c015f1819_tile_0049.jpg,false_positive,background,Crop,0.32534217834472656,0.0
DJI_20230614085343_0246_V_JPG.rf.e0614ca441a7ff9cab48941c015f1819_tile_0050.jpg,missed_crop,Crop,background,0.0,0.0
DJI_20230614085343_0246_V_JPG.rf.e0614ca441a7ff9cab48941c015f1819_tile_0050.jpg,missed_crop,Crop,background,0.0,0.0
DJI_20230614085343_0246_V_JPG.rf.e0614ca441a7ff9cab48941c015f1819_tile_0050.jpg,false_positive,background,Crop,0.48274514079093933,0.0
DJI_20230614085343_0246_V_JPG.rf.e0614ca441a7ff9cab48941c015f1819_tile_0051.jpg,correct,Crop,Crop,0.36602354049682617,0.7838542449366778
DJI_20230614085343_0246_V_JPG.rf.e0614ca441a7ff9cab48941c015f1819_tile_0051.jpg,correct,Crop,Crop,0.7489333748817444,0.717901792705482
DJI_20230614085343_0246_V_JPG.rf.e0614ca441a7ff9cab48941c015f1819_tile_0051.jpg,false_positive,background,Crop,0.5045164823532104,0.0
DJI_20230614085343_0246_V_JPG.rf.e0614ca441a7ff9cab48941c015f1819_tile_0052.jpg,correct,Crop,Crop,0.6563262343406677,0.5543321674930299
DJI_20230614085343_0246_V_JPG.rf.e0614ca441a7ff9cab48941c015f1819_tile_0052.jpg,missed_crop,Crop,background,0.0,0.0
DJI_20230614085343_0246_V_JPG.rf.e0614ca441a7ff9cab48941c015f1819_tile_0052.jpg,false_positive,background,Crop,0.4908009469509125,0.0
DJI_20230614085343_0246_V_JPG.rf.e0614ca441a7ff9cab48941c015f1819_tile_0054.jpg,missed_crop,Crop,background,0.0,0.0
DJI_20230614085343_0246_V_JPG.rf.e0614ca441a7ff9cab48941c015f1819_tile_0054.jpg,false_positive,background,Crop,0.6928092837333679,0.0
DJI_20230614085343_0246_V_JPG.rf.e0614ca441a7ff9cab48941c015f1819_tile_0054.jpg,false_positive,background,Crop,0.493899405002594,0.0
DJI_20230614085343_0246_V_JPG.rf.e0614ca441a7ff9cab48941c015f1819_tile_0055.jpg,missed_crop,Crop,background,0.0,0.0
DJI_20230614085343_0246_V_JPG.rf.e0614ca441a7ff9cab48941c015f1819_tile_0055.jpg,false_positive,background,Crop,0.6908872723579407,0.0
DJI_20230614085343_0246_V_JPG.rf.e0614ca441a7ff9cab48941c015f1819_tile_0055.jpg,false_positive,background,Crop,0.49565184116363525,0.0
DJI_20230614085343_0246_V_JPG.rf.e0614ca441a7ff9cab48941c015f1819_tile_0056.jpg,correct,Crop,Crop,0.5405186414718628,0.7173630053851092
DJI_20230614085343_0246_V_JPG.rf.e0614ca441a7ff9cab48941c015f1819_tile_0056.jpg,false_positive,background,Crop,0.5105873346328735,0.0
DJI_20230614085343_0246_V_JPG.rf.e0614ca441a7ff9cab48941c015f1819_tile_0057.jpg,correct,Crop,Crop,0.7202166318893433,0.6918686186073144
DJI_20230614085343_0246_V_JPG.rf.e0614ca441a7ff9cab48941c015f1819_tile_0057.jpg,correct,Crop,Crop,0.46436187624931335,0.5963142495961145
DJI_20230614085343_0246_V_JPG.rf.e0614ca441a7ff9cab48941c015f1819_tile_0057.jpg,false_positive,background,Crop,0.6147825121879578,0.0
DJI_20230614085343_0246_V_JPG.rf.e0614ca441a7ff9cab48941c015f1819_tile_0058.jpg,correct,Crop,Crop,0.5616400837898254,0.5368075545520439
DJI_20230614085343_0246_V_JPG.rf.e0614ca441a7ff9cab48941c015f1819_tile_0058.jpg,correct,Crop,Crop,0.6539347171783447,0.5204889471462169
DJI_20230614085343_0246_V_JPG.rf.e0614ca441a7ff9cab48941c015f1819_tile_0060.jpg,missed_crop,Crop,background,0.0,0.0
DJI_20230614085343_0246_V_JPG.rf.e0614ca441a7ff9cab48941c015f1819_tile_0060.jpg,missed_crop,Crop,background,0.0,0.0
DJI_20230614085343_0246_V_JPG.rf.e0614ca441a7ff9cab48941c015f1819_tile_0060.jpg,false_positive,background,Crop,0.6388158202171326,0.0
DJI_20230614085343_0246_V_JPG.rf.e0614ca441a7ff9cab48941c015f1819_tile_0061.jpg,correct,Crop,Crop,0.6604191064834595,0.5708994646838156
DJI_20230614085343_0246_V_JPG.rf.e0614ca441a7ff9cab48941c015f1819_tile_0062.jpg,correct,Crop,Crop,0.7078522443771362,0.6890326332298038
DJI_20230614085343_0246_V_JPG.rf.e0614ca441a7ff9cab48941c015f1819_tile_0062.jpg,false_positive,background,Crop,0.5709869861602783,0.0
DJI_20230614085343_0246_V_JPG.rf.e0614ca441a7ff9cab48941c015f1819_tile_0063.jpg,missed_crop,Crop,background,0.0,0.0
DJI_20230614085343_0246_V_JPG.rf.e0614ca441a7ff9cab48941c015f1819_tile_0063.jpg,false_positive,background,Crop,0.598253607749939,0.0
DJI_20230614085343_0246_V_JPG.rf.e0614ca441a7ff9cab48941c015f1819_tile_0065.jpg,correct,Crop,Crop,0.6515554189682007,0.7252777533614522
DJI_20230614085343_0246_V_JPG.rf.e0614ca441a7ff9cab48941c015f1819_tile_0065.jpg,missed_crop,Crop,background,0.0,0.0
DJI_20230614085343_0246_V_JPG.rf.e0614ca441a7ff9cab48941c015f1819_tile_0065.jpg,false_positive,background,Crop,0.58111572265625,0.0
DJI_20230614085343_0246_V_JPG.rf.e0614ca441a7ff9cab48941c015f1819_tile_0066.jpg,correct,Crop,Crop,0.6499922871589661,0.7249752803008003
DJI_20230614085343_0246_V_JPG.rf.e0614ca441a7ff9cab48941c015f1819_tile_0066.jpg,missed_crop,Crop,background,0.0,0.0
DJI_20230614085343_0246_V_JPG.rf.e0614ca441a7ff9cab48941c015f1819_tile_0066.jpg,false_positive,background,Crop,0.5793141722679138,0.0
DJI_20230614085343_0246_V_JPG.rf.e0614ca441a7ff9cab48941c015f1819_tile_0067.jpg,correct,Crop,Crop,0.7240009903907776,0.843609223836437
DJI_20230614085343_0246_V_JPG.rf.e0614ca441a7ff9cab48941c015f1819_tile_0068.jpg,correct,Crop,Crop,0.7662752270698547,0.6129576351306923
DJI_20230614085343_0246_V_JPG.rf.e0614ca441a7ff9cab48941c015f1819_tile_0068.jpg,correct,Crop,Crop,0.5148109793663025,0.5967475303716389
DJI_20230614085343_0246_V_JPG.rf.e0614ca441a7ff9cab48941c015f1819_tile_0068.jpg,false_positive,background,Crop,0.4998956024646759,0.0
DJI_20230614085343_0246_V_JPG.rf.e0614ca441a7ff9cab48941c015f1819_tile_0069.jpg,correct,Crop,Crop,0.6973535418510437,0.5791646475038245
DJI_20230614085343_0246_V_JPG.rf.e0614ca441a7ff9cab48941c015f1819_tile_0069.jpg,correct,Crop,Crop,0.5430788397789001,0.5386698529257256
DJI_20230614085343_0246_V_JPG.rf.e0614ca441a7ff9cab48941c015f1819_tile_0071.jpg,correct,Crop,Crop,0.28622904419898987,0.735004552001095
DJI_20230614085343_0246_V_JPG.rf.e0614ca441a7ff9cab48941c015f1819_tile_0071.jpg,false_positive,background,Crop,0.5782058238983154,0.0
DJI_20230614085343_0246_V_JPG.rf.e0614ca441a7ff9cab48941c015f1819_tile_0073.jpg,correct,Crop,Crop,0.6996206641197205,0.6926241285130639
DJI_20230614085343_0246_V_JPG.rf.e0614ca441a7ff9cab48941c015f1819_tile_0073.jpg,false_positive,background,Crop,0.3295140266418457,0.0
DJI_20230614085343_0246_V_JPG.rf.e0614ca441a7ff9cab48941c015f1819_tile_0074.jpg,correct,Crop,Crop,0.5589693784713745,0.5637372551383258
DJI_20230614085343_0246_V_JPG.rf.e0614ca441a7ff9cab48941c015f1819_tile_0074.jpg,correct,Crop,Crop,0.514435350894928,0.5211759750731784
DJI_20230614085343_0246_V_JPG.rf.e0614ca441a7ff9cab48941c015f1819_tile_0074.jpg,false_positive,background,Crop,0.29285138845443726,0.0
DJI_20230614085343_0246_V_JPG.rf.e0614ca441a7ff9cab48941c015f1819_tile_0075.jpg,false_positive,background,Crop,0.28725069761276245,0.0
DJI_20230614085343_0246_V_JPG.rf.e0614ca441a7ff9cab48941c015f1819_tile_0076.jpg,correct,Crop,Crop,0.5153933763504028,0.6993972307088339
DJI_20230614085343_0246_V_JPG.rf.e0614ca441a7ff9cab48941c015f1819_tile_0076.jpg,correct,Crop,Crop,0.7298091053962708,0.5663970462270271
DJI_20230614085343_0246_V_JPG.rf.e0614ca441a7ff9cab48941c015f1819_tile_0077.jpg,correct,Crop,Crop,0.5142261981964111,0.7003445722332878
DJI_20230614085343_0246_V_JPG.rf.e0614ca441a7ff9cab48941c015f1819_tile_0077.jpg,correct,Crop,Crop,0.7292129397392273,0.5667577035434354
DJI_20230614085343_0246_V_JPG.rf.e0614ca441a7ff9cab48941c015f1819_tile_0078.jpg,correct,Crop,Crop,0.40942856669425964,0.8094743956700963
DJI_20230614085343_0246_V_JPG.rf.e0614ca441a7ff9cab48941c015f1819_tile_0078.jpg,correct,Crop,Crop,0.7040407061576843,0.7151845935079832
DJI_20230614085343_0246_V_JPG.rf.e0614ca441a7ff9cab48941c015f1819_tile_0078.jpg,false_positive,background,Crop,0.562052845954895,0.0
DJI_20230614085343_0246_V_JPG.rf.e0614ca441a7ff9cab48941c015f1819_tile_0079.jpg,correct,Crop,Crop,0.4624963104724884,0.6720653867319579
DJI_20230614085343_0246_V_JPG.rf.e0614ca441a7ff9cab48941c015f1819_tile_0080.jpg,missed_crop,Crop,background,0.0,0.0
DJI_20230614085343_0246_V_JPG.rf.e0614ca441a7ff9cab48941c015f1819_tile_0080.jpg,false_positive,background,Crop,0.5202212929725647,0.0
DJI_20230614085343_0246_V_JPG.rf.e0614ca441a7ff9cab48941c015f1819_tile_0080.jpg,false_positive,background,Crop,0.4339893162250519,0.0
DJI_20230614085343_0246_V_JPG.rf.e0614ca441a7ff9cab48941c015f1819_tile_0081.jpg,correct,Crop,Crop,0.6887403726577759,0.5668834150122797
DJI_20230614085343_0246_V_JPG.rf.e0614ca441a7ff9cab48941c015f1819_tile_0082.jpg,correct,Crop,Crop,0.6793524026870728,0.5063572743543976
DJI_20230614085343_0246_V_JPG.rf.e0614ca441a7ff9cab48941c015f1819_tile_0083.jpg,missed_crop,Crop,background,0.0,0.0
DJI_20230614085343_0246_V_JPG.rf.e0614ca441a7ff9cab48941c015f1819_tile_0083.jpg,false_positive,background,Crop,0.6096208095550537,0.0
DJI_20230614085343_0246_V_JPG.rf.e0614ca441a7ff9cab48941c015f1819_tile_0083.jpg,false_positive,background,Crop,0.5983254909515381,0.0
DJI_20230614085343_0246_V_JPG.rf.e0614ca441a7ff9cab48941c015f1819_tile_0084.jpg,correct,Crop,Crop,0.6722970604896545,0.5184176912446768
DJI_20230614085343_0246_V_JPG.rf.e0614ca441a7ff9cab48941c015f1819_tile_0085.jpg,correct,Crop,Crop,0.7243166565895081,0.5873266738821818
DJI_20230614085343_0246_V_JPG.rf.e0614ca441a7ff9cab48941c015f1819_tile_0085.jpg,false_positive,background,Crop,0.7109415531158447,0.0
DJI_20230614085343_0246_V_JPG.rf.e0614ca441a7ff9cab48941c015f1819_tile_0087.jpg,correct,Crop,Crop,0.7318096160888672,0.5184472341411396
DJI_20230614085343_0246_V_JPG.rf.e0614ca441a7ff9cab48941c015f1819_tile_0087.jpg,false_positive,background,Crop,0.6172003746032715,0.0
DJI_20230614085343_0246_V_JPG.rf.e0614ca441a7ff9cab48941c015f1819_tile_0088.jpg,correct,Crop,Crop,0.7293906211853027,0.5185489857229362
DJI_20230614085343_0246_V_JPG.rf.e0614ca441a7ff9cab48941c015f1819_tile_0088.jpg,false_positive,background,Crop,0.6150862574577332,0.0
DJI_20230614085343_0246_V_JPG.rf.e0614ca441a7ff9cab48941c015f1819_tile_0089.jpg,correct,Crop,Crop,0.6675793528556824,0.6609229522824062
DJI_20230614085343_0246_V_JPG.rf.e0614ca441a7ff9cab48941c015f1819_tile_0089.jpg,false_positive,background,Crop,0.5596250891685486,0.0
DJI_20230614085343_0246_V_JPG.rf.e0614ca441a7ff9cab48941c015f1819_tile_0090.jpg,correct,Crop,Crop,0.7317458987236023,0.5536225670661583
DJI_20230614085343_0246_V_JPG.rf.e0614ca441a7ff9cab48941c015f1819_tile_0091.jpg,correct,Crop,Crop,0.6235671639442444,0.535815550894319
DJI_20230614085343_0246_V_JPG.rf.e0614ca441a7ff9cab48941c015f1819_tile_0091.jpg,missed_crop,Crop,background,0.0,0.0
DJI_20230614085343_0246_V_JPG.rf.e0614ca441a7ff9cab48941c015f1819_tile_0091.jpg,false_positive,background,Crop,0.716140627861023,0.0
DJI_20230614085343_0246_V_JPG.rf.e0614ca441a7ff9cab48941c015f1819_tile_0091.jpg,false_positive,background,Crop,0.44819027185440063,0.0
DJI_20230614085343_0246_V_JPG.rf.e0614ca441a7ff9cab48941c015f1819_tile_0092.jpg,correct,Crop,Crop,0.7309089303016663,0.5824809117997027
DJI_20230614085343_0246_V_JPG.rf.e0614ca441a7ff9cab48941c015f1819_tile_0092.jpg,correct,Crop,Crop,0.6132370233535767,0.5280902412182711
DJI_20230614085343_0246_V_JPG.rf.e0614ca441a7ff9cab48941c015f1819_tile_0093.jpg,correct,Crop,Crop,0.4877510666847229,0.5781404825468205
DJI_20230614085343_0246_V_JPG.rf.e0614ca441a7ff9cab48941c015f1819_tile_0093.jpg,correct,Crop,Crop,0.5989102125167847,0.5346742552084115
DJI_20230614085343_0246_V_JPG.rf.e0614ca441a7ff9cab48941c015f1819_tile_0093.jpg,false_positive,background,Crop,0.5511469841003418,0.0
DJI_20230614085343_0246_V_JPG.rf.e0614ca441a7ff9cab48941c015f1819_tile_0094.jpg,correct,Crop,Crop,0.6371253728866577,0.7309504372224264
DJI_20230614085343_0246_V_JPG.rf.e0614ca441a7ff9cab48941c015f1819_tile_0094.jpg,correct,Crop,Crop,0.5297932028770447,0.582510948643455
DJI_20230614085343_0246_V_JPG.rf.e0614ca441a7ff9cab48941c015f1819_tile_0095.jpg,correct,Crop,Crop,0.5574060678482056,0.5936512550543833
DJI_20230614085343_0246_V_JPG.rf.e0614ca441a7ff9cab48941c015f1819_tile_0095.jpg,false_positive,background,Weed,0.2998514771461487,0.0
DJI_20230614085343_0246_V_JPG.rf.e0614ca441a7ff9cab48941c015f1819_tile_0096.jpg,correct,Crop,Crop,0.5696520805358887,0.5545109717242432
DJI_20230614085343_0246_V_JPG.rf.e0614ca441a7ff9cab48941c015f1819_tile_0097.jpg,correct,Crop,Crop,0.6683048605918884,0.7118926092482665
DJI_20230614085343_0246_V_JPG.rf.e0614ca441a7ff9cab48941c015f1819_tile_0097.jpg,false_positive,background,Crop,0.5994493961334229,0.0
DJI_20230614085343_0246_V_JPG.rf.e0614ca441a7ff9cab48941c015f1819_tile_0098.jpg,correct,Crop,Crop,0.6632422208786011,0.7129466753332175
DJI_20230614085343_0246_V_JPG.rf.e0614ca441a7ff9cab48941c015f1819_tile_0098.jpg,false_positive,background,Crop,0.5711399912834167,0.0
DJI_20230614085343_0246_V_JPG.rf.e0614ca441a7ff9cab48941c015f1819_tile_0099.jpg,correct,Crop,Crop,0.6708486080169678,0.7104418140547357
DJI_20230614085343_0246_V_JPG.rf.e0614ca441a7ff9cab48941c015f1819_tile_0099.jpg,false_positive,background,Crop,0.5788492560386658,0.0
DJI_20230614085343_0246_V_JPG.rf.e0614ca441a7ff9cab48941c015f1819_tile_0101.jpg,correct,Crop,Crop,0.7295365333557129,0.5309434863874407
DJI_20230614085343_0246_V_JPG.rf.e0614ca441a7ff9cab48941c015f1819_tile_0101.jpg,false_positive,background,Crop,0.661719024181366,0.0
DJI_20230614085343_0246_V_JPG.rf.e0614ca441a7ff9cab48941c015f1819_tile_0102.jpg,correct,Crop,Crop,0.6752154231071472,0.8097977074781644
DJI_20230614085343_0246_V_JPG.rf.e0614ca441a7ff9cab48941c015f1819_tile_0102.jpg,missed_crop,Crop,background,0.0,0.0
DJI_20230614085343_0246_V_JPG.rf.e0614ca441a7ff9cab48941c015f1819_tile_0103.jpg,correct,Crop,Crop,0.5056298971176147,0.7868654954771375
DJI_20230614085343_0246_V_JPG.rf.e0614ca441a7ff9cab48941c015f1819_tile_0103.jpg,correct,Crop,Crop,0.6081941723823547,0.5192119004951196
DJI_20230614085343_0246_V_JPG.rf.e0614ca441a7ff9cab48941c015f1819_tile_0103.jpg,false_positive,background,Crop,0.2742255926132202,0.0
DJI_20230614085343_0246_V_JPG.rf.e0614ca441a7ff9cab48941c015f1819_tile_0103.jpg,false_positive,background,Crop,0.26449155807495117,0.0
DJI_20230614085343_0246_V_JPG.rf.e0614ca441a7ff9cab48941c015f1819_tile_0104.jpg,correct,Crop,Crop,0.4869648218154907,0.7874700430037981
DJI_20230614085343_0246_V_JPG.rf.e0614ca441a7ff9cab48941c015f1819_tile_0104.jpg,correct,Crop,Crop,0.6029436588287354,0.532924778425203
DJI_20230614085343_0246_V_JPG.rf.e0614ca441a7ff9cab48941c015f1819_tile_0104.jpg,false_positive,background,Crop,0.5505132079124451,0.0
DJI_20230614085343_0246_V_JPG.rf.e0614ca441a7ff9cab48941c015f1819_tile_0104.jpg,false_positive,background,Crop,0.29697301983833313,0.0
DJI_20230614085343_0246_V_JPG.rf.e0614ca441a7ff9cab48941c015f1819_tile_0104.jpg,false_positive,background,Crop,0.2896510362625122,0.0
DJI_20230614085343_0246_V_JPG.rf.e0614ca441a7ff9cab48941c015f1819_tile_0106.jpg,correct,Crop,Crop,0.6555823683738708,0.6557542195372742
DJI_20230614085343_0246_V_JPG.rf.e0614ca441a7ff9cab48941c015f1819_tile_0107.jpg,correct,Crop,Crop,0.48518505692481995,0.8237534559362436
DJI_20230614085343_0246_V_JPG.rf.e0614ca441a7ff9cab48941c015f1819_tile_0107.jpg,missed_crop,Crop,background,0.0,0.0
DJI_20230614085343_0246_V_JPG.rf.e0614ca441a7ff9cab48941c015f1819_tile_0107.jpg,false_positive,background,Crop,0.6763585209846497,0.0
DJI_20230614085343_0246_V_JPG.rf.e0614ca441a7ff9cab48941c015f1819_tile_0107.jpg,false_positive,background,Crop,0.2675975561141968,0.0
DJI_20230614085343_0246_V_JPG.rf.e0614ca441a7ff9cab48941c015f1819_tile_0108.jpg,correct,Crop,Crop,0.6930223107337952,0.6929286334839875
DJI_20230614085343_0246_V_JPG.rf.e0614ca441a7ff9cab48941c015f1819_tile_0109.jpg,correct,Crop,Crop,0.6879462003707886,0.6888176937223576
DJI_20230614085343_0246_V_JPG.rf.e0614ca441a7ff9cab48941c015f1819_tile_0110.jpg,correct,Crop,Crop,0.681196391582489,0.6892409960213219
DJI_20230614085343_0246_V_JPG.rf.e0614ca441a7ff9cab48941c015f1819_tile_0112.jpg,correct,Crop,Crop,0.7087583541870117,0.5309026168713252
DJI_20230614085343_0246_V_JPG.rf.e0614ca441a7ff9cab48941c015f1819_tile_0112.jpg,false_positive,background,Crop,0.6603404879570007,0.0
DJI_20230614085343_0246_V_JPG.rf.e0614ca441a7ff9cab48941c015f1819_tile_0113.jpg,correct,Crop,Crop,0.6757505536079407,0.8501917562023062
DJI_20230614085343_0246_V_JPG.rf.e0614ca441a7ff9cab48941c015f1819_tile_0114.jpg,correct,Crop,Crop,0.5402142405509949,0.767010578235223
DJI_20230614085343_0246_V_JPG.rf.e0614ca441a7ff9cab48941c015f1819_tile_0114.jpg,correct,Crop,Crop,0.6706603169441223,0.5730012699904417
DJI_20230614085343_0246_V_JPG.rf.e0614ca441a7ff9cab48941c015f1819_tile_0115.jpg,correct,Crop,Crop,0.5072707533836365,0.769207521238644
DJI_20230614085343_0246_V_JPG.rf.e0614ca441a7ff9cab48941c015f1819_tile_0115.jpg,correct,Crop,Crop,0.6734685897827148,0.5902824470712563
DJI_20230614085343_0246_V_JPG.rf.e0614ca441a7ff9cab48941c015f1819_tile_0115.jpg,false_positive,background,Crop,0.7065104842185974,0.0
DJI_20230614085343_0246_V_JPG.rf.e0614ca441a7ff9cab48941c015f1819_tile_0117.jpg,correct,Crop,Crop,0.64944988489151,0.6427133262676492
DJI_20230614085343_0246_V_JPG.rf.e0614ca441a7ff9cab48941c015f1819_tile_0118.jpg,correct,Crop,Crop,0.43585118651390076,0.8392395011048213
DJI_20230614085343_0246_V_JPG.rf.e0614ca441a7ff9cab48941c015f1819_tile_0118.jpg,missed_crop,Crop,background,0.0,0.0
DJI_20230614085343_0246_V_JPG.rf.e0614ca441a7ff9cab48941c015f1819_tile_0118.jpg,false_positive,background,Crop,0.6444495916366577,0.0
DJI_20230614085343_0246_V_JPG.rf.e0614ca441a7ff9cab48941c015f1819_tile_0119.jpg,correct,Crop,Crop,0.7112134695053101,0.7147995112631763
DJI_20230614085343_0246_V_JPG.rf.e0614ca441a7ff9cab48941c015f1819_tile_0120.jpg,correct,Crop,Crop,0.7070096135139465,0.7106032745951477
DJI_20230614085343_0246_V_JPG.rf.e0614ca441a7ff9cab48941c015f1819_tile_0121.jpg,correct,Crop,Crop,0.697311282157898,0.7035109227108955
DJI_20230614085415_0261_V_JPG.rf.bcc412782d512ce0bfba862af5ed03dc_tile_0002.jpg,missed_crop,Crop,background,0.0,0.0
DJI_20230614085415_0261_V_JPG.rf.bcc412782d512ce0bfba862af5ed03dc_tile_0002.jpg,false_positive,background,Crop,0.48969221115112305,0.0
DJI_20230614085415_0261_V_JPG.rf.bcc412782d512ce0bfba862af5ed03dc_tile_0003.jpg,correct,Crop,Crop,0.38269978761672974,0.8172735581134902
DJI_20230614085415_0261_V_JPG.rf.bcc412782d512ce0bfba862af5ed03dc_tile_0004.jpg,correct,Crop,Crop,0.2798127233982086,0.5822539410442441
DJI_20230614085415_0261_V_JPG.rf.bcc412782d512ce0bfba862af5ed03dc_tile_0005.jpg,correct,Crop,Crop,0.43037575483322144,0.8361077488603706
DJI_20230614085415_0261_V_JPG.rf.bcc412782d512ce0bfba862af5ed03dc_tile_0005.jpg,false_positive,background,Crop,0.6485818028450012,0.0
DJI_20230614085415_0261_V_JPG.rf.bcc412782d512ce0bfba862af5ed03dc_tile_0005.jpg,false_positive,background,Crop,0.6054118275642395,0.0
DJI_20230614085415_0261_V_JPG.rf.bcc412782d512ce0bfba862af5ed03dc_tile_0006.jpg,correct,Crop,Crop,0.32438093423843384,0.764198102887786
DJI_20230614085415_0261_V_JPG.rf.bcc412782d512ce0bfba862af5ed03dc_tile_0006.jpg,false_positive,background,Crop,0.2529221773147583,0.0
DJI_20230614085415_0261_V_JPG.rf.bcc412782d512ce0bfba862af5ed03dc_tile_0008.jpg,correct,Crop,Crop,0.6993641257286072,0.6054155626742252
DJI_20230614085415_0261_V_JPG.rf.bcc412782d512ce0bfba862af5ed03dc_tile_0009.jpg,correct,Crop,Crop,0.5781136155128479,0.8854726980129327
DJI_20230614085415_0261_V_JPG.rf.bcc412782d512ce0bfba862af5ed03dc_tile_0011.jpg,false_positive,background,Crop,0.2594488263130188,0.0
DJI_20230614085415_0261_V_JPG.rf.bcc412782d512ce0bfba862af5ed03dc_tile_0012.jpg,correct,Crop,Crop,0.6204442381858826,0.6313283920517787
DJI_20230614085415_0261_V_JPG.rf.bcc412782d512ce0bfba862af5ed03dc_tile_0013.jpg,correct,Crop,Crop,0.42547038197517395,0.7697407507392852
DJI_20230614085415_0261_V_JPG.rf.bcc412782d512ce0bfba862af5ed03dc_tile_0013.jpg,correct,Crop,Crop,0.6575221419334412,0.6498356142764584
DJI_20230614085415_0261_V_JPG.rf.bcc412782d512ce0bfba862af5ed03dc_tile_0013.jpg,false_positive,background,Crop,0.5160713791847229,0.0
DJI_20230614085415_0261_V_JPG.rf.bcc412782d512ce0bfba862af5ed03dc_tile_0014.jpg,missed_crop,Crop,background,0.0,0.0
DJI_20230614085415_0261_V_JPG.rf.bcc412782d512ce0bfba862af5ed03dc_tile_0015.jpg,correct,Crop,Crop,0.3726864755153656,0.7873553466692199
DJI_20230614085415_0261_V_JPG.rf.bcc412782d512ce0bfba862af5ed03dc_tile_0015.jpg,correct,Crop,Crop,0.6154542565345764,0.6252780824999963
DJI_20230614085415_0261_V_JPG.rf.bcc412782d512ce0bfba862af5ed03dc_tile_0016.jpg,correct,Crop,Crop,0.722041666507721,0.8846454458699873
DJI_20230614085415_0261_V_JPG.rf.bcc412782d512ce0bfba862af5ed03dc_tile_0016.jpg,missed_crop,Crop,background,0.0,0.0
DJI_20230614085415_0261_V_JPG.rf.bcc412782d512ce0bfba862af5ed03dc_tile_0016.jpg,missed_crop,Crop,background,0.0,0.0
DJI_20230614085415_0261_V_JPG.rf.bcc412782d512ce0bfba862af5ed03dc_tile_0016.jpg,false_positive,background,Crop,0.5723994970321655,0.0
DJI_20230614085415_0261_V_JPG.rf.bcc412782d512ce0bfba862af5ed03dc_tile_0017.jpg,correct,Crop,Crop,0.7267048954963684,0.6831659536856869
DJI_20230614085415_0261_V_JPG.rf.bcc412782d512ce0bfba862af5ed03dc_tile_0017.jpg,missed_crop,Crop,background,0.0,0.0
DJI_20230614085415_0261_V_JPG.rf.bcc412782d512ce0bfba862af5ed03dc_tile_0018.jpg,correct,Crop,Crop,0.4401341378688812,0.8749394668565247
DJI_20230614085415_0261_V_JPG.rf.bcc412782d512ce0bfba862af5ed03dc_tile_0019.jpg,correct,Crop,Crop,0.711144745349884,0.8014917053588461
DJI_20230614085415_0261_V_JPG.rf.bcc412782d512ce0bfba862af5ed03dc_tile_0019.jpg,correct,Crop,Crop,0.5342072248458862,0.7876150050770776
DJI_20230614085415_0261_V_JPG.rf.bcc412782d512ce0bfba862af5ed03dc_tile_0020.jpg,missed_crop,Crop,background,0.0,0.0
DJI_20230614085415_0261_V_JPG.rf.bcc412782d512ce0bfba862af5ed03dc_tile_0020.jpg,missed_crop,Crop,background,0.0,0.0
DJI_20230614085415_0261_V_JPG.rf.bcc412782d512ce0bfba862af5ed03dc_tile_0020.jpg,false_positive,background,Crop,0.6768020391464233,0.0
DJI_20230614085415_0261_V_JPG.rf.bcc412782d512ce0bfba862af5ed03dc_tile_0023.jpg,correct,Crop,Crop,0.6561098098754883,0.8155765733648883
DJI_20230614085415_0261_V_JPG.rf.bcc412782d512ce0bfba862af5ed03dc_tile_0023.jpg,correct,Crop,Crop,0.38591820001602173,0.7476723538568305
DJI_20230614085415_0261_V_JPG.rf.bcc412782d512ce0bfba862af5ed03dc_tile_0023.jpg,false_positive,background,Crop,0.6203837990760803,0.0
DJI_20230614085415_0261_V_JPG.rf.bcc412782d512ce0bfba862af5ed03dc_tile_0023.jpg,false_positive,background,Crop,0.5583312511444092,0.0
DJI_20230614085415_0261_V_JPG.rf.bcc412782d512ce0bfba862af5ed03dc_tile_0024.jpg,correct,Crop,Crop,0.6675605177879333,0.8018932055452074
DJI_20230614085415_0261_V_JPG.rf.bcc412782d512ce0bfba862af5ed03dc_tile_0024.jpg,correct,Crop,Crop,0.39907407760620117,0.7470304204806909
DJI_20230614085415_0261_V_JPG.rf.bcc412782d512ce0bfba862af5ed03dc_tile_0024.jpg,false_positive,background,Crop,0.6424802541732788,0.0
DJI_20230614085415_0261_V_JPG.rf.bcc412782d512ce0bfba862af5ed03dc_tile_0025.jpg,correct,Crop,Crop,0.42996910214424133,0.9239250559150757
DJI_20230614085415_0261_V_JPG.rf.bcc412782d512ce0bfba862af5ed03dc_tile_0025.jpg,missed_crop,Crop,background,0.0,0.0
DJI_20230614085415_0261_V_JPG.rf.bcc412782d512ce0bfba862af5ed03dc_tile_0025.jpg,false_positive,background,Crop,0.41283997893333435,0.0
DJI_20230614085415_0261_V_JPG.rf.bcc412782d512ce0bfba862af5ed03dc_tile_0026.jpg,correct,Crop,Crop,0.6851324439048767,0.6340577284898335
DJI_20230614085415_0261_V_JPG.rf.bcc412782d512ce0bfba862af5ed03dc_tile_0027.jpg,correct,Crop,Crop,0.6061053276062012,0.7580588682644445
DJI_20230614085415_0261_V_JPG.rf.bcc412782d512ce0bfba862af5ed03dc_tile_0027.jpg,missed_crop,Crop,background,0.0,0.0
DJI_20230614085415_0261_V_JPG.rf.bcc412782d512ce0bfba862af5ed03dc_tile_0028.jpg,correct,Crop,Crop,0.6060510873794556,0.7645792004563103
DJI_20230614085415_0261_V_JPG.rf.bcc412782d512ce0bfba862af5ed03dc_tile_0028.jpg,missed_crop,Crop,background,0.0,0.0
DJI_20230614085415_0261_V_JPG.rf.bcc412782d512ce0bfba862af5ed03dc_tile_0029.jpg,correct,Crop,Crop,0.38602951169013977,0.830748607792757
DJI_20230614085415_0261_V_JPG.rf.bcc412782d512ce0bfba862af5ed03dc_tile_0029.jpg,correct,Crop,Crop,0.7295709252357483,0.8087962177892354
DJI_20230614085415_0261_V_JPG.rf.bcc412782d512ce0bfba862af5ed03dc_tile_0030.jpg,correct,Crop,Crop,0.7165085077285767,0.7994162277871654
DJI_20230614085415_0261_V_JPG.rf.bcc412782d512ce0bfba862af5ed03dc_tile_0030.jpg,correct,Crop,Crop,0.5115779042243958,0.764270426365094
DJI_20230614085415_0261_V_JPG.rf.bcc412782d512ce0bfba862af5ed03dc_tile_0030.jpg,correct,Crop,Crop,0.6360231041908264,0.7418030689600261
DJI_20230614085415_0261_V_JPG.rf.bcc412782d512ce0bfba862af5ed03dc_tile_0031.jpg,correct,Crop,Crop,0.6494800448417664,0.8182590943529637
DJI_20230614085415_0261_V_JPG.rf.bcc412782d512ce0bfba862af5ed03dc_tile_0031.jpg,correct,Crop,Crop,0.34482502937316895,0.7315739336167947
DJI_20230614085415_0261_V_JPG.rf.bcc412782d512ce0bfba862af5ed03dc_tile_0031.jpg,false_positive,background,Crop,0.5073687434196472,0.0
DJI_20230614085415_0261_V_JPG.rf.bcc412782d512ce0bfba862af5ed03dc_tile_0034.jpg,correct,Crop,Crop,0.4200323820114136,0.7476367437394995
DJI_20230614085415_0261_V_JPG.rf.bcc412782d512ce0bfba862af5ed03dc_tile_0034.jpg,missed_crop,Crop,background,0.0,0.0
DJI_20230614085415_0261_V_JPG.rf.bcc412782d512ce0bfba862af5ed03dc_tile_0034.jpg,missed_crop,Crop,background,0.0,0.0
DJI_20230614085415_0261_V_JPG.rf.bcc412782d512ce0bfba862af5ed03dc_tile_0034.jpg,false_positive,background,Crop,0.6215575933456421,0.0
DJI_20230614085415_0261_V_JPG.rf.bcc412782d512ce0bfba862af5ed03dc_tile_0034.jpg,false_positive,background,Crop,0.620789110660553,0.0
DJI_20230614085415_0261_V_JPG.rf.bcc412782d512ce0bfba862af5ed03dc_tile_0034.jpg,false_positive,background,Crop,0.5306107401847839,0.0
DJI_20230614085415_0261_V_JPG.rf.bcc412782d512ce0bfba862af5ed03dc_tile_0035.jpg,correct,Crop,Crop,0.498442143201828,0.7912858131210999
DJI_20230614085415_0261_V_JPG.rf.bcc412782d512ce0bfba862af5ed03dc_tile_0035.jpg,missed_crop,Crop,background,0.0,0.0
DJI_20230614085415_0261_V_JPG.rf.bcc412782d512ce0bfba862af5ed03dc_tile_0035.jpg,missed_crop,Crop,background,0.0,0.0
DJI_20230614085415_0261_V_JPG.rf.bcc412782d512ce0bfba862af5ed03dc_tile_0035.jpg,false_positive,background,Crop,0.6185343861579895,0.0
DJI_20230614085415_0261_V_JPG.rf.bcc412782d512ce0bfba862af5ed03dc_tile_0035.jpg,false_positive,background,Crop,0.42290225625038147,0.0
DJI_20230614085415_0261_V_JPG.rf.bcc412782d512ce0bfba862af5ed03dc_tile_0036.jpg,correct,Crop,Crop,0.4784791171550751,0.8515577614245414
DJI_20230614085415_0261_V_JPG.rf.bcc412782d512ce0bfba862af5ed03dc_tile_0037.jpg,correct,Crop,Crop,0.48784011602401733,0.7135852568558163
DJI_20230614085415_0261_V_JPG.rf.bcc412782d512ce0bfba862af5ed03dc_tile_0038.jpg,correct,Crop,Crop,0.545448899269104,0.5897503531424498
DJI_20230614085415_0261_V_JPG.rf.bcc412782d512ce0bfba862af5ed03dc_tile_0039.jpg,correct,Crop,Crop,0.7490981817245483,0.8313740636770746
DJI_20230614085415_0261_V_JPG.rf.bcc412782d512ce0bfba862af5ed03dc_tile_0039.jpg,correct,Crop,Crop,0.5759206414222717,0.7440364466300328
DJI_20230614085415_0261_V_JPG.rf.bcc412782d512ce0bfba862af5ed03dc_tile_0041.jpg,correct,Crop,Crop,0.62554532289505,0.7701029511967006
DJI_20230614085415_0261_V_JPG.rf.bcc412782d512ce0bfba862af5ed03dc_tile_0041.jpg,false_positive,background,Crop,0.30175551772117615,0.0
DJI_20230614085415_0261_V_JPG.rf.bcc412782d512ce0bfba862af5ed03dc_tile_0042.jpg,correct,Crop,Crop,0.7499427199363708,0.8256845977905254
DJI_20230614085415_0261_V_JPG.rf.bcc412782d512ce0bfba862af5ed03dc_tile_0042.jpg,correct,Crop,Crop,0.6197690963745117,0.7471506536746035
DJI_20230614085415_0261_V_JPG.rf.bcc412782d512ce0bfba862af5ed03dc_tile_0042.jpg,false_positive,background,Crop,0.32933253049850464,0.0
DJI_20230614085415_0261_V_JPG.rf.bcc412782d512ce0bfba862af5ed03dc_tile_0043.jpg,correct,Crop,Crop,0.7415215373039246,0.8183781779891575
DJI_20230614085415_0261_V_JPG.rf.bcc412782d512ce0bfba862af5ed03dc_tile_0043.jpg,false_positive,background,Crop,0.5905571579933167,0.0
DJI_20230614085415_0261_V_JPG.rf.bcc412782d512ce0bfba862af5ed03dc_tile_0044.jpg,correct,Crop,Crop,0.743870735168457,0.8231343431996662
DJI_20230614085415_0261_V_JPG.rf.bcc412782d512ce0bfba862af5ed03dc_tile_0044.jpg,false_positive,background,Crop,0.494158536195755,0.0
DJI_20230614085415_0261_V_JPG.rf.bcc412782d512ce0bfba862af5ed03dc_tile_0045.jpg,missed_crop,Crop,background,0.0,0.0
DJI_20230614085415_0261_V_JPG.rf.bcc412782d512ce0bfba862af5ed03dc_tile_0045.jpg,missed_crop,Crop,background,0.0,0.0
DJI_20230614085415_0261_V_JPG.rf.bcc412782d512ce0bfba862af5ed03dc_tile_0045.jpg,false_positive,background,Crop,0.6905720829963684,0.0
DJI_20230614085415_0261_V_JPG.rf.bcc412782d512ce0bfba862af5ed03dc_tile_0045.jpg,false_positive,background,Crop,0.6485359072685242,0.0
DJI_20230614085415_0261_V_JPG.rf.bcc412782d512ce0bfba862af5ed03dc_tile_0046.jpg,missed_crop,Crop,background,0.0,0.0
DJI_20230614085415_0261_V_JPG.rf.bcc412782d512ce0bfba862af5ed03dc_tile_0046.jpg,missed_crop,Crop,background,0.0,0.0
DJI_20230614085415_0261_V_JPG.rf.bcc412782d512ce0bfba862af5ed03dc_tile_0046.jpg,false_positive,background,Crop,0.6631953716278076,0.0
DJI_20230614085415_0261_V_JPG.rf.bcc412782d512ce0bfba862af5ed03dc_tile_0046.jpg,false_positive,background,Crop,0.6584728360176086,0.0
DJI_20230614085415_0261_V_JPG.rf.bcc412782d512ce0bfba862af5ed03dc_tile_0047.jpg,correct,Crop,Crop,0.555482804775238,0.8665922377172147
DJI_20230614085415_0261_V_JPG.rf.bcc412782d512ce0bfba862af5ed03dc_tile_0047.jpg,correct,Crop,Crop,0.576207160949707,0.5786468026542539
DJI_20230614085415_0261_V_JPG.rf.bcc412782d512ce0bfba862af5ed03dc_tile_0049.jpg,missed_crop,Crop,background,0.0,0.0
DJI_20230614085415_0261_V_JPG.rf.bcc412782d512ce0bfba862af5ed03dc_tile_0049.jpg,missed_crop,Crop,background,0.0,0.0
DJI_20230614085415_0261_V_JPG.rf.bcc412782d512ce0bfba862af5ed03dc_tile_0049.jpg,false_positive,background,Crop,0.6465323567390442,0.0
DJI_20230614085415_0261_V_JPG.rf.bcc412782d512ce0bfba862af5ed03dc_tile_0050.jpg,correct,Crop,Crop,0.7962055206298828,0.922278748032247
DJI_20230614085415_0261_V_JPG.rf.bcc412782d512ce0bfba862af5ed03dc_tile_0050.jpg,correct,Crop,Crop,0.7511628866195679,0.8056583241406542
DJI_20230614085415_0261_V_JPG.rf.bcc412782d512ce0bfba862af5ed03dc_tile_0051.jpg,correct,Crop,Crop,0.7666662931442261,0.7798910521882116
DJI_20230614085415_0261_V_JPG.rf.bcc412782d512ce0bfba862af5ed03dc_tile_0052.jpg,correct,Crop,Crop,0.7323487401008606,0.8000075432507947
DJI_20230614085415_0261_V_JPG.rf.bcc412782d512ce0bfba862af5ed03dc_tile_0052.jpg,correct,Crop,Crop,0.7433843612670898,0.7576881507920021
DJI_20230614085415_0261_V_JPG.rf.bcc412782d512ce0bfba862af5ed03dc_tile_0052.jpg,missed_crop,Crop,background,0.0,0.0
DJI_20230614085415_0261_V_JPG.rf.bcc412782d512ce0bfba862af5ed03dc_tile_0053.jpg,correct,Crop,Crop,0.7374828457832336,0.7990674025822291
DJI_20230614085415_0261_V_JPG.rf.bcc412782d512ce0bfba862af5ed03dc_tile_0053.jpg,correct,Crop,Crop,0.6896102428436279,0.7730905962323895
DJI_20230614085415_0261_V_JPG.rf.bcc412782d512ce0bfba862af5ed03dc_tile_0053.jpg,correct,Crop,Crop,0.2903801500797272,0.755286631558226
DJI_20230614085415_0261_V_JPG.rf.bcc412782d512ce0bfba862af5ed03dc_tile_0053.jpg,false_positive,background,Crop,0.25491783022880554,0.0
DJI_20230614085415_0261_V_JPG.rf.bcc412782d512ce0bfba862af5ed03dc_tile_0054.jpg,correct,Crop,Crop,0.6956131458282471,0.7742080559655131
DJI_20230614085415_0261_V_JPG.rf.bcc412782d512ce0bfba862af5ed03dc_tile_0054.jpg,correct,Crop,Crop,0.5433124303817749,0.6358486483632132
DJI_20230614085415_0261_V_JPG.rf.bcc412782d512ce0bfba862af5ed03dc_tile_0054.jpg,missed_crop,Crop,background,0.0,0.0
DJI_20230614085415_0261_V_JPG.rf.bcc412782d512ce0bfba862af5ed03dc_tile_0054.jpg,false_positive,background,Crop,0.45825284719467163,0.0
DJI_20230614085415_0261_V_JPG.rf.bcc412782d512ce0bfba862af5ed03dc_tile_0054.jpg,false_positive,background,Crop,0.3840179443359375,0.0
DJI_20230614085415_0261_V_JPG.rf.bcc412782d512ce0bfba862af5ed03dc_tile_0054.jpg,false_positive,background,Crop,0.26408109068870544,0.0
DJI_20230614085415_0261_V_JPG.rf.bcc412782d512ce0bfba862af5ed03dc_tile_0055.jpg,correct,Crop,Crop,0.6322331428527832,0.8557056169962823
DJI_20230614085415_0261_V_JPG.rf.bcc412782d512ce0bfba862af5ed03dc_tile_0055.jpg,correct,Crop,Crop,0.5615179538726807,0.6491071231153017
DJI_20230614085415_0261_V_JPG.rf.bcc412782d512ce0bfba862af5ed03dc_tile_0055.jpg,missed_crop,Crop,background,0.0,0.0
DJI_20230614085415_0261_V_JPG.rf.bcc412782d512ce0bfba862af5ed03dc_tile_0055.jpg,false_positive,background,Crop,0.4517785608768463,0.0
DJI_20230614085415_0261_V_JPG.rf.bcc412782d512ce0bfba862af5ed03dc_tile_0055.jpg,false_positive,background,Crop,0.41044124960899353,0.0
DJI_20230614085415_0261_V_JPG.rf.bcc412782d512ce0bfba862af5ed03dc_tile_0056.jpg,correct,Crop,Crop,0.5383459329605103,0.6433296084068206
DJI_20230614085415_0261_V_JPG.rf.bcc412782d512ce0bfba862af5ed03dc_tile_0056.jpg,false_positive,background,Crop,0.2748447060585022,0.0
DJI_20230614085415_0261_V_JPG.rf.bcc412782d512ce0bfba862af5ed03dc_tile_0057.jpg,false_positive,background,Crop,0.3340356945991516,0.0
DJI_20230614085415_0261_V_JPG.rf.bcc412782d512ce0bfba862af5ed03dc_tile_0058.jpg,missed_crop,Crop,background,0.0,0.0
DJI_20230614085415_0261_V_JPG.rf.bcc412782d512ce0bfba862af5ed03dc_tile_0058.jpg,missed_crop,Crop,background,0.0,0.0
DJI_20230614085415_0261_V_JPG.rf.bcc412782d512ce0bfba862af5ed03dc_tile_0058.jpg,false_positive,background,Crop,0.32657474279403687,0.0
DJI_20230614085415_0261_V_JPG.rf.bcc412782d512ce0bfba862af5ed03dc_tile_0058.jpg,false_positive,background,Crop,0.2859554886817932,0.0
DJI_20230614085415_0261_V_JPG.rf.bcc412782d512ce0bfba862af5ed03dc_tile_0059.jpg,correct,Crop,Crop,0.7764851450920105,0.8653130738048888
DJI_20230614085415_0261_V_JPG.rf.bcc412782d512ce0bfba862af5ed03dc_tile_0059.jpg,false_positive,background,Crop,0.3047358989715576,0.0
DJI_20230614085415_0261_V_JPG.rf.bcc412782d512ce0bfba862af5ed03dc_tile_0060.jpg,correct,Crop,Crop,0.28999316692352295,0.5018831055600939
DJI_20230614085415_0261_V_JPG.rf.bcc412782d512ce0bfba862af5ed03dc_tile_0060.jpg,missed_crop,Crop,background,0.0,0.0
DJI_20230614085415_0261_V_JPG.rf.bcc412782d512ce0bfba862af5ed03dc_tile_0060.jpg,false_positive,background,Crop,0.567484438419342,0.0
DJI_20230614085415_0261_V_JPG.rf.bcc412782d512ce0bfba862af5ed03dc_tile_0061.jpg,correct,Crop,Crop,0.7917898893356323,0.8275253791475332
DJI_20230614085415_0261_V_JPG.rf.bcc412782d512ce0bfba862af5ed03dc_tile_0061.jpg,correct,Crop,Crop,0.728144645690918,0.7244211537444871
DJI_20230614085415_0261_V_JPG.rf.bcc412782d512ce0bfba862af5ed03dc_tile_0063.jpg,correct,Crop,Crop,0.7480062246322632,0.8528244919186999
DJI_20230614085415_0261_V_JPG.rf.bcc412782d512ce0bfba862af5ed03dc_tile_0063.jpg,false_positive,background,Crop,0.45633018016815186,0.0
DJI_20230614085415_0261_V_JPG.rf.bcc412782d512ce0bfba862af5ed03dc_tile_0064.jpg,correct,Crop,Crop,0.7536485195159912,0.8805947390195705
DJI_20230614085415_0261_V_JPG.rf.bcc412782d512ce0bfba862af5ed03dc_tile_0064.jpg,correct,Crop,Crop,0.7054201364517212,0.742282269997132
DJI_20230614085415_0261_V_JPG.rf.bcc412782d512ce0bfba862af5ed03dc_tile_0064.jpg,correct,Crop,Crop,0.6573700308799744,0.7034981088805016
DJI_20230614085415_0261_V_JPG.rf.bcc412782d512ce0bfba862af5ed03dc_tile_0064.jpg,false_positive,background,Crop,0.29287299513816833,0.0
DJI_20230614085415_0261_V_JPG.rf.bcc412782d512ce0bfba862af5ed03dc_tile_0065.jpg,correct,Crop,Crop,0.4050857722759247,0.7932386487931967
DJI_20230614085415_0261_V_JPG.rf.bcc412782d512ce0bfba862af5ed03dc_tile_0065.jpg,correct,Crop,Crop,0.7074098587036133,0.7542090906577459
DJI_20230614085415_0261_V_JPG.rf.bcc412782d512ce0bfba862af5ed03dc_tile_0065.jpg,correct,Crop,Crop,0.7156774997711182,0.7461762531722784
DJI_20230614085415_0261_V_JPG.rf.bcc412782d512ce0bfba862af5ed03dc_tile_0065.jpg,correct,Crop,Crop,0.5660642385482788,0.589398970600911
DJI_20230614085415_0261_V_JPG.rf.bcc412782d512ce0bfba862af5ed03dc_tile_0066.jpg,correct,Crop,Crop,0.6342235207557678,0.8470306563112224
DJI_20230614085415_0261_V_JPG.rf.bcc412782d512ce0bfba862af5ed03dc_tile_0066.jpg,correct,Crop,Crop,0.4685061275959015,0.7971560211077853
DJI_20230614085415_0261_V_JPG.rf.bcc412782d512ce0bfba862af5ed03dc_tile_0066.jpg,correct,Crop,Crop,0.5563461184501648,0.5927712408924898
DJI_20230614085415_0261_V_JPG.rf.bcc412782d512ce0bfba862af5ed03dc_tile_0067.jpg,correct,Crop,Crop,0.630635142326355,0.9107170584142652
DJI_20230614085415_0261_V_JPG.rf.bcc412782d512ce0bfba862af5ed03dc_tile_0068.jpg,correct,Crop,Crop,0.4320918917655945,0.7171796356880387
DJI_20230614085415_0261_V_JPG.rf.bcc412782d512ce0bfba862af5ed03dc_tile_0068.jpg,missed_crop,Crop,background,0.0,0.0
DJI_20230614085415_0261_V_JPG.rf.bcc412782d512ce0bfba862af5ed03dc_tile_0069.jpg,correct,Crop,Crop,0.40638014674186707,0.6853845647695195
DJI_20230614085415_0261_V_JPG.rf.bcc412782d512ce0bfba862af5ed03dc_tile_0069.jpg,correct,Crop,Crop,0.6263922452926636,0.6462765726595305
DJI_20230614085415_0261_V_JPG.rf.bcc412782d512ce0bfba862af5ed03dc_tile_0069.jpg,correct,Crop,Crop,0.4355757236480713,0.591995448514638
DJI_20230614085415_0261_V_JPG.rf.bcc412782d512ce0bfba862af5ed03dc_tile_0070.jpg,correct,Crop,Crop,0.6876652240753174,0.777358020270984
DJI_20230614085415_0261_V_JPG.rf.bcc412782d512ce0bfba862af5ed03dc_tile_0071.jpg,correct,Crop,Crop,0.5690678954124451,0.6216614237312377
DJI_20230614085415_0261_V_JPG.rf.bcc412782d512ce0bfba862af5ed03dc_tile_0072.jpg,correct,Crop,Crop,0.7265188097953796,0.8165300012663276
DJI_20230614085415_0261_V_JPG.rf.bcc412782d512ce0bfba862af5ed03dc_tile_0073.jpg,correct,Crop,Crop,0.7592872381210327,0.8671251662276883
DJI_20230614085415_0261_V_JPG.rf.bcc412782d512ce0bfba862af5ed03dc_tile_0073.jpg,correct,Crop,Crop,0.6416868567466736,0.67050474047528
DJI_20230614085415_0261_V_JPG.rf.bcc412782d512ce0bfba862af5ed03dc_tile_0074.jpg,correct,Crop,Crop,0.6265424489974976,0.8787149821888246
DJI_20230614085415_0261_V_JPG.rf.bcc412782d512ce0bfba862af5ed03dc_tile_0074.jpg,correct,Crop,Crop,0.7678150534629822,0.7062706366496838
DJI_20230614085415_0261_V_JPG.rf.bcc412782d512ce0bfba862af5ed03dc_tile_0075.jpg,correct,Crop,Crop,0.37955084443092346,0.8061511242453077
DJI_20230614085415_0261_V_JPG.rf.bcc412782d512ce0bfba862af5ed03dc_tile_0075.jpg,correct,Crop,Crop,0.4273354709148407,0.7663916964470812
DJI_20230614085415_0261_V_JPG.rf.bcc412782d512ce0bfba862af5ed03dc_tile_0075.jpg,correct,Crop,Crop,0.6693692803382874,0.6450731615925979
DJI_20230614085415_0261_V_JPG.rf.bcc412782d512ce0bfba862af5ed03dc_tile_0075.jpg,false_positive,background,Crop,0.5006346702575684,0.0
DJI_20230614085415_0261_V_JPG.rf.bcc412782d512ce0bfba862af5ed03dc_tile_0076.jpg,correct,Crop,Crop,0.6040112376213074,0.7484027285551508
DJI_20230614085415_0261_V_JPG.rf.bcc412782d512ce0bfba862af5ed03dc_tile_0076.jpg,correct,Crop,Crop,0.5483452081680298,0.6344075512238802
DJI_20230614085415_0261_V_JPG.rf.bcc412782d512ce0bfba862af5ed03dc_tile_0076.jpg,missed_crop,Crop,background,0.0,0.0
DJI_20230614085415_0261_V_JPG.rf.bcc412782d512ce0bfba862af5ed03dc_tile_0076.jpg,false_positive,background,Crop,0.7129052877426147,0.0
DJI_20230614085415_0261_V_JPG.rf.bcc412782d512ce0bfba862af5ed03dc_tile_0076.jpg,false_positive,background,Crop,0.2787986695766449,0.0
DJI_20230614085415_0261_V_JPG.rf.bcc412782d512ce0bfba862af5ed03dc_tile_0077.jpg,correct,Crop,Crop,0.604560375213623,0.745965568817226
DJI_20230614085415_0261_V_JPG.rf.bcc412782d512ce0bfba862af5ed03dc_tile_0077.jpg,missed_crop,Crop,background,0.0,0.0
DJI_20230614085415_0261_V_JPG.rf.bcc412782d512ce0bfba862af5ed03dc_tile_0077.jpg,false_positive,background,Crop,0.7096589207649231,0.0
DJI_20230614085415_0261_V_JPG.rf.bcc412782d512ce0bfba862af5ed03dc_tile_0077.jpg,false_positive,background,Crop,0.28197506070137024,0.0
DJI_20230614085415_0261_V_JPG.rf.bcc412782d512ce0bfba862af5ed03dc_tile_0078.jpg,correct,Crop,Crop,0.45912668108940125,0.8239161965779382
DJI_20230614085415_0261_V_JPG.rf.bcc412782d512ce0bfba862af5ed03dc_tile_0078.jpg,correct,Crop,Crop,0.579071044921875,0.6828298781541196
DJI_20230614085415_0261_V_JPG.rf.bcc412782d512ce0bfba862af5ed03dc_tile_0078.jpg,false_positive,background,Crop,0.3472217619419098,0.0
DJI_20230614085415_0261_V_JPG.rf.bcc412782d512ce0bfba862af5ed03dc_tile_0079.jpg,correct,Crop,Crop,0.7033863663673401,0.8770834220141885
DJI_20230614085415_0261_V_JPG.rf.bcc412782d512ce0bfba862af5ed03dc_tile_0079.jpg,correct,Crop,Crop,0.6816667318344116,0.7095418322317179
DJI_20230614085415_0261_V_JPG.rf.bcc412782d512ce0bfba862af5ed03dc_tile_0080.jpg,correct,Crop,Crop,0.706236720085144,0.8713369608472279
DJI_20230614085415_0261_V_JPG.rf.bcc412782d512ce0bfba862af5ed03dc_tile_0080.jpg,correct,Crop,Crop,0.6586222648620605,0.7076307311892435
DJI_20230614085415_0261_V_JPG.rf.bcc412782d512ce0bfba862af5ed03dc_tile_0080.jpg,correct,Crop,Crop,0.594287097454071,0.5939243230417275
DJI_20230614085415_0261_V_JPG.rf.bcc412782d512ce0bfba862af5ed03dc_tile_0080.jpg,missed_crop,Crop,background,0.0,0.0
DJI_20230614085415_0261_V_JPG.rf.bcc412782d512ce0bfba862af5ed03dc_tile_0081.jpg,correct,Crop,Crop,0.6552537083625793,0.7585470831275449
DJI_20230614085415_0261_V_JPG.rf.bcc412782d512ce0bfba862af5ed03dc_tile_0081.jpg,missed_crop,Crop,background,0.0,0.0
DJI_20230614085415_0261_V_JPG.rf.bcc412782d512ce0bfba862af5ed03dc_tile_0081.jpg,missed_crop,Crop,background,0.0,0.0
DJI_20230614085415_0261_V_JPG.rf.bcc412782d512ce0bfba862af5ed03dc_tile_0081.jpg,false_positive,background,Crop,0.6259815096855164,0.0
DJI_20230614085415_0261_V_JPG.rf.bcc412782d512ce0bfba862af5ed03dc_tile_0082.jpg,correct,Crop,Crop,0.6037631630897522,0.8437068037433076
DJI_20230614085415_0261_V_JPG.rf.bcc412782d512ce0bfba862af5ed03dc_tile_0082.jpg,correct,Crop,Crop,0.6023768186569214,0.5496471085957902
DJI_20230614085415_0261_V_JPG.rf.bcc412782d512ce0bfba862af5ed03dc_tile_0083.jpg,correct,Crop,Crop,0.6908559203147888,0.8739302498433663
DJI_20230614085415_0261_V_JPG.rf.bcc412782d512ce0bfba862af5ed03dc_tile_0084.jpg,correct,Crop,Crop,0.617241382598877,0.6716450860830078
DJI_20230614085415_0261_V_JPG.rf.bcc412782d512ce0bfba862af5ed03dc_tile_0084.jpg,missed_crop,Crop,background,0.0,0.0
DJI_20230614085415_0261_V_JPG.rf.bcc412782d512ce0bfba862af5ed03dc_tile_0084.jpg,false_positive,background,Crop,0.68180912733078,0.0
DJI_20230614085415_0261_V_JPG.rf.bcc412782d512ce0bfba862af5ed03dc_tile_0085.jpg,correct,Crop,Crop,0.44577082991600037,0.6098084143555348
DJI_20230614085415_0261_V_JPG.rf.bcc412782d512ce0bfba862af5ed03dc_tile_0086.jpg,correct,Weed,Weed,0.4304228723049164,0.7365904748698469
DJI_20230614085415_0261_V_JPG.rf.bcc412782d512ce0bfba862af5ed03dc_tile_0086.jpg,correct,Crop,Crop,0.6808241009712219,0.6574753568098918
DJI_20230614085415_0261_V_JPG.rf.bcc412782d512ce0bfba862af5ed03dc_tile_0086.jpg,correct,Crop,Crop,0.6391175389289856,0.6206512294769404
DJI_20230614085415_0261_V_JPG.rf.bcc412782d512ce0bfba862af5ed03dc_tile_0086.jpg,missed_weed,Weed,background,0.0,0.0
DJI_20230614085415_0261_V_JPG.rf.bcc412782d512ce0bfba862af5ed03dc_tile_0086.jpg,false_positive,background,Crop,0.25943756103515625,0.0
DJI_20230614085415_0261_V_JPG.rf.bcc412782d512ce0bfba862af5ed03dc_tile_0087.jpg,correct,Crop,Crop,0.6092059016227722,0.8639318893697545
DJI_20230614085415_0261_V_JPG.rf.bcc412782d512ce0bfba862af5ed03dc_tile_0087.jpg,correct,Crop,Crop,0.2915039360523224,0.6438258107864611
DJI_20230614085415_0261_V_JPG.rf.bcc412782d512ce0bfba862af5ed03dc_tile_0087.jpg,false_positive,background,Crop,0.5226154923439026,0.0
DJI_20230614085415_0261_V_JPG.rf.bcc412782d512ce0bfba862af5ed03dc_tile_0088.jpg,correct,Crop,Crop,0.6090255975723267,0.8636033984768455
DJI_20230614085415_0261_V_JPG.rf.bcc412782d512ce0bfba862af5ed03dc_tile_0088.jpg,correct,Crop,Crop,0.2847362160682678,0.645376049831664
DJI_20230614085415_0261_V_JPG.rf.bcc412782d512ce0bfba862af5ed03dc_tile_0088.jpg,false_positive,background,Crop,0.5247309803962708,0.0
DJI_20230614085415_0261_V_JPG.rf.bcc412782d512ce0bfba862af5ed03dc_tile_0089.jpg,correct,Crop,Crop,0.5813150405883789,0.6778872011298945
DJI_20230614085415_0261_V_JPG.rf.bcc412782d512ce0bfba862af5ed03dc_tile_0091.jpg,correct,Crop,Crop,0.6091123223304749,0.8245749512155607
DJI_20230614085415_0261_V_JPG.rf.bcc412782d512ce0bfba862af5ed03dc_tile_0091.jpg,correct,Crop,Crop,0.5538517236709595,0.5522454874522552
DJI_20230614085415_0261_V_JPG.rf.bcc412782d512ce0bfba862af5ed03dc_tile_0091.jpg,false_positive,background,Crop,0.35224291682243347,0.0
DJI_20230614085415_0261_V_JPG.rf.bcc412782d512ce0bfba862af5ed03dc_tile_0092.jpg,correct,Crop,Crop,0.5090198516845703,0.9111063838149936
DJI_20230614085415_0261_V_JPG.rf.bcc412782d512ce0bfba862af5ed03dc_tile_0092.jpg,correct,Crop,Crop,0.6107756495475769,0.822650114191221
DJI_20230614085415_0261_V_JPG.rf.bcc412782d512ce0bfba862af5ed03dc_tile_0092.jpg,correct,Crop,Crop,0.56426602602005,0.5587330513168689
DJI_20230614085415_0261_V_JPG.rf.bcc412782d512ce0bfba862af5ed03dc_tile_0093.jpg,correct,Crop,Crop,0.49522796273231506,0.9232318256420924
DJI_20230614085415_0261_V_JPG.rf.bcc412782d512ce0bfba862af5ed03dc_tile_0093.jpg,correct,Crop,Crop,0.5185956954956055,0.6630353055224756
DJI_20230614085415_0261_V_JPG.rf.bcc412782d512ce0bfba862af5ed03dc_tile_0094.jpg,correct,Crop,Crop,0.7354981899261475,0.7239870659231162
DJI_20230614085415_0261_V_JPG.rf.bcc412782d512ce0bfba862af5ed03dc_tile_0095.jpg,correct,Crop,Crop,0.6097958087921143,0.5518336038592878
DJI_20230614085415_0261_V_JPG.rf.bcc412782d512ce0bfba862af5ed03dc_tile_0096.jpg,correct,Crop,Crop,0.6487367749214172,0.7604685099615585
DJI_20230614085415_0261_V_JPG.rf.bcc412782d512ce0bfba862af5ed03dc_tile_0097.jpg,correct,Weed,Weed,0.6051101684570312,0.8779749350816007
DJI_20230614085415_0261_V_JPG.rf.bcc412782d512ce0bfba862af5ed03dc_tile_0097.jpg,correct,Crop,Crop,0.3654160797595978,0.8340559720704515
DJI_20230614085415_0261_V_JPG.rf.bcc412782d512ce0bfba862af5ed03dc_tile_0097.jpg,correct,Crop,Crop,0.559596061706543,0.8171011756689388
DJI_20230614085415_0261_V_JPG.rf.bcc412782d512ce0bfba862af5ed03dc_tile_0097.jpg,missed_weed,Weed,background,0.0,0.0
DJI_20230614085415_0261_V_JPG.rf.bcc412782d512ce0bfba862af5ed03dc_tile_0097.jpg,missed_crop,Crop,background,0.0,0.0
DJI_20230614085415_0261_V_JPG.rf.bcc412782d512ce0bfba862af5ed03dc_tile_0097.jpg,false_positive,background,Crop,0.40031495690345764,0.0
DJI_20230614085415_0261_V_JPG.rf.bcc412782d512ce0bfba862af5ed03dc_tile_0097.jpg,false_positive,background,Crop,0.2625158131122589,0.0
DJI_20230614085415_0261_V_JPG.rf.bcc412782d512ce0bfba862af5ed03dc_tile_0098.jpg,correct,Crop,Crop,0.5924715995788574,0.585150160957126
DJI_20230614085415_0261_V_JPG.rf.bcc412782d512ce0bfba862af5ed03dc_tile_0098.jpg,correct,Crop,Crop,0.5844194293022156,0.5282677185485488
DJI_20230614085415_0261_V_JPG.rf.bcc412782d512ce0bfba862af5ed03dc_tile_0099.jpg,correct,Crop,Crop,0.5986625552177429,0.5847199468119063
DJI_20230614085415_0261_V_JPG.rf.bcc412782d512ce0bfba862af5ed03dc_tile_0099.jpg,correct,Crop,Crop,0.5874603390693665,0.5274753460251979
DJI_20230614085415_0261_V_JPG.rf.bcc412782d512ce0bfba862af5ed03dc_tile_0100.jpg,correct,Crop,Crop,0.6066270470619202,0.8569386679970473
DJI_20230614085415_0261_V_JPG.rf.bcc412782d512ce0bfba862af5ed03dc_tile_0100.jpg,correct,Crop,Crop,0.361197292804718,0.7582945400949855
DJI_20230614085415_0261_V_JPG.rf.bcc412782d512ce0bfba862af5ed03dc_tile_0100.jpg,missed_crop,Crop,background,0.0,0.0
DJI_20230614085415_0261_V_JPG.rf.bcc412782d512ce0bfba862af5ed03dc_tile_0100.jpg,false_positive,background,Crop,0.6415143609046936,0.0
DJI_20230614085415_0261_V_JPG.rf.bcc412782d512ce0bfba862af5ed03dc_tile_0101.jpg,correct,Crop,Crop,0.5617560744285583,0.719426222978096
DJI_20230614085415_0261_V_JPG.rf.bcc412782d512ce0bfba862af5ed03dc_tile_0101.jpg,correct,Crop,Crop,0.4182431697845459,0.5319310499038888
DJI_20230614085415_0261_V_JPG.rf.bcc412782d512ce0bfba862af5ed03dc_tile_0102.jpg,correct,Weed,Weed,0.4229629933834076,0.8588236894146296
DJI_20230614085415_0261_V_JPG.rf.bcc412782d512ce0bfba862af5ed03dc_tile_0102.jpg,correct,Crop,Crop,0.6452858448028564,0.8420014424116805
DJI_20230614085415_0261_V_JPG.rf.bcc412782d512ce0bfba862af5ed03dc_tile_0102.jpg,correct,Crop,Crop,0.5730271935462952,0.7184685882239038
DJI_20230614085415_0261_V_JPG.rf.bcc412782d512ce0bfba862af5ed03dc_tile_0102.jpg,correct,Crop,Crop,0.37394261360168457,0.6722576868087032
DJI_20230614085415_0261_V_JPG.rf.bcc412782d512ce0bfba862af5ed03dc_tile_0103.jpg,correct,Crop,Crop,0.6477910876274109,0.8375645046289446
DJI_20230614085415_0261_V_JPG.rf.bcc412782d512ce0bfba862af5ed03dc_tile_0103.jpg,correct,Crop,Crop,0.6075219511985779,0.7628516483192007
DJI_20230614085415_0261_V_JPG.rf.bcc412782d512ce0bfba862af5ed03dc_tile_0103.jpg,correct,Crop,Crop,0.4386729598045349,0.6680382988722112
DJI_20230614085415_0261_V_JPG.rf.bcc412782d512ce0bfba862af5ed03dc_tile_0104.jpg,correct,Crop,Crop,0.6147760152816772,0.7582728006706313
DJI_20230614085415_0261_V_JPG.rf.bcc412782d512ce0bfba862af5ed03dc_tile_0105.jpg,correct,Crop,Crop,0.7404724359512329,0.7177940286699094
DJI_20230614085415_0261_V_JPG.rf.bcc412782d512ce0bfba862af5ed03dc_tile_0106.jpg,correct,Crop,Crop,0.6725870966911316,0.8489037381356851
DJI_20230614085415_0261_V_JPG.rf.bcc412782d512ce0bfba862af5ed03dc_tile_0108.jpg,correct,Crop,Crop,0.6757587194442749,0.7521300372678985
DJI_20230614085415_0261_V_JPG.rf.bcc412782d512ce0bfba862af5ed03dc_tile_0109.jpg,false_positive,background,Crop,0.4249602258205414,0.0
DJI_20230614085415_0261_V_JPG.rf.bcc412782d512ce0bfba862af5ed03dc_tile_0111.jpg,correct,Crop,Crop,0.6799418926239014,0.8499918929058033
DJI_20230614085415_0261_V_JPG.rf.bcc412782d512ce0bfba862af5ed03dc_tile_0111.jpg,correct,Crop,Crop,0.3442753851413727,0.7407217691152409
DJI_20230614085415_0261_V_JPG.rf.bcc412782d512ce0bfba862af5ed03dc_tile_0111.jpg,missed_crop,Crop,background,0.0,0.0
DJI_20230614085415_0261_V_JPG.rf.bcc412782d512ce0bfba862af5ed03dc_tile_0111.jpg,false_positive,background,Crop,0.6436464190483093,0.0
DJI_20230614085415_0261_V_JPG.rf.bcc412782d512ce0bfba862af5ed03dc_tile_0112.jpg,correct,Crop,Crop,0.574354887008667,0.7115797468789709
DJI_20230614085415_0261_V_JPG.rf.bcc412782d512ce0bfba862af5ed03dc_tile_0112.jpg,correct,Crop,Crop,0.38988542556762695,0.5359614424821079
DJI_20230614085415_0261_V_JPG.rf.bcc412782d512ce0bfba862af5ed03dc_tile_0113.jpg,correct,Crop,Crop,0.6905573010444641,0.8438708340348089
DJI_20230614085415_0261_V_JPG.rf.bcc412782d512ce0bfba862af5ed03dc_tile_0113.jpg,weed_as_crop,Weed,Crop,0.41050490736961365,0.8333051433860692
DJI_20230614085415_0261_V_JPG.rf.bcc412782d512ce0bfba862af5ed03dc_tile_0113.jpg,correct,Crop,Crop,0.5793425440788269,0.705787038944618
DJI_20230614085415_0261_V_JPG.rf.bcc412782d512ce0bfba862af5ed03dc_tile_0113.jpg,correct,Crop,Crop,0.44732213020324707,0.6684283893444518
DJI_20230614085415_0261_V_JPG.rf.bcc412782d512ce0bfba862af5ed03dc_tile_0114.jpg,correct,Crop,Crop,0.6885269284248352,0.8411069530054475
DJI_20230614085415_0261_V_JPG.rf.bcc412782d512ce0bfba862af5ed03dc_tile_0114.jpg,correct,Crop,Crop,0.6190112233161926,0.7649975226478629
DJI_20230614085415_0261_V_JPG.rf.bcc412782d512ce0bfba862af5ed03dc_tile_0114.jpg,correct,Crop,Crop,0.47464069724082947,0.6646343221117996
DJI_20230614085415_0261_V_JPG.rf.bcc412782d512ce0bfba862af5ed03dc_tile_0115.jpg,correct,Crop,Crop,0.6388557553291321,0.7586104714159836
DJI_20230614085415_0261_V_JPG.rf.bcc412782d512ce0bfba862af5ed03dc_tile_0116.jpg,correct,Crop,Crop,0.7060099244117737,0.7512162767356733
DJI_20230614085415_0261_V_JPG.rf.bcc412782d512ce0bfba862af5ed03dc_tile_0117.jpg,correct,Crop,Crop,0.6746909022331238,0.8633054125625556
DJI_20230614085435_0271_V_JPG.rf.d77841907a871194186ae58b76e01e6b_tile_0003.jpg,correct,Weed,Weed,0.5104240775108337,0.8608441393832875
DJI_20230614085435_0271_V_JPG.rf.d77841907a871194186ae58b76e01e6b_tile_0003.jpg,correct,Crop,Crop,0.49933362007141113,0.6933627457964822
DJI_20230614085435_0271_V_JPG.rf.d77841907a871194186ae58b76e01e6b_tile_0003.jpg,false_positive,background,Weed,0.5548836588859558,0.0
DJI_20230614085435_0271_V_JPG.rf.d77841907a871194186ae58b76e01e6b_tile_0003.jpg,false_positive,background,Weed,0.4383608400821686,0.0
DJI_20230614085435_0271_V_JPG.rf.d77841907a871194186ae58b76e01e6b_tile_0003.jpg,false_positive,background,Weed,0.3991895616054535,0.0
DJI_20230614085435_0271_V_JPG.rf.d77841907a871194186ae58b76e01e6b_tile_0004.jpg,correct,Weed,Weed,0.301059752702713,0.790172892957225
DJI_20230614085435_0271_V_JPG.rf.d77841907a871194186ae58b76e01e6b_tile_0004.jpg,missed_crop,Crop,background,0.0,0.0
DJI_20230614085435_0271_V_JPG.rf.d77841907a871194186ae58b76e01e6b_tile_0004.jpg,false_positive,background,Crop,0.5588896870613098,0.0
DJI_20230614085435_0271_V_JPG.rf.d77841907a871194186ae58b76e01e6b_tile_0004.jpg,false_positive,background,Weed,0.3307451605796814,0.0
DJI_20230614085435_0271_V_JPG.rf.d77841907a871194186ae58b76e01e6b_tile_0004.jpg,false_positive,background,Weed,0.3222561776638031,0.0
DJI_20230614085435_0271_V_JPG.rf.d77841907a871194186ae58b76e01e6b_tile_0004.jpg,false_positive,background,Weed,0.31022268533706665,0.0
DJI_20230614085435_0271_V_JPG.rf.d77841907a871194186ae58b76e01e6b_tile_0005.jpg,correct,Crop,Crop,0.6121194958686829,0.7685015663068938
DJI_20230614085435_0271_V_JPG.rf.d77841907a871194186ae58b76e01e6b_tile_0005.jpg,correct,Crop,Crop,0.5880158543586731,0.5975216954395657
DJI_20230614085435_0271_V_JPG.rf.d77841907a871194186ae58b76e01e6b_tile_0007.jpg,correct,Crop,Crop,0.7229180335998535,0.7413675455124211
DJI_20230614085435_0271_V_JPG.rf.d77841907a871194186ae58b76e01e6b_tile_0007.jpg,false_positive,background,Crop,0.34862738847732544,0.0
DJI_20230614085435_0271_V_JPG.rf.d77841907a871194186ae58b76e01e6b_tile_0007.jpg,false_positive,background,Weed,0.29540011286735535,0.0
DJI_20230614085435_0271_V_JPG.rf.d77841907a871194186ae58b76e01e6b_tile_0008.jpg,correct,Weed,Weed,0.770914614200592,0.8090492853926928
DJI_20230614085435_0271_V_JPG.rf.d77841907a871194186ae58b76e01e6b_tile_0008.jpg,false_positive,background,Crop,0.6380216479301453,0.0
DJI_20230614085435_0271_V_JPG.rf.d77841907a871194186ae58b76e01e6b_tile_0008.jpg,false_positive,background,Crop,0.26199015974998474,0.0
DJI_20230614085435_0271_V_JPG.rf.d77841907a871194186ae58b76e01e6b_tile_0009.jpg,correct,Weed,Weed,0.7347255945205688,0.824845044558826
DJI_20230614085435_0271_V_JPG.rf.d77841907a871194186ae58b76e01e6b_tile_0009.jpg,correct,Weed,Weed,0.7144887447357178,0.671283576726093
DJI_20230614085435_0271_V_JPG.rf.d77841907a871194186ae58b76e01e6b_tile_0012.jpg,correct,Crop,Crop,0.4120538830757141,0.8194726212983168
DJI_20230614085435_0271_V_JPG.rf.d77841907a871194186ae58b76e01e6b_tile_0013.jpg,correct,Crop,Crop,0.609992504119873,0.8344679556160087
DJI_20230614085435_0271_V_JPG.rf.d77841907a871194186ae58b76e01e6b_tile_0013.jpg,correct,Crop,Crop,0.555530846118927,0.6967391365899286
DJI_20230614085435_0271_V_JPG.rf.d77841907a871194186ae58b76e01e6b_tile_0013.jpg,correct,Crop,Crop,0.3472631573677063,0.6171066649540086
DJI_20230614085435_0271_V_JPG.rf.d77841907a871194186ae58b76e01e6b_tile_0014.jpg,correct,Weed,Weed,0.5288257002830505,0.75043815180593
DJI_20230614085435_0271_V_JPG.rf.d77841907a871194186ae58b76e01e6b_tile_0014.jpg,correct,Crop,Crop,0.4826068878173828,0.6255062790419728
DJI_20230614085435_0271_V_JPG.rf.d77841907a871194186ae58b76e01e6b_tile_0014.jpg,correct,Weed,Weed,0.6068787574768066,0.6144755492452332
DJI_20230614085435_0271_V_JPG.rf.d77841907a871194186ae58b76e01e6b_tile_0014.jpg,missed_crop,Crop,background,0.0,0.0
DJI_20230614085435_0271_V_JPG.rf.d77841907a871194186ae58b76e01e6b_tile_0015.jpg,correct,Crop,Crop,0.44688713550567627,0.7985174387237963
DJI_20230614085435_0271_V_JPG.rf.d77841907a871194186ae58b76e01e6b_tile_0015.jpg,correct,Weed,Weed,0.4571959674358368,0.7727435029292492
DJI_20230614085435_0271_V_JPG.rf.d77841907a871194186ae58b76e01e6b_tile_0015.jpg,correct,Weed,Weed,0.2771863639354706,0.6534612034690725
DJI_20230614085435_0271_V_JPG.rf.d77841907a871194186ae58b76e01e6b_tile_0015.jpg,false_positive,background,Weed,0.5881630182266235,0.0
DJI_20230614085435_0271_V_JPG.rf.d77841907a871194186ae58b76e01e6b_tile_0016.jpg,correct,Crop,Crop,0.39862725138664246,0.7753667819686859
DJI_20230614085435_0271_V_JPG.rf.d77841907a871194186ae58b76e01e6b_tile_0017.jpg,correct,Crop,Crop,0.6890771985054016,0.7393702543392703
DJI_20230614085435_0271_V_JPG.rf.d77841907a871194186ae58b76e01e6b_tile_0017.jpg,correct,Crop,Crop,0.7307749390602112,0.6840678726352579
DJI_20230614085435_0271_V_JPG.rf.d77841907a871194186ae58b76e01e6b_tile_0017.jpg,false_positive,background,Crop,0.25536414980888367,0.0
DJI_20230614085435_0271_V_JPG.rf.d77841907a871194186ae58b76e01e6b_tile_0018.jpg,correct,Crop,Crop,0.731687605381012,0.679225196686463
DJI_20230614085435_0271_V_JPG.rf.d77841907a871194186ae58b76e01e6b_tile_0018.jpg,correct,Crop,Crop,0.6117746233940125,0.6773973532864254
DJI_20230614085435_0271_V_JPG.rf.d77841907a871194186ae58b76e01e6b_tile_0018.jpg,correct,Crop,Crop,0.5428571105003357,0.671817537880261
DJI_20230614085435_0271_V_JPG.rf.d77841907a871194186ae58b76e01e6b_tile_0018.jpg,false_positive,background,Crop,0.47938835620880127,0.0
DJI_20230614085435_0271_V_JPG.rf.d77841907a871194186ae58b76e01e6b_tile_0019.jpg,correct,Crop,Crop,0.6830721497535706,0.814203175910088
DJI_20230614085435_0271_V_JPG.rf.d77841907a871194186ae58b76e01e6b_tile_0019.jpg,correct,Crop,Crop,0.643467366695404,0.6728144446366523
DJI_20230614085435_0271_V_JPG.rf.d77841907a871194186ae58b76e01e6b_tile_0020.jpg,correct,Crop,Crop,0.6167027354240417,0.7746540786995562
DJI_20230614085435_0271_V_JPG.rf.d77841907a871194186ae58b76e01e6b_tile_0020.jpg,correct,Crop,Crop,0.4786050319671631,0.6983865557116552
DJI_20230614085435_0271_V_JPG.rf.d77841907a871194186ae58b76e01e6b_tile_0023.jpg,correct,Crop,Crop,0.49548959732055664,0.8227135012866763
DJI_20230614085435_0271_V_JPG.rf.d77841907a871194186ae58b76e01e6b_tile_0023.jpg,correct,Crop,Crop,0.6463412046432495,0.7892347652864413
DJI_20230614085435_0271_V_JPG.rf.d77841907a871194186ae58b76e01e6b_tile_0023.jpg,correct,Weed,Weed,0.5832107663154602,0.7768187549140338
DJI_20230614085435_0271_V_JPG.rf.d77841907a871194186ae58b76e01e6b_tile_0024.jpg,correct,Crop,Crop,0.5148868560791016,0.7916748061502333
DJI_20230614085435_0271_V_JPG.rf.d77841907a871194186ae58b76e01e6b_tile_0024.jpg,correct,Weed,Weed,0.5954641103744507,0.7783372586503535
DJI_20230614085435_0271_V_JPG.rf.d77841907a871194186ae58b76e01e6b_tile_0024.jpg,correct,Crop,Crop,0.4601059854030609,0.6789202368207272
DJI_20230614085435_0271_V_JPG.rf.d77841907a871194186ae58b76e01e6b_tile_0024.jpg,correct,Crop,Crop,0.28758499026298523,0.5322432518353364
DJI_20230614085435_0271_V_JPG.rf.d77841907a871194186ae58b76e01e6b_tile_0025.jpg,correct,Crop,Crop,0.4765896499156952,0.6260830301216289
DJI_20230614085435_0271_V_JPG.rf.d77841907a871194186ae58b76e01e6b_tile_0026.jpg,correct,Crop,Crop,0.6557503342628479,0.8515098472549848
DJI_20230614085435_0271_V_JPG.rf.d77841907a871194186ae58b76e01e6b_tile_0026.jpg,correct,Crop,Crop,0.6383959650993347,0.6559319635274318
DJI_20230614085435_0271_V_JPG.rf.d77841907a871194186ae58b76e01e6b_tile_0027.jpg,correct,Crop,Crop,0.513685405254364,0.5519846246143711
DJI_20230614085435_0271_V_JPG.rf.d77841907a871194186ae58b76e01e6b_tile_0028.jpg,correct,Crop,Crop,0.5450454354286194,0.7669176411634285
DJI_20230614085435_0271_V_JPG.rf.d77841907a871194186ae58b76e01e6b_tile_0028.jpg,correct,Crop,Crop,0.7467437982559204,0.67834633266318
DJI_20230614085435_0271_V_JPG.rf.d77841907a871194186ae58b76e01e6b_tile_0028.jpg,missed_crop,Crop,background,0.0,0.0
DJI_20230614085435_0271_V_JPG.rf.d77841907a871194186ae58b76e01e6b_tile_0029.jpg,correct,Crop,Crop,0.36038485169410706,0.8055860240835286
DJI_20230614085435_0271_V_JPG.rf.d77841907a871194186ae58b76e01e6b_tile_0029.jpg,correct,Crop,Crop,0.5372073650360107,0.7688588372647657
DJI_20230614085435_0271_V_JPG.rf.d77841907a871194186ae58b76e01e6b_tile_0029.jpg,correct,Crop,Crop,0.7510572075843811,0.6755164933475226
DJI_20230614085435_0271_V_JPG.rf.d77841907a871194186ae58b76e01e6b_tile_0029.jpg,missed_crop,Crop,background,0.0,0.0
DJI_20230614085435_0271_V_JPG.rf.d77841907a871194186ae58b76e01e6b_tile_0029.jpg,false_positive,background,Crop,0.5907490253448486,0.0
DJI_20230614085435_0271_V_JPG.rf.d77841907a871194186ae58b76e01e6b_tile_0029.jpg,false_positive,background,Crop,0.32177773118019104,0.0
DJI_20230614085435_0271_V_JPG.rf.d77841907a871194186ae58b76e01e6b_tile_0030.jpg,correct,Crop,Crop,0.6866538524627686,0.8715582876769625
DJI_20230614085435_0271_V_JPG.rf.d77841907a871194186ae58b76e01e6b_tile_0030.jpg,correct,Crop,Crop,0.47955411672592163,0.8083008791600129
DJI_20230614085435_0271_V_JPG.rf.d77841907a871194186ae58b76e01e6b_tile_0030.jpg,missed_crop,Crop,background,0.0,0.0
DJI_20230614085435_0271_V_JPG.rf.d77841907a871194186ae58b76e01e6b_tile_0030.jpg,false_positive,background,Crop,0.5946505665779114,0.0
DJI_20230614085435_0271_V_JPG.rf.d77841907a871194186ae58b76e01e6b_tile_0030.jpg,false_positive,background,Crop,0.3346409499645233,0.0
DJI_20230614085435_0271_V_JPG.rf.d77841907a871194186ae58b76e01e6b_tile_0031.jpg,correct,Crop,Crop,0.6637439131736755,0.8475175452916218
DJI_20230614085435_0271_V_JPG.rf.d77841907a871194186ae58b76e01e6b_tile_0031.jpg,correct,Crop,Crop,0.6201598048210144,0.8340551901361399
DJI_20230614085435_0271_V_JPG.rf.d77841907a871194186ae58b76e01e6b_tile_0031.jpg,correct,Crop,Crop,0.3078010082244873,0.7278173635499899
DJI_20230614085435_0271_V_JPG.rf.d77841907a871194186ae58b76e01e6b_tile_0031.jpg,missed_crop,Crop,background,0.0,0.0
DJI_20230614085435_0271_V_JPG.rf.d77841907a871194186ae58b76e01e6b_tile_0031.jpg,false_positive,background,Weed,0.3487222194671631,0.0
DJI_20230614085435_0271_V_JPG.rf.d77841907a871194186ae58b76e01e6b_tile_0032.jpg,correct,Crop,Crop,0.49694663286209106,0.9067716876853806
DJI_20230614085435_0271_V_JPG.rf.d77841907a871194186ae58b76e01e6b_tile_0032.jpg,correct,Crop,Crop,0.33730170130729675,0.7457082080255522
DJI_20230614085435_0271_V_JPG.rf.d77841907a871194186ae58b76e01e6b_tile_0032.jpg,false_positive,background,Weed,0.39095407724380493,0.0
DJI_20230614085435_0271_V_JPG.rf.d77841907a871194186ae58b76e01e6b_tile_0033.jpg,correct,Crop,Crop,0.508134126663208,0.9047748701674464
DJI_20230614085435_0271_V_JPG.rf.d77841907a871194186ae58b76e01e6b_tile_0033.jpg,correct,Crop,Crop,0.3441055417060852,0.7549899505900327
DJI_20230614085435_0271_V_JPG.rf.d77841907a871194186ae58b76e01e6b_tile_0033.jpg,false_positive,background,Weed,0.2798176407814026,0.0
DJI_20230614085435_0271_V_JPG.rf.d77841907a871194186ae58b76e01e6b_tile_0034.jpg,correct,Crop,Crop,0.6635814905166626,0.7621718831438993
DJI_20230614085435_0271_V_JPG.rf.d77841907a871194186ae58b76e01e6b_tile_0034.jpg,correct,Crop,Crop,0.6793876886367798,0.7271662249236678
DJI_20230614085435_0271_V_JPG.rf.d77841907a871194186ae58b76e01e6b_tile_0035.jpg,correct,Crop,Crop,0.2601727843284607,0.5483508647911454
DJI_20230614085435_0271_V_JPG.rf.d77841907a871194186ae58b76e01e6b_tile_0036.jpg,correct,Crop,Crop,0.6493786573410034,0.8199318351789399
DJI_20230614085435_0271_V_JPG.rf.d77841907a871194186ae58b76e01e6b_tile_0036.jpg,missed_weed,Weed,background,0.0,0.0
DJI_20230614085435_0271_V_JPG.rf.d77841907a871194186ae58b76e01e6b_tile_0037.jpg,correct,Crop,Crop,0.5380160212516785,0.6849968000198334
DJI_20230614085435_0271_V_JPG.rf.d77841907a871194186ae58b76e01e6b_tile_0037.jpg,missed_weed,Weed,background,0.0,0.0
DJI_20230614085435_0271_V_JPG.rf.d77841907a871194186ae58b76e01e6b_tile_0039.jpg,correct,Crop,Crop,0.658172070980072,0.5868705815735482
DJI_20230614085435_0271_V_JPG.rf.d77841907a871194186ae58b76e01e6b_tile_0039.jpg,missed_crop,Crop,background,0.0,0.0
DJI_20230614085435_0271_V_JPG.rf.d77841907a871194186ae58b76e01e6b_tile_0040.jpg,correct,Crop,Crop,0.7201322913169861,0.7641346458998645
DJI_20230614085435_0271_V_JPG.rf.d77841907a871194186ae58b76e01e6b_tile_0040.jpg,correct,Crop,Crop,0.5820586085319519,0.7072176282418473
DJI_20230614085435_0271_V_JPG.rf.d77841907a871194186ae58b76e01e6b_tile_0040.jpg,correct,Crop,Crop,0.7204661965370178,0.6756672771505036
DJI_20230614085435_0271_V_JPG.rf.d77841907a871194186ae58b76e01e6b_tile_0040.jpg,missed_crop,Crop,background,0.0,0.0
DJI_20230614085435_0271_V_JPG.rf.d77841907a871194186ae58b76e01e6b_tile_0041.jpg,correct,Crop,Crop,0.2981647551059723,0.8012414647894163
DJI_20230614085435_0271_V_JPG.rf.d77841907a871194186ae58b76e01e6b_tile_0041.jpg,correct,Crop,Crop,0.7341424226760864,0.7878453475457895
DJI_20230614085435_0271_V_JPG.rf.d77841907a871194186ae58b76e01e6b_tile_0041.jpg,correct,Crop,Crop,0.7139897346496582,0.6901275894559249
DJI_20230614085435_0271_V_JPG.rf.d77841907a871194186ae58b76e01e6b_tile_0042.jpg,correct,Crop,Crop,0.3850764334201813,0.9275790192798726
DJI_20230614085435_0271_V_JPG.rf.d77841907a871194186ae58b76e01e6b_tile_0042.jpg,correct,Weed,Weed,0.7298100590705872,0.8418849574406193
DJI_20230614085435_0271_V_JPG.rf.d77841907a871194186ae58b76e01e6b_tile_0042.jpg,correct,Crop,Crop,0.39344486594200134,0.7823575418208941
DJI_20230614085435_0271_V_JPG.rf.d77841907a871194186ae58b76e01e6b_tile_0042.jpg,correct,Crop,Crop,0.35779669880867004,0.7572800089375646
DJI_20230614085435_0271_V_JPG.rf.d77841907a871194186ae58b76e01e6b_tile_0042.jpg,false_positive,background,Crop,0.28521034121513367,0.0
DJI_20230614085435_0271_V_JPG.rf.d77841907a871194186ae58b76e01e6b_tile_0043.jpg,correct,Crop,Crop,0.36953991651535034,0.909110471708649
DJI_20230614085435_0271_V_JPG.rf.d77841907a871194186ae58b76e01e6b_tile_0043.jpg,correct,Weed,Weed,0.7338746786117554,0.847568904356626
DJI_20230614085435_0271_V_JPG.rf.d77841907a871194186ae58b76e01e6b_tile_0043.jpg,correct,Weed,Weed,0.7747035622596741,0.7756524007469026
DJI_20230614085435_0271_V_JPG.rf.d77841907a871194186ae58b76e01e6b_tile_0043.jpg,correct,Crop,Crop,0.3785591423511505,0.7625691752580993
DJI_20230614085435_0271_V_JPG.rf.d77841907a871194186ae58b76e01e6b_tile_0043.jpg,false_positive,background,Crop,0.32080498337745667,0.0
DJI_20230614085435_0271_V_JPG.rf.d77841907a871194186ae58b76e01e6b_tile_0044.jpg,correct,Crop,Crop,0.40114423632621765,0.9370103007453716
DJI_20230614085435_0271_V_JPG.rf.d77841907a871194186ae58b76e01e6b_tile_0044.jpg,correct,Weed,Weed,0.7729127407073975,0.7765983245626067
DJI_20230614085435_0271_V_JPG.rf.d77841907a871194186ae58b76e01e6b_tile_0044.jpg,correct,Crop,Crop,0.37929239869117737,0.7590474884483135
DJI_20230614085435_0271_V_JPG.rf.d77841907a871194186ae58b76e01e6b_tile_0044.jpg,correct,Weed,Weed,0.6423001289367676,0.6432000127911728
DJI_20230614085435_0271_V_JPG.rf.d77841907a871194186ae58b76e01e6b_tile_0044.jpg,false_positive,background,Crop,0.31211647391319275,0.0
DJI_20230614085435_0271_V_JPG.rf.d77841907a871194186ae58b76e01e6b_tile_0045.jpg,correct,Crop,Crop,0.5760322213172913,0.7974188248350588
DJI_20230614085435_0271_V_JPG.rf.d77841907a871194186ae58b76e01e6b_tile_0045.jpg,correct,Crop,Crop,0.6889429688453674,0.747314071649314
DJI_20230614085435_0271_V_JPG.rf.d77841907a871194186ae58b76e01e6b_tile_0045.jpg,false_positive,background,Crop,0.4015635550022125,0.0
DJI_20230614085435_0271_V_JPG.rf.d77841907a871194186ae58b76e01e6b_tile_0046.jpg,correct,Crop,Crop,0.3613622486591339,0.6904511156467438
DJI_20230614085435_0271_V_JPG.rf.d77841907a871194186ae58b76e01e6b_tile_0046.jpg,correct,Crop,Crop,0.5177885293960571,0.518858463022169
DJI_20230614085435_0271_V_JPG.rf.d77841907a871194186ae58b76e01e6b_tile_0046.jpg,false_positive,background,Weed,0.27954912185668945,0.0
DJI_20230614085435_0271_V_JPG.rf.d77841907a871194186ae58b76e01e6b_tile_0047.jpg,correct,Weed,Weed,0.32091179490089417,0.9037756472374506
DJI_20230614085435_0271_V_JPG.rf.d77841907a871194186ae58b76e01e6b_tile_0047.jpg,correct,Crop,Crop,0.5591990947723389,0.8655360027507137
DJI_20230614085435_0271_V_JPG.rf.d77841907a871194186ae58b76e01e6b_tile_0048.jpg,correct,Weed,Weed,0.2643943428993225,0.8672451608810512
DJI_20230614085435_0271_V_JPG.rf.d77841907a871194186ae58b76e01e6b_tile_0048.jpg,correct,Weed,Weed,0.7219417691230774,0.7023369349701132
DJI_20230614085435_0271_V_JPG.rf.d77841907a871194186ae58b76e01e6b_tile_0048.jpg,correct,Crop,Crop,0.4380580186843872,0.6373966081561718
DJI_20230614085435_0271_V_JPG.rf.d77841907a871194186ae58b76e01e6b_tile_0048.jpg,missed_crop,Crop,background,0.0,0.0
DJI_20230614085435_0271_V_JPG.rf.d77841907a871194186ae58b76e01e6b_tile_0050.jpg,correct,Crop,Crop,0.7070010900497437,0.9087240533365872
DJI_20230614085435_0271_V_JPG.rf.d77841907a871194186ae58b76e01e6b_tile_0050.jpg,correct,Crop,Crop,0.7288199067115784,0.8659300071375112
DJI_20230614085435_0271_V_JPG.rf.d77841907a871194186ae58b76e01e6b_tile_0051.jpg,correct,Crop,Crop,0.6085379719734192,0.7778223773632761
DJI_20230614085435_0271_V_JPG.rf.d77841907a871194186ae58b76e01e6b_tile_0051.jpg,missed_crop,Crop,background,0.0,0.0
DJI_20230614085435_0271_V_JPG.rf.d77841907a871194186ae58b76e01e6b_tile_0051.jpg,false_positive,background,Crop,0.6574585437774658,0.0
DJI_20230614085435_0271_V_JPG.rf.d77841907a871194186ae58b76e01e6b_tile_0052.jpg,correct,Crop,Crop,0.7557213306427002,0.8125803298982143
DJI_20230614085435_0271_V_JPG.rf.d77841907a871194186ae58b76e01e6b_tile_0052.jpg,correct,Crop,Crop,0.6758673787117004,0.7622083324345831
DJI_20230614085435_0271_V_JPG.rf.d77841907a871194186ae58b76e01e6b_tile_0053.jpg,correct,Crop,Crop,0.6909104585647583,0.9032885266171273
DJI_20230614085435_0271_V_JPG.rf.d77841907a871194186ae58b76e01e6b_tile_0053.jpg,correct,Crop,Crop,0.6970874071121216,0.7939418978442853
DJI_20230614085435_0271_V_JPG.rf.d77841907a871194186ae58b76e01e6b_tile_0053.jpg,correct,Crop,Crop,0.5610398054122925,0.6628131449885877
DJI_20230614085435_0271_V_JPG.rf.d77841907a871194186ae58b76e01e6b_tile_0054.jpg,correct,Crop,Crop,0.6859962940216064,0.9064618311575058
DJI_20230614085435_0271_V_JPG.rf.d77841907a871194186ae58b76e01e6b_tile_0054.jpg,correct,Crop,Crop,0.26656287908554077,0.6042686987768243
DJI_20230614085435_0271_V_JPG.rf.d77841907a871194186ae58b76e01e6b_tile_0055.jpg,correct,Crop,Crop,0.6382502317428589,0.7524873493510899
DJI_20230614085435_0271_V_JPG.rf.d77841907a871194186ae58b76e01e6b_tile_0056.jpg,correct,Crop,Crop,0.3174171447753906,0.5914156871518164
DJI_20230614085435_0271_V_JPG.rf.d77841907a871194186ae58b76e01e6b_tile_0057.jpg,correct,Crop,Crop,0.5161767601966858,0.6710312995695554
DJI_20230614085435_0271_V_JPG.rf.d77841907a871194186ae58b76e01e6b_tile_0057.jpg,correct,Crop,Crop,0.503656804561615,0.5161247191649683
DJI_20230614085435_0271_V_JPG.rf.d77841907a871194186ae58b76e01e6b_tile_0059.jpg,correct,Crop,Crop,0.6180517077445984,0.6888161304435563
DJI_20230614085435_0271_V_JPG.rf.d77841907a871194186ae58b76e01e6b_tile_0059.jpg,correct,Weed,Weed,0.4074786901473999,0.6771146228329837
DJI_20230614085435_0271_V_JPG.rf.d77841907a871194186ae58b76e01e6b_tile_0059.jpg,missed_crop,Crop,background,0.0,0.0
DJI_20230614085435_0271_V_JPG.rf.d77841907a871194186ae58b76e01e6b_tile_0060.jpg,false_positive,background,Crop,0.4263834059238434,0.0
DJI_20230614085435_0271_V_JPG.rf.d77841907a871194186ae58b76e01e6b_tile_0061.jpg,correct,Crop,Crop,0.7378767132759094,0.7745607801506382
DJI_20230614085435_0271_V_JPG.rf.d77841907a871194186ae58b76e01e6b_tile_0061.jpg,correct,Crop,Crop,0.7218953967094421,0.6899977545164601
DJI_20230614085435_0271_V_JPG.rf.d77841907a871194186ae58b76e01e6b_tile_0062.jpg,correct,Crop,Crop,0.7441642880439758,0.8475020019203803
DJI_20230614085435_0271_V_JPG.rf.d77841907a871194186ae58b76e01e6b_tile_0064.jpg,correct,Crop,Crop,0.3257942795753479,0.8342621119167164
DJI_20230614085435_0271_V_JPG.rf.d77841907a871194186ae58b76e01e6b_tile_0064.jpg,missed_crop,Crop,background,0.0,0.0
DJI_20230614085435_0271_V_JPG.rf.d77841907a871194186ae58b76e01e6b_tile_0064.jpg,false_positive,background,Weed,0.4384755790233612,0.0
DJI_20230614085435_0271_V_JPG.rf.d77841907a871194186ae58b76e01e6b_tile_0064.jpg,false_positive,background,Crop,0.39992332458496094,0.0
DJI_20230614085435_0271_V_JPG.rf.d77841907a871194186ae58b76e01e6b_tile_0065.jpg,correct,Crop,Crop,0.5543712973594666,0.7900554098240972
DJI_20230614085435_0271_V_JPG.rf.d77841907a871194186ae58b76e01e6b_tile_0066.jpg,correct,Crop,Crop,0.4748948812484741,0.6860507286196096
DJI_20230614085435_0271_V_JPG.rf.d77841907a871194186ae58b76e01e6b_tile_0067.jpg,correct,Crop,Crop,0.3227209746837616,0.606870991217152
DJI_20230614085435_0271_V_JPG.rf.d77841907a871194186ae58b76e01e6b_tile_0067.jpg,false_positive,background,Crop,0.31784844398498535,0.0
DJI_20230614085435_0271_V_JPG.rf.d77841907a871194186ae58b76e01e6b_tile_0068.jpg,correct,Crop,Crop,0.34078720211982727,0.5984358022161927
DJI_20230614085435_0271_V_JPG.rf.d77841907a871194186ae58b76e01e6b_tile_0068.jpg,false_positive,background,Crop,0.3253314197063446,0.0
DJI_20230614085435_0271_V_JPG.rf.d77841907a871194186ae58b76e01e6b_tile_0069.jpg,false_positive,background,Crop,0.4025590717792511,0.0
DJI_20230614085435_0271_V_JPG.rf.d77841907a871194186ae58b76e01e6b_tile_0070.jpg,correct,Crop,Crop,0.5902577638626099,0.7947773673928753
DJI_20230614085435_0271_V_JPG.rf.d77841907a871194186ae58b76e01e6b_tile_0070.jpg,correct,Crop,Crop,0.6318949460983276,0.7711336627469813
DJI_20230614085435_0271_V_JPG.rf.d77841907a871194186ae58b76e01e6b_tile_0071.jpg,false_positive,background,Weed,0.48797672986984253,0.0
DJI_20230614085435_0271_V_JPG.rf.d77841907a871194186ae58b76e01e6b_tile_0071.jpg,false_positive,background,Crop,0.445110946893692,0.0
DJI_20230614085435_0271_V_JPG.rf.d77841907a871194186ae58b76e01e6b_tile_0072.jpg,correct,Crop,Crop,0.5262359380722046,0.7822502500801477
DJI_20230614085435_0271_V_JPG.rf.d77841907a871194186ae58b76e01e6b_tile_0072.jpg,correct,Crop,Crop,0.7370458245277405,0.5888049360271463
DJI_20230614085435_0271_V_JPG.rf.d77841907a871194186ae58b76e01e6b_tile_0073.jpg,correct,Crop,Crop,0.34379327297210693,0.7632014883421014
DJI_20230614085435_0271_V_JPG.rf.d77841907a871194186ae58b76e01e6b_tile_0074.jpg,correct,Weed,Weed,0.7163949608802795,0.761841801783482
DJI_20230614085435_0271_V_JPG.rf.d77841907a871194186ae58b76e01e6b_tile_0074.jpg,correct,Crop,Crop,0.7095628380775452,0.6571211934399352
DJI_20230614085435_0271_V_JPG.rf.d77841907a871194186ae58b76e01e6b_tile_0075.jpg,correct,Crop,Crop,0.6893244385719299,0.83884389544449
DJI_20230614085435_0271_V_JPG.rf.d77841907a871194186ae58b76e01e6b_tile_0075.jpg,missed_weed,Weed,background,0.0,0.0
DJI_20230614085435_0271_V_JPG.rf.d77841907a871194186ae58b76e01e6b_tile_0076.jpg,correct,Crop,Crop,0.5766711831092834,0.8381949151879793
DJI_20230614085435_0271_V_JPG.rf.d77841907a871194186ae58b76e01e6b_tile_0077.jpg,correct,Crop,Crop,0.5122538208961487,0.7154714661605648
DJI_20230614085435_0271_V_JPG.rf.d77841907a871194186ae58b76e01e6b_tile_0078.jpg,correct,Crop,Crop,0.4060659110546112,0.7691421488750579
DJI_20230614085435_0271_V_JPG.rf.d77841907a871194186ae58b76e01e6b_tile_0078.jpg,correct,Crop,Crop,0.33901870250701904,0.6091828656706465
DJI_20230614085435_0271_V_JPG.rf.d77841907a871194186ae58b76e01e6b_tile_0078.jpg,false_positive,background,Crop,0.2948492765426636,0.0
DJI_20230614085435_0271_V_JPG.rf.d77841907a871194186ae58b76e01e6b_tile_0079.jpg,correct,Crop,Crop,0.3539116084575653,0.8079586740193155
DJI_20230614085435_0271_V_JPG.rf.d77841907a871194186ae58b76e01e6b_tile_0079.jpg,correct,Crop,Crop,0.38547247648239136,0.5962973489496929
DJI_20230614085435_0271_V_JPG.rf.d77841907a871194186ae58b76e01e6b_tile_0079.jpg,false_positive,background,Crop,0.3229670822620392,0.0
DJI_20230614085435_0271_V_JPG.rf.d77841907a871194186ae58b76e01e6b_tile_0080.jpg,correct,Crop,Crop,0.33508169651031494,0.7165979176864119
DJI_20230614085435_0271_V_JPG.rf.d77841907a871194186ae58b76e01e6b_tile_0081.jpg,correct,Crop,Crop,0.33190128207206726,0.7299184893345284
DJI_20230614085435_0271_V_JPG.rf.d77841907a871194186ae58b76e01e6b_tile_0082.jpg,false_positive,background,Crop,0.605323851108551,0.0
DJI_20230614085435_0271_V_JPG.rf.d77841907a871194186ae58b76e01e6b_tile_0082.jpg,false_positive,background,Weed,0.4449838697910309,0.0
DJI_20230614085435_0271_V_JPG.rf.d77841907a871194186ae58b76e01e6b_tile_0083.jpg,correct,Crop,Crop,0.6012892723083496,0.8534654695120233
DJI_20230614085435_0271_V_JPG.rf.d77841907a871194186ae58b76e01e6b_tile_0083.jpg,correct,Crop,Crop,0.6649281978607178,0.8017577469774093
DJI_20230614085435_0271_V_JPG.rf.d77841907a871194186ae58b76e01e6b_tile_0084.jpg,correct,Crop,Crop,0.7429662942886353,0.7502299951564034
DJI_20230614085435_0271_V_JPG.rf.d77841907a871194186ae58b76e01e6b_tile_0084.jpg,false_positive,background,Weed,0.2853168249130249,0.0
DJI_20230614085435_0271_V_JPG.rf.d77841907a871194186ae58b76e01e6b_tile_0085.jpg,correct,Weed,Weed,0.7133832573890686,0.7156588007964366
DJI_20230614085435_0271_V_JPG.rf.d77841907a871194186ae58b76e01e6b_tile_0085.jpg,correct,Weed,Weed,0.26847413182258606,0.7138697726060721
DJI_20230614085435_0271_V_JPG.rf.d77841907a871194186ae58b76e01e6b_tile_0085.jpg,correct,Weed,Weed,0.6724982857704163,0.6759872013931857
DJI_20230614085435_0271_V_JPG.rf.d77841907a871194186ae58b76e01e6b_tile_0085.jpg,false_positive,background,Weed,0.6292252540588379,0.0
DJI_20230614085435_0271_V_JPG.rf.d77841907a871194186ae58b76e01e6b_tile_0086.jpg,correct,Weed,Weed,0.5771095156669617,0.8595867625480648
DJI_20230614085435_0271_V_JPG.rf.d77841907a871194186ae58b76e01e6b_tile_0086.jpg,correct,Crop,Crop,0.6264670491218567,0.7898948108302265
DJI_20230614085435_0271_V_JPG.rf.d77841907a871194186ae58b76e01e6b_tile_0086.jpg,correct,Crop,Crop,0.7793434858322144,0.763526292577056
DJI_20230614085435_0271_V_JPG.rf.d77841907a871194186ae58b76e01e6b_tile_0086.jpg,correct,Weed,Weed,0.6374205946922302,0.702030081297844
DJI_20230614085435_0271_V_JPG.rf.d77841907a871194186ae58b76e01e6b_tile_0086.jpg,missed_weed,Weed,background,0.0,0.0
DJI_20230614085435_0271_V_JPG.rf.d77841907a871194186ae58b76e01e6b_tile_0086.jpg,missed_weed,Weed,background,0.0,0.0
DJI_20230614085435_0271_V_JPG.rf.d77841907a871194186ae58b76e01e6b_tile_0089.jpg,correct,Crop,Crop,0.2975209653377533,0.6562356262110893
DJI_20230614085435_0271_V_JPG.rf.d77841907a871194186ae58b76e01e6b_tile_0090.jpg,correct,Crop,Crop,0.518757700920105,0.7079480369747826
DJI_20230614085435_0271_V_JPG.rf.d77841907a871194186ae58b76e01e6b_tile_0090.jpg,correct,Crop,Crop,0.3045189380645752,0.6581325292204226
DJI_20230614085435_0271_V_JPG.rf.d77841907a871194186ae58b76e01e6b_tile_0091.jpg,correct,Crop,Crop,0.7095284461975098,0.7298537945610019
DJI_20230614085435_0271_V_JPG.rf.d77841907a871194186ae58b76e01e6b_tile_0091.jpg,correct,Crop,Crop,0.4784969091415405,0.6994457912265053
DJI_20230614085435_0271_V_JPG.rf.d77841907a871194186ae58b76e01e6b_tile_0091.jpg,missed_crop,Crop,background,0.0,0.0
DJI_20230614085435_0271_V_JPG.rf.d77841907a871194186ae58b76e01e6b_tile_0091.jpg,false_positive,background,Crop,0.3505595624446869,0.0
DJI_20230614085435_0271_V_JPG.rf.d77841907a871194186ae58b76e01e6b_tile_0092.jpg,correct,Crop,Crop,0.707211434841156,0.7298819621725492
DJI_20230614085435_0271_V_JPG.rf.d77841907a871194186ae58b76e01e6b_tile_0092.jpg,missed_crop,Crop,background,0.0,0.0
DJI_20230614085435_0271_V_JPG.rf.d77841907a871194186ae58b76e01e6b_tile_0092.jpg,false_positive,background,Crop,0.2878309488296509,0.0
DJI_20230614085435_0271_V_JPG.rf.d77841907a871194186ae58b76e01e6b_tile_0094.jpg,correct,Crop,Crop,0.25709664821624756,0.7197453984420055
DJI_20230614085435_0271_V_JPG.rf.d77841907a871194186ae58b76e01e6b_tile_0095.jpg,correct,Crop,Crop,0.7344287633895874,0.7453509292129951
DJI_20230614085435_0271_V_JPG.rf.d77841907a871194186ae58b76e01e6b_tile_0095.jpg,correct,Crop,Crop,0.7219523191452026,0.6670467981097127
DJI_20230614085435_0271_V_JPG.rf.d77841907a871194186ae58b76e01e6b_tile_0096.jpg,correct,Weed,Weed,0.6823046207427979,0.6903158268692647
DJI_20230614085435_0271_V_JPG.rf.d77841907a871194186ae58b76e01e6b_tile_0096.jpg,correct,Weed,Weed,0.6329231858253479,0.6849209723146998
DJI_20230614085435_0271_V_JPG.rf.d77841907a871194186ae58b76e01e6b_tile_0096.jpg,missed_crop,Crop,background,0.0,0.0
DJI_20230614085435_0271_V_JPG.rf.d77841907a871194186ae58b76e01e6b_tile_0096.jpg,false_positive,background,Crop,0.5937442183494568,0.0
DJI_20230614085435_0271_V_JPG.rf.d77841907a871194186ae58b76e01e6b_tile_0097.jpg,correct,Crop,Crop,0.6291375756263733,0.7744983016404097
DJI_20230614085435_0271_V_JPG.rf.d77841907a871194186ae58b76e01e6b_tile_0097.jpg,correct,Weed,Weed,0.677314817905426,0.7065945869859107
DJI_20230614085435_0271_V_JPG.rf.d77841907a871194186ae58b76e01e6b_tile_0097.jpg,correct,Crop,Crop,0.7137161493301392,0.6713006647914452
DJI_20230614085435_0271_V_JPG.rf.d77841907a871194186ae58b76e01e6b_tile_0097.jpg,correct,Weed,Weed,0.6458030343055725,0.6563340494554841
DJI_20230614085435_0271_V_JPG.rf.d77841907a871194186ae58b76e01e6b_tile_0100.jpg,correct,Crop,Crop,0.5495400428771973,0.7240103968982002
DJI_20230614085435_0271_V_JPG.rf.d77841907a871194186ae58b76e01e6b_tile_0101.jpg,correct,Crop,Crop,0.5201482176780701,0.8517132184898129
DJI_20230614085435_0271_V_JPG.rf.d77841907a871194186ae58b76e01e6b_tile_0102.jpg,correct,Crop,Crop,0.6803479194641113,0.8195643092758886
DJI_20230614085435_0271_V_JPG.rf.d77841907a871194186ae58b76e01e6b_tile_0102.jpg,correct,Crop,Crop,0.4917924404144287,0.8101461786070433
DJI_20230614085435_0271_V_JPG.rf.d77841907a871194186ae58b76e01e6b_tile_0103.jpg,correct,Crop,Crop,0.693153977394104,0.828220887752725
DJI_20230614085435_0271_V_JPG.rf.d77841907a871194186ae58b76e01e6b_tile_0105.jpg,correct,Crop,Crop,0.6400428414344788,0.7703496432448999
DJI_20230614085435_0271_V_JPG.rf.d77841907a871194186ae58b76e01e6b_tile_0105.jpg,correct,Crop,Crop,0.7434660792350769,0.6760720889826364
DJI_20230614085435_0271_V_JPG.rf.d77841907a871194186ae58b76e01e6b_tile_0105.jpg,false_positive,background,Weed,0.44622933864593506,0.0
DJI_20230614085435_0271_V_JPG.rf.d77841907a871194186ae58b76e01e6b_tile_0106.jpg,correct,Crop,Crop,0.39003992080688477,0.7983203522060228
DJI_20230614085435_0271_V_JPG.rf.d77841907a871194186ae58b76e01e6b_tile_0107.jpg,correct,Crop,Crop,0.5037564635276794,0.9098088334348218
DJI_20230614085435_0271_V_JPG.rf.d77841907a871194186ae58b76e01e6b_tile_0107.jpg,correct,Crop,Crop,0.5736923813819885,0.7578159610343573
DJI_20230614085435_0271_V_JPG.rf.d77841907a871194186ae58b76e01e6b_tile_0107.jpg,correct,Weed,Weed,0.4252478778362274,0.7036600399529976
DJI_20230614085435_0271_V_JPG.rf.d77841907a871194186ae58b76e01e6b_tile_0107.jpg,correct,Weed,Weed,0.7044413685798645,0.6720755816979371
DJI_20230614085435_0271_V_JPG.rf.d77841907a871194186ae58b76e01e6b_tile_0108.jpg,correct,Crop,Crop,0.6598498821258545,0.7412540134747123
DJI_20230614085435_0271_V_JPG.rf.d77841907a871194186ae58b76e01e6b_tile_0108.jpg,correct,Crop,Crop,0.4508676826953888,0.6056881950577548
DJI_20230614085435_0271_V_JPG.rf.d77841907a871194186ae58b76e01e6b_tile_0110.jpg,false_positive,background,Weed,0.48380500078201294,0.0
DJI_20230614085435_0271_V_JPG.rf.d77841907a871194186ae58b76e01e6b_tile_0111.jpg,correct,Crop,Crop,0.5747949481010437,0.7483654098121351
DJI_20230614085435_0271_V_JPG.rf.d77841907a871194186ae58b76e01e6b_tile_0112.jpg,correct,Crop,Crop,0.5834689736366272,0.8735801949661218
DJI_20230614085435_0271_V_JPG.rf.d77841907a871194186ae58b76e01e6b_tile_0113.jpg,correct,Crop,Crop,0.5563647150993347,0.8675557768405624
DJI_20230614085435_0271_V_JPG.rf.d77841907a871194186ae58b76e01e6b_tile_0113.jpg,correct,Crop,Crop,0.7087742686271667,0.8191560466799186
DJI_20230614085435_0271_V_JPG.rf.d77841907a871194186ae58b76e01e6b_tile_0114.jpg,correct,Crop,Crop,0.7150872349739075,0.8227085781463339
DJI_20230614085435_0271_V_JPG.rf.d77841907a871194186ae58b76e01e6b_tile_0116.jpg,correct,Crop,Crop,0.6349700093269348,0.7827162969992582
DJI_20230614085435_0271_V_JPG.rf.d77841907a871194186ae58b76e01e6b_tile_0116.jpg,correct,Crop,Crop,0.7067850828170776,0.654192023609464
DJI_20230614085435_0271_V_JPG.rf.d77841907a871194186ae58b76e01e6b_tile_0116.jpg,false_positive,background,Weed,0.463966965675354,0.0
DJI_20230614085435_0271_V_JPG.rf.d77841907a871194186ae58b76e01e6b_tile_0117.jpg,correct,Crop,Crop,0.3500627279281616,0.7680741046428231
DJI_20230614085435_0271_V_JPG.rf.d77841907a871194186ae58b76e01e6b_tile_0118.jpg,correct,Crop,Crop,0.519149124622345,0.8580883446120334
DJI_20230614085435_0271_V_JPG.rf.d77841907a871194186ae58b76e01e6b_tile_0118.jpg,correct,Crop,Crop,0.5832116007804871,0.7710394300284407
DJI_20230614085435_0271_V_JPG.rf.d77841907a871194186ae58b76e01e6b_tile_0118.jpg,correct,Weed,Weed,0.3234241306781769,0.7448849828737305
DJI_20230614085435_0271_V_JPG.rf.d77841907a871194186ae58b76e01e6b_tile_0118.jpg,missed_weed,Weed,background,0.0,0.0
DJI_20230614085435_0271_V_JPG.rf.d77841907a871194186ae58b76e01e6b_tile_0118.jpg,false_positive,background,Crop,0.2644440531730652,0.0
DJI_20230614085435_0271_V_JPG.rf.d77841907a871194186ae58b76e01e6b_tile_0119.jpg,correct,Crop,Crop,0.6832884550094604,0.7389968769893168
DJI_20230614085435_0271_V_JPG.rf.d77841907a871194186ae58b76e01e6b_tile_0119.jpg,correct,Crop,Crop,0.4407811462879181,0.5599033423576651
DJI_20230614085457_0282_V_JPG.rf.7f9b347495287428f638801d1828d371_tile_0002.jpg,correct,Crop,Crop,0.6979222297668457,0.8707923383389233
DJI_20230614085457_0282_V_JPG.rf.7f9b347495287428f638801d1828d371_tile_0002.jpg,correct,Crop,Crop,0.5139598250389099,0.647860794277781
DJI_20230614085457_0282_V_JPG.rf.7f9b347495287428f638801d1828d371_tile_0003.jpg,correct,Crop,Crop,0.7483513951301575,0.9123786686046642
DJI_20230614085457_0282_V_JPG.rf.7f9b347495287428f638801d1828d371_tile_0003.jpg,correct,Crop,Crop,0.7226126790046692,0.7165744536419799
DJI_20230614085457_0282_V_JPG.rf.7f9b347495287428f638801d1828d371_tile_0003.jpg,correct,Crop,Crop,0.500025749206543,0.6472955073211045
DJI_20230614085457_0282_V_JPG.rf.7f9b347495287428f638801d1828d371_tile_0003.jpg,false_positive,background,Crop,0.6887287497520447,0.0
DJI_20230614085457_0282_V_JPG.rf.7f9b347495287428f638801d1828d371_tile_0004.jpg,correct,Crop,Crop,0.7330050468444824,0.7272755720204253
DJI_20230614085457_0282_V_JPG.rf.7f9b347495287428f638801d1828d371_tile_0004.jpg,correct,Crop,Crop,0.7049977779388428,0.7197011743186099
DJI_20230614085457_0282_V_JPG.rf.7f9b347495287428f638801d1828d371_tile_0004.jpg,false_positive,background,Crop,0.6889662742614746,0.0
DJI_20230614085457_0282_V_JPG.rf.7f9b347495287428f638801d1828d371_tile_0004.jpg,false_positive,background,Crop,0.4512355625629425,0.0
DJI_20230614085457_0282_V_JPG.rf.7f9b347495287428f638801d1828d371_tile_0004.jpg,false_positive,background,Weed,0.41962099075317383,0.0
DJI_20230614085457_0282_V_JPG.rf.7f9b347495287428f638801d1828d371_tile_0005.jpg,correct,Crop,Crop,0.7293744683265686,0.9605760023308231
DJI_20230614085457_0282_V_JPG.rf.7f9b347495287428f638801d1828d371_tile_0005.jpg,correct,Crop,Crop,0.43888384103775024,0.8010354941875554
DJI_20230614085457_0282_V_JPG.rf.7f9b347495287428f638801d1828d371_tile_0005.jpg,correct,Crop,Crop,0.6939386129379272,0.7232413700971518
DJI_20230614085457_0282_V_JPG.rf.7f9b347495287428f638801d1828d371_tile_0005.jpg,false_positive,background,Crop,0.4503932595252991,0.0
DJI_20230614085457_0282_V_JPG.rf.7f9b347495287428f638801d1828d371_tile_0005.jpg,false_positive,background,Weed,0.3909986913204193,0.0
DJI_20230614085457_0282_V_JPG.rf.7f9b347495287428f638801d1828d371_tile_0005.jpg,false_positive,background,Crop,0.28199532628059387,0.0
DJI_20230614085457_0282_V_JPG.rf.7f9b347495287428f638801d1828d371_tile_0006.jpg,correct,Crop,Crop,0.7374727129936218,0.961232842094365
DJI_20230614085457_0282_V_JPG.rf.7f9b347495287428f638801d1828d371_tile_0006.jpg,correct,Crop,Crop,0.715194821357727,0.907061320784017
DJI_20230614085457_0282_V_JPG.rf.7f9b347495287428f638801d1828d371_tile_0007.jpg,correct,Crop,Crop,0.7136051058769226,0.6966243135051984
DJI_20230614085457_0282_V_JPG.rf.7f9b347495287428f638801d1828d371_tile_0007.jpg,false_positive,background,Crop,0.4973945617675781,0.0
DJI_20230614085457_0282_V_JPG.rf.7f9b347495287428f638801d1828d371_tile_0008.jpg,correct,Crop,Crop,0.7221670746803284,0.8042578360808846
DJI_20230614085457_0282_V_JPG.rf.7f9b347495287428f638801d1828d371_tile_0008.jpg,false_positive,background,Crop,0.7479122281074524,0.0
DJI_20230614085457_0282_V_JPG.rf.7f9b347495287428f638801d1828d371_tile_0009.jpg,correct,Crop,Crop,0.7231793999671936,0.7720833900725652
DJI_20230614085457_0282_V_JPG.rf.7f9b347495287428f638801d1828d371_tile_0012.jpg,correct,Crop,Crop,0.4958604574203491,0.78176867318037
DJI_20230614085457_0282_V_JPG.rf.7f9b347495287428f638801d1828d371_tile_0012.jpg,correct,Crop,Crop,0.40778011083602905,0.6541003304313331
DJI_20230614085457_0282_V_JPG.rf.7f9b347495287428f638801d1828d371_tile_0013.jpg,correct,Crop,Crop,0.6961937546730042,0.876139703643726
DJI_20230614085457_0282_V_JPG.rf.7f9b347495287428f638801d1828d371_tile_0013.jpg,correct,Crop,Crop,0.5670590400695801,0.7817293261524105
DJI_20230614085457_0282_V_JPG.rf.7f9b347495287428f638801d1828d371_tile_0014.jpg,correct,Crop,Crop,0.7396929860115051,0.9137459067836886
DJI_20230614085457_0282_V_JPG.rf.7f9b347495287428f638801d1828d371_tile_0014.jpg,correct,Crop,Crop,0.5628973245620728,0.7408571144784222
DJI_20230614085457_0282_V_JPG.rf.7f9b347495287428f638801d1828d371_tile_0014.jpg,correct,Crop,Crop,0.6276425719261169,0.7155821845530681
DJI_20230614085457_0282_V_JPG.rf.7f9b347495287428f638801d1828d371_tile_0015.jpg,correct,Crop,Crop,0.5517982244491577,0.8118414274372551
DJI_20230614085457_0282_V_JPG.rf.7f9b347495287428f638801d1828d371_tile_0015.jpg,correct,Weed,Weed,0.6132146120071411,0.7616495693478365
DJI_20230614085457_0282_V_JPG.rf.7f9b347495287428f638801d1828d371_tile_0015.jpg,correct,Crop,Crop,0.2952613830566406,0.7148002567863172
DJI_20230614085457_0282_V_JPG.rf.7f9b347495287428f638801d1828d371_tile_0015.jpg,correct,Crop,Crop,0.5849363207817078,0.6830451774555614
DJI_20230614085457_0282_V_JPG.rf.7f9b347495287428f638801d1828d371_tile_0015.jpg,correct,Crop,Crop,0.5704377889633179,0.611319734678823
DJI_20230614085457_0282_V_JPG.rf.7f9b347495287428f638801d1828d371_tile_0015.jpg,false_positive,background,Crop,0.5017349720001221,0.0
DJI_20230614085457_0282_V_JPG.rf.7f9b347495287428f638801d1828d371_tile_0015.jpg,false_positive,background,Crop,0.26694491505622864,0.0
DJI_20230614085457_0282_V_JPG.rf.7f9b347495287428f638801d1828d371_tile_0016.jpg,correct,Crop,Crop,0.7133610248565674,0.9610314484804233
DJI_20230614085457_0282_V_JPG.rf.7f9b347495287428f638801d1828d371_tile_0016.jpg,correct,Weed,Weed,0.6218964457511902,0.7666725871407487
DJI_20230614085457_0282_V_JPG.rf.7f9b347495287428f638801d1828d371_tile_0016.jpg,correct,Crop,Crop,0.7414395213127136,0.646922717899288
DJI_20230614085457_0282_V_JPG.rf.7f9b347495287428f638801d1828d371_tile_0016.jpg,correct,Crop,Crop,0.5626310706138611,0.6017113582693197
DJI_20230614085457_0282_V_JPG.rf.7f9b347495287428f638801d1828d371_tile_0016.jpg,correct,Crop,Crop,0.319733589887619,0.5245327453488084
DJI_20230614085457_0282_V_JPG.rf.7f9b347495287428f638801d1828d371_tile_0016.jpg,false_positive,background,Crop,0.48796147108078003,0.0
DJI_20230614085457_0282_V_JPG.rf.7f9b347495287428f638801d1828d371_tile_0017.jpg,correct,Crop,Crop,0.7112346887588501,0.9658289955530472
DJI_20230614085457_0282_V_JPG.rf.7f9b347495287428f638801d1828d371_tile_0017.jpg,correct,Crop,Crop,0.7388201951980591,0.6490787036384829
DJI_20230614085457_0282_V_JPG.rf.7f9b347495287428f638801d1828d371_tile_0017.jpg,false_positive,background,Crop,0.38390132784843445,0.0
DJI_20230614085457_0282_V_JPG.rf.7f9b347495287428f638801d1828d371_tile_0018.jpg,correct,Crop,Crop,0.7421923875808716,0.857584599174275
DJI_20230614085457_0282_V_JPG.rf.7f9b347495287428f638801d1828d371_tile_0019.jpg,correct,Crop,Crop,0.6230812668800354,0.7439492252834785
DJI_20230614085457_0282_V_JPG.rf.7f9b347495287428f638801d1828d371_tile_0019.jpg,correct,Crop,Crop,0.5559409856796265,0.5617228075123798
DJI_20230614085457_0282_V_JPG.rf.7f9b347495287428f638801d1828d371_tile_0020.jpg,correct,Crop,Crop,0.48266297578811646,0.8074149872278579
DJI_20230614085457_0282_V_JPG.rf.7f9b347495287428f638801d1828d371_tile_0020.jpg,correct,Crop,Crop,0.7118293642997742,0.7891107864449022
DJI_20230614085457_0282_V_JPG.rf.7f9b347495287428f638801d1828d371_tile_0023.jpg,correct,Crop,Crop,0.4831104576587677,0.8063011969413604
DJI_20230614085457_0282_V_JPG.rf.7f9b347495287428f638801d1828d371_tile_0024.jpg,correct,Crop,Crop,0.6664096713066101,0.7632793264843402
DJI_20230614085457_0282_V_JPG.rf.7f9b347495287428f638801d1828d371_tile_0025.jpg,correct,Crop,Crop,0.5129485130310059,0.7891484876212519
DJI_20230614085457_0282_V_JPG.rf.7f9b347495287428f638801d1828d371_tile_0026.jpg,correct,Crop,Crop,0.584210216999054,0.7244225573683211
DJI_20230614085457_0282_V_JPG.rf.7f9b347495287428f638801d1828d371_tile_0026.jpg,correct,Crop,Crop,0.7386457324028015,0.6818530676796808
DJI_20230614085457_0282_V_JPG.rf.7f9b347495287428f638801d1828d371_tile_0027.jpg,correct,Crop,Crop,0.5748022794723511,0.6282127257454103
DJI_20230614085457_0282_V_JPG.rf.7f9b347495287428f638801d1828d371_tile_0027.jpg,missed_crop,Crop,background,0.0,0.0
DJI_20230614085457_0282_V_JPG.rf.7f9b347495287428f638801d1828d371_tile_0027.jpg,false_positive,background,Crop,0.5114433169364929,0.0
DJI_20230614085457_0282_V_JPG.rf.7f9b347495287428f638801d1828d371_tile_0028.jpg,correct,Crop,Crop,0.6662552952766418,0.589217144869994
DJI_20230614085457_0282_V_JPG.rf.7f9b347495287428f638801d1828d371_tile_0029.jpg,correct,Crop,Crop,0.6864798665046692,0.7788578717277369
DJI_20230614085457_0282_V_JPG.rf.7f9b347495287428f638801d1828d371_tile_0030.jpg,correct,Crop,Crop,0.6872640252113342,0.8419513742560291
DJI_20230614085457_0282_V_JPG.rf.7f9b347495287428f638801d1828d371_tile_0030.jpg,correct,Crop,Crop,0.47265779972076416,0.7333067986456098
DJI_20230614085457_0282_V_JPG.rf.7f9b347495287428f638801d1828d371_tile_0030.jpg,correct,Crop,Crop,0.565087080001831,0.5528380851502066
DJI_20230614085457_0282_V_JPG.rf.7f9b347495287428f638801d1828d371_tile_0030.jpg,false_positive,background,Crop,0.5471231341362,0.0
DJI_20230614085457_0282_V_JPG.rf.7f9b347495287428f638801d1828d371_tile_0031.jpg,correct,Crop,Crop,0.6625093221664429,0.758966855565086
DJI_20230614085457_0282_V_JPG.rf.7f9b347495287428f638801d1828d371_tile_0031.jpg,false_positive,background,Crop,0.3698483407497406,0.0
DJI_20230614085457_0282_V_JPG.rf.7f9b347495287428f638801d1828d371_tile_0032.jpg,correct,Crop,Crop,0.556545615196228,0.8379428068612303
DJI_20230614085457_0282_V_JPG.rf.7f9b347495287428f638801d1828d371_tile_0032.jpg,correct,Crop,Crop,0.6787592172622681,0.8305680205989184
DJI_20230614085457_0282_V_JPG.rf.7f9b347495287428f638801d1828d371_tile_0033.jpg,correct,Crop,Crop,0.5613542199134827,0.8367708482486367
DJI_20230614085457_0282_V_JPG.rf.7f9b347495287428f638801d1828d371_tile_0033.jpg,correct,Crop,Crop,0.6778671145439148,0.8294435921434163
DJI_20230614085457_0282_V_JPG.rf.7f9b347495287428f638801d1828d371_tile_0034.jpg,correct,Crop,Crop,0.33646923303604126,0.8609564351992413
DJI_20230614085457_0282_V_JPG.rf.7f9b347495287428f638801d1828d371_tile_0034.jpg,correct,Crop,Crop,0.5339277982711792,0.7567541456900607
DJI_20230614085457_0282_V_JPG.rf.7f9b347495287428f638801d1828d371_tile_0035.jpg,correct,Crop,Crop,0.42465803027153015,0.7495765659195242
DJI_20230614085457_0282_V_JPG.rf.7f9b347495287428f638801d1828d371_tile_0035.jpg,correct,Crop,Crop,0.6259959936141968,0.5727585839490162
DJI_20230614085457_0282_V_JPG.rf.7f9b347495287428f638801d1828d371_tile_0036.jpg,correct,Crop,Crop,0.565247654914856,0.8509562859436498
DJI_20230614085457_0282_V_JPG.rf.7f9b347495287428f638801d1828d371_tile_0037.jpg,correct,Crop,Crop,0.6173287630081177,0.8220358351598988
DJI_20230614085457_0282_V_JPG.rf.7f9b347495287428f638801d1828d371_tile_0037.jpg,correct,Crop,Crop,0.7251965403556824,0.8084383231918641
DJI_20230614085457_0282_V_JPG.rf.7f9b347495287428f638801d1828d371_tile_0038.jpg,correct,Crop,Crop,0.7659146189689636,0.841423786890079
DJI_20230614085457_0282_V_JPG.rf.7f9b347495287428f638801d1828d371_tile_0038.jpg,correct,Crop,Crop,0.40593546628952026,0.5443731397864864
DJI_20230614085457_0282_V_JPG.rf.7f9b347495287428f638801d1828d371_tile_0038.jpg,false_positive,background,Crop,0.35600703954696655,0.0
DJI_20230614085457_0282_V_JPG.rf.7f9b347495287428f638801d1828d371_tile_0038.jpg,false_positive,background,Crop,0.27251169085502625,0.0
DJI_20230614085457_0282_V_JPG.rf.7f9b347495287428f638801d1828d371_tile_0039.jpg,correct,Crop,Crop,0.7382197976112366,0.867427389460656
DJI_20230614085457_0282_V_JPG.rf.7f9b347495287428f638801d1828d371_tile_0040.jpg,correct,Crop,Crop,0.7328174114227295,0.8345538692185379
DJI_20230614085457_0282_V_JPG.rf.7f9b347495287428f638801d1828d371_tile_0040.jpg,correct,Crop,Crop,0.5798031091690063,0.7225310692067463
DJI_20230614085457_0282_V_JPG.rf.7f9b347495287428f638801d1828d371_tile_0041.jpg,correct,Crop,Crop,0.6643157601356506,0.8419034973964126
DJI_20230614085457_0282_V_JPG.rf.7f9b347495287428f638801d1828d371_tile_0041.jpg,correct,Crop,Crop,0.7722964286804199,0.8165938783089279
DJI_20230614085457_0282_V_JPG.rf.7f9b347495287428f638801d1828d371_tile_0041.jpg,false_positive,background,Weed,0.6291418075561523,0.0
DJI_20230614085457_0282_V_JPG.rf.7f9b347495287428f638801d1828d371_tile_0042.jpg,correct,Crop,Crop,0.6405462622642517,0.7744209515349939
DJI_20230614085457_0282_V_JPG.rf.7f9b347495287428f638801d1828d371_tile_0043.jpg,correct,Crop,Crop,0.7107234001159668,0.8380534444128521
DJI_20230614085457_0282_V_JPG.rf.7f9b347495287428f638801d1828d371_tile_0043.jpg,correct,Crop,Crop,0.6435030698776245,0.7461373210984488
DJI_20230614085457_0282_V_JPG.rf.7f9b347495287428f638801d1828d371_tile_0044.jpg,correct,Crop,Crop,0.7099746465682983,0.8383557205859067
DJI_20230614085457_0282_V_JPG.rf.7f9b347495287428f638801d1828d371_tile_0044.jpg,correct,Crop,Crop,0.6447091102600098,0.7436363789267415
DJI_20230614085457_0282_V_JPG.rf.7f9b347495287428f638801d1828d371_tile_0045.jpg,missed_crop,Crop,background,0.0,0.0
DJI_20230614085457_0282_V_JPG.rf.7f9b347495287428f638801d1828d371_tile_0045.jpg,missed_crop,Crop,background,0.0,0.0
DJI_20230614085457_0282_V_JPG.rf.7f9b347495287428f638801d1828d371_tile_0046.jpg,correct,Crop,Crop,0.6601312756538391,0.7982021531798513
DJI_20230614085457_0282_V_JPG.rf.7f9b347495287428f638801d1828d371_tile_0046.jpg,correct,Crop,Crop,0.6948041915893555,0.5830137722054748
DJI_20230614085457_0282_V_JPG.rf.7f9b347495287428f638801d1828d371_tile_0046.jpg,false_positive,background,Crop,0.2687057852745056,0.0
DJI_20230614085457_0282_V_JPG.rf.7f9b347495287428f638801d1828d371_tile_0047.jpg,correct,Crop,Crop,0.7705575227737427,0.8333962763707207
DJI_20230614085457_0282_V_JPG.rf.7f9b347495287428f638801d1828d371_tile_0047.jpg,correct,Crop,Crop,0.6956074833869934,0.6582060250357747
DJI_20230614085457_0282_V_JPG.rf.7f9b347495287428f638801d1828d371_tile_0048.jpg,correct,Crop,Crop,0.7308749556541443,0.8126079816789743
DJI_20230614085457_0282_V_JPG.rf.7f9b347495287428f638801d1828d371_tile_0048.jpg,correct,Weed,Weed,0.4023604989051819,0.6056276573103282
DJI_20230614085457_0282_V_JPG.rf.7f9b347495287428f638801d1828d371_tile_0048.jpg,correct,Crop,Crop,0.6665427684783936,0.5053341624261024
DJI_20230614085457_0282_V_JPG.rf.7f9b347495287428f638801d1828d371_tile_0049.jpg,correct,Crop,Crop,0.7725447416305542,0.8505512913066593
DJI_20230614085457_0282_V_JPG.rf.7f9b347495287428f638801d1828d371_tile_0049.jpg,correct,Crop,Crop,0.7541094422340393,0.607957445998851
DJI_20230614085457_0282_V_JPG.rf.7f9b347495287428f638801d1828d371_tile_0050.jpg,correct,Crop,Crop,0.7561647295951843,0.8879467680335299
DJI_20230614085457_0282_V_JPG.rf.7f9b347495287428f638801d1828d371_tile_0050.jpg,correct,Crop,Crop,0.5825313925743103,0.8785393667813773
DJI_20230614085457_0282_V_JPG.rf.7f9b347495287428f638801d1828d371_tile_0051.jpg,correct,Crop,Crop,0.5688497424125671,0.8785243239910249
DJI_20230614085457_0282_V_JPG.rf.7f9b347495287428f638801d1828d371_tile_0051.jpg,correct,Crop,Crop,0.7514736652374268,0.8479394820751179
DJI_20230614085457_0282_V_JPG.rf.7f9b347495287428f638801d1828d371_tile_0051.jpg,correct,Crop,Crop,0.6587806940078735,0.7581016299445114
DJI_20230614085457_0282_V_JPG.rf.7f9b347495287428f638801d1828d371_tile_0051.jpg,correct,Crop,Crop,0.767285168170929,0.6843327788056286
DJI_20230614085457_0282_V_JPG.rf.7f9b347495287428f638801d1828d371_tile_0052.jpg,correct,Crop,Crop,0.6718437075614929,0.8713030812796725
DJI_20230614085457_0282_V_JPG.rf.7f9b347495287428f638801d1828d371_tile_0052.jpg,correct,Crop,Crop,0.7631577849388123,0.6840387753528955
DJI_20230614085457_0282_V_JPG.rf.7f9b347495287428f638801d1828d371_tile_0052.jpg,correct,Crop,Crop,0.6547986268997192,0.6603825242755699
DJI_20230614085457_0282_V_JPG.rf.7f9b347495287428f638801d1828d371_tile_0052.jpg,false_positive,background,Weed,0.6153494715690613,0.0
DJI_20230614085457_0282_V_JPG.rf.7f9b347495287428f638801d1828d371_tile_0053.jpg,correct,Crop,Crop,0.6743826866149902,0.8677129998852694
DJI_20230614085457_0282_V_JPG.rf.7f9b347495287428f638801d1828d371_tile_0053.jpg,correct,Crop,Crop,0.46131786704063416,0.6173326937094371
DJI_20230614085457_0282_V_JPG.rf.7f9b347495287428f638801d1828d371_tile_0054.jpg,correct,Crop,Crop,0.7507887482643127,0.6957983327554244
DJI_20230614085457_0282_V_JPG.rf.7f9b347495287428f638801d1828d371_tile_0054.jpg,correct,Crop,Crop,0.4461592137813568,0.5693375163229695
DJI_20230614085457_0282_V_JPG.rf.7f9b347495287428f638801d1828d371_tile_0054.jpg,false_positive,background,Weed,0.27072200179100037,0.0
DJI_20230614085457_0282_V_JPG.rf.7f9b347495287428f638801d1828d371_tile_0055.jpg,correct,Crop,Crop,0.7532554268836975,0.6959653099849894
DJI_20230614085457_0282_V_JPG.rf.7f9b347495287428f638801d1828d371_tile_0055.jpg,correct,Crop,Crop,0.45166492462158203,0.5699912158940645
DJI_20230614085457_0282_V_JPG.rf.7f9b347495287428f638801d1828d371_tile_0056.jpg,correct,Crop,Crop,0.6289982199668884,0.7198579208436858
DJI_20230614085457_0282_V_JPG.rf.7f9b347495287428f638801d1828d371_tile_0057.jpg,correct,Crop,Crop,0.6821206212043762,0.8529820568327409
DJI_20230614085457_0282_V_JPG.rf.7f9b347495287428f638801d1828d371_tile_0057.jpg,correct,Crop,Crop,0.6473979949951172,0.8015616359828616
DJI_20230614085457_0282_V_JPG.rf.7f9b347495287428f638801d1828d371_tile_0058.jpg,correct,Crop,Crop,0.667553722858429,0.7751025602809487
DJI_20230614085457_0282_V_JPG.rf.7f9b347495287428f638801d1828d371_tile_0058.jpg,correct,Crop,Crop,0.4396042823791504,0.659049368817332
DJI_20230614085457_0282_V_JPG.rf.7f9b347495287428f638801d1828d371_tile_0059.jpg,correct,Crop,Crop,0.7208647727966309,0.9056497311015803
DJI_20230614085457_0282_V_JPG.rf.7f9b347495287428f638801d1828d371_tile_0059.jpg,correct,Crop,Crop,0.5755940675735474,0.6849444803803533
DJI_20230614085457_0282_V_JPG.rf.7f9b347495287428f638801d1828d371_tile_0060.jpg,correct,Crop,Crop,0.6973173022270203,0.7426232598537242
DJI_20230614085457_0282_V_JPG.rf.7f9b347495287428f638801d1828d371_tile_0060.jpg,correct,Crop,Crop,0.662664532661438,0.7240604420618417
DJI_20230614085457_0282_V_JPG.rf.7f9b347495287428f638801d1828d371_tile_0061.jpg,correct,Crop,Crop,0.7519332766532898,0.8225668065961804
DJI_20230614085457_0282_V_JPG.rf.7f9b347495287428f638801d1828d371_tile_0061.jpg,correct,Crop,Crop,0.735715389251709,0.6669383836538819
DJI_20230614085457_0282_V_JPG.rf.7f9b347495287428f638801d1828d371_tile_0062.jpg,correct,Crop,Crop,0.7237127423286438,0.812472339089684
DJI_20230614085457_0282_V_JPG.rf.7f9b347495287428f638801d1828d371_tile_0062.jpg,correct,Crop,Crop,0.7774694561958313,0.6878829674031065
DJI_20230614085457_0282_V_JPG.rf.7f9b347495287428f638801d1828d371_tile_0062.jpg,correct,Crop,Crop,0.7311125993728638,0.6574584900645091
DJI_20230614085457_0282_V_JPG.rf.7f9b347495287428f638801d1828d371_tile_0062.jpg,missed_crop,Crop,background,0.0,0.0
DJI_20230614085457_0282_V_JPG.rf.7f9b347495287428f638801d1828d371_tile_0063.jpg,correct,Crop,Crop,0.7677879929542542,0.6889558648246226
DJI_20230614085457_0282_V_JPG.rf.7f9b347495287428f638801d1828d371_tile_0063.jpg,correct,Crop,Crop,0.6620694398880005,0.6732609607204565
DJI_20230614085457_0282_V_JPG.rf.7f9b347495287428f638801d1828d371_tile_0063.jpg,missed_crop,Crop,background,0.0,0.0
DJI_20230614085457_0282_V_JPG.rf.7f9b347495287428f638801d1828d371_tile_0063.jpg,false_positive,background,Crop,0.5659258365631104,0.0
DJI_20230614085457_0282_V_JPG.rf.7f9b347495287428f638801d1828d371_tile_0064.jpg,correct,Crop,Crop,0.6323515772819519,0.6617573745998682
DJI_20230614085457_0282_V_JPG.rf.7f9b347495287428f638801d1828d371_tile_0064.jpg,correct,Crop,Crop,0.519254207611084,0.6085643971069696
DJI_20230614085457_0282_V_JPG.rf.7f9b347495287428f638801d1828d371_tile_0064.jpg,false_positive,background,Crop,0.5711920857429504,0.0
DJI_20230614085457_0282_V_JPG.rf.7f9b347495287428f638801d1828d371_tile_0064.jpg,false_positive,background,Crop,0.3702434003353119,0.0
DJI_20230614085457_0282_V_JPG.rf.7f9b347495287428f638801d1828d371_tile_0065.jpg,correct,Crop,Crop,0.4552439749240875,0.6777477316066389
DJI_20230614085457_0282_V_JPG.rf.7f9b347495287428f638801d1828d371_tile_0065.jpg,false_positive,background,Crop,0.4066677391529083,0.0
DJI_20230614085457_0282_V_JPG.rf.7f9b347495287428f638801d1828d371_tile_0066.jpg,missed_crop,Crop,background,0.0,0.0
DJI_20230614085457_0282_V_JPG.rf.7f9b347495287428f638801d1828d371_tile_0066.jpg,false_positive,background,Crop,0.39372655749320984,0.0
DJI_20230614085457_0282_V_JPG.rf.7f9b347495287428f638801d1828d371_tile_0067.jpg,correct,Weed,Weed,0.5817160606384277,0.8351774380870572
DJI_20230614085457_0282_V_JPG.rf.7f9b347495287428f638801d1828d371_tile_0067.jpg,correct,Crop,Crop,0.5041254758834839,0.5802268203904534
DJI_20230614085457_0282_V_JPG.rf.7f9b347495287428f638801d1828d371_tile_0067.jpg,false_positive,background,Crop,0.550136923789978,0.0
DJI_20230614085457_0282_V_JPG.rf.7f9b347495287428f638801d1828d371_tile_0068.jpg,correct,Crop,Crop,0.4486423134803772,0.8947729922231662
DJI_20230614085457_0282_V_JPG.rf.7f9b347495287428f638801d1828d371_tile_0068.jpg,correct,Crop,Crop,0.6818082928657532,0.8520747368756242
DJI_20230614085457_0282_V_JPG.rf.7f9b347495287428f638801d1828d371_tile_0069.jpg,correct,Weed,Weed,0.7372786402702332,0.8276688292382907
DJI_20230614085457_0282_V_JPG.rf.7f9b347495287428f638801d1828d371_tile_0070.jpg,correct,Crop,Crop,0.636345624923706,0.6538555006153597
DJI_20230614085457_0282_V_JPG.rf.7f9b347495287428f638801d1828d371_tile_0070.jpg,correct,Weed,Weed,0.6026660203933716,0.5967893551062732
DJI_20230614085457_0282_V_JPG.rf.7f9b347495287428f638801d1828d371_tile_0071.jpg,correct,Crop,Crop,0.6879238486289978,0.7464776858785126
DJI_20230614085457_0282_V_JPG.rf.7f9b347495287428f638801d1828d371_tile_0071.jpg,correct,Crop,Crop,0.7015982866287231,0.7367601814921788
DJI_20230614085457_0282_V_JPG.rf.7f9b347495287428f638801d1828d371_tile_0072.jpg,correct,Crop,Crop,0.7408283948898315,0.7766268577248828
DJI_20230614085457_0282_V_JPG.rf.7f9b347495287428f638801d1828d371_tile_0072.jpg,correct,Weed,Weed,0.5905961394309998,0.7510739644790478
DJI_20230614085457_0282_V_JPG.rf.7f9b347495287428f638801d1828d371_tile_0072.jpg,correct,Crop,Crop,0.7257767915725708,0.646647904895657
DJI_20230614085457_0282_V_JPG.rf.7f9b347495287428f638801d1828d371_tile_0073.jpg,correct,Crop,Crop,0.7376984357833862,0.8739451884168719
DJI_20230614085457_0282_V_JPG.rf.7f9b347495287428f638801d1828d371_tile_0073.jpg,missed_crop,Crop,background,0.0,0.0
DJI_20230614085457_0282_V_JPG.rf.7f9b347495287428f638801d1828d371_tile_0074.jpg,correct,Weed,Weed,0.36722496151924133,0.9271599119052191
DJI_20230614085457_0282_V_JPG.rf.7f9b347495287428f638801d1828d371_tile_0074.jpg,correct,Crop,Crop,0.5780081748962402,0.6177740264006263
DJI_20230614085457_0282_V_JPG.rf.7f9b347495287428f638801d1828d371_tile_0074.jpg,correct,Crop,Crop,0.6020926833152771,0.5140110324473643
DJI_20230614085457_0282_V_JPG.rf.7f9b347495287428f638801d1828d371_tile_0074.jpg,missed_crop,Crop,background,0.0,0.0
DJI_20230614085457_0282_V_JPG.rf.7f9b347495287428f638801d1828d371_tile_0075.jpg,correct,Crop,Crop,0.42690643668174744,0.6475730297431663
DJI_20230614085457_0282_V_JPG.rf.7f9b347495287428f638801d1828d371_tile_0075.jpg,correct,Crop,Crop,0.554602861404419,0.6170028276111335
DJI_20230614085457_0282_V_JPG.rf.7f9b347495287428f638801d1828d371_tile_0075.jpg,correct,Crop,Crop,0.589648962020874,0.5805642803398244
DJI_20230614085457_0282_V_JPG.rf.7f9b347495287428f638801d1828d371_tile_0076.jpg,correct,Crop,Crop,0.6428700685501099,0.7779202531647875
DJI_20230614085457_0282_V_JPG.rf.7f9b347495287428f638801d1828d371_tile_0076.jpg,correct,Crop,Crop,0.538496196269989,0.6139093484095133
DJI_20230614085457_0282_V_JPG.rf.7f9b347495287428f638801d1828d371_tile_0077.jpg,missed_crop,Crop,background,0.0,0.0
DJI_20230614085457_0282_V_JPG.rf.7f9b347495287428f638801d1828d371_tile_0079.jpg,correct,Crop,Crop,0.6101359128952026,0.8366062908651628
DJI_20230614085457_0282_V_JPG.rf.7f9b347495287428f638801d1828d371_tile_0079.jpg,missed_crop,Crop,background,0.0,0.0
DJI_20230614085457_0282_V_JPG.rf.7f9b347495287428f638801d1828d371_tile_0081.jpg,correct,Crop,Crop,0.6909579634666443,0.913003259027424
DJI_20230614085457_0282_V_JPG.rf.7f9b347495287428f638801d1828d371_tile_0081.jpg,correct,Weed,Weed,0.5722317099571228,0.7711432753448443
DJI_20230614085457_0282_V_JPG.rf.7f9b347495287428f638801d1828d371_tile_0082.jpg,correct,Crop,Crop,0.5185404419898987,0.7944449133900153
DJI_20230614085457_0282_V_JPG.rf.7f9b347495287428f638801d1828d371_tile_0083.jpg,correct,Crop,Crop,0.7316407561302185,0.6961886363020938
DJI_20230614085457_0282_V_JPG.rf.7f9b347495287428f638801d1828d371_tile_0083.jpg,correct,Crop,Crop,0.7175425887107849,0.6399144434874551
DJI_20230614085457_0282_V_JPG.rf.7f9b347495287428f638801d1828d371_tile_0084.jpg,correct,Crop,Crop,0.3398468792438507,0.6301885579201255
DJI_20230614085457_0282_V_JPG.rf.7f9b347495287428f638801d1828d371_tile_0084.jpg,correct,Crop,Crop,0.3861803412437439,0.532348729468093
DJI_20230614085457_0282_V_JPG.rf.7f9b347495287428f638801d1828d371_tile_0084.jpg,missed_weed,Weed,background,0.0,0.0
DJI_20230614085457_0282_V_JPG.rf.7f9b347495287428f638801d1828d371_tile_0084.jpg,false_positive,background,Crop,0.3078716993331909,0.0
DJI_20230614085457_0282_V_JPG.rf.7f9b347495287428f638801d1828d371_tile_0085.jpg,correct,Crop,Crop,0.6312016248703003,0.6989605020357587
DJI_20230614085457_0282_V_JPG.rf.7f9b347495287428f638801d1828d371_tile_0085.jpg,correct,Crop,Crop,0.6728021502494812,0.5639657715451702
DJI_20230614085457_0282_V_JPG.rf.7f9b347495287428f638801d1828d371_tile_0085.jpg,missed_weed,Weed,background,0.0,0.0
DJI_20230614085457_0282_V_JPG.rf.7f9b347495287428f638801d1828d371_tile_0086.jpg,correct,Crop,Crop,0.32680076360702515,0.5512705865891699
DJI_20230614085457_0282_V_JPG.rf.7f9b347495287428f638801d1828d371_tile_0089.jpg,correct,Crop,Crop,0.6258915066719055,0.9273977023995933
DJI_20230614085457_0282_V_JPG.rf.7f9b347495287428f638801d1828d371_tile_0089.jpg,correct,Crop,Crop,0.5956341028213501,0.6943468733590493
DJI_20230614085457_0282_V_JPG.rf.7f9b347495287428f638801d1828d371_tile_0090.jpg,correct,Crop,Crop,0.6283855438232422,0.9586367802830351
DJI_20230614085457_0282_V_JPG.rf.7f9b347495287428f638801d1828d371_tile_0090.jpg,correct,Crop,Crop,0.29323941469192505,0.7188482749025671
DJI_20230614085457_0282_V_JPG.rf.7f9b347495287428f638801d1828d371_tile_0090.jpg,correct,Crop,Crop,0.5572477579116821,0.6806253699889526
DJI_20230614085457_0282_V_JPG.rf.7f9b347495287428f638801d1828d371_tile_0090.jpg,correct,Crop,Crop,0.711736261844635,0.6769422075364216
DJI_20230614085457_0282_V_JPG.rf.7f9b347495287428f638801d1828d371_tile_0090.jpg,missed_weed,Weed,background,0.0,0.0
DJI_20230614085457_0282_V_JPG.rf.7f9b347495287428f638801d1828d371_tile_0090.jpg,false_positive,background,Weed,0.4957202672958374,0.0
DJI_20230614085457_0282_V_JPG.rf.7f9b347495287428f638801d1828d371_tile_0090.jpg,false_positive,background,Crop,0.29781225323677063,0.0
DJI_20230614085457_0282_V_JPG.rf.7f9b347495287428f638801d1828d371_tile_0091.jpg,correct,Crop,Crop,0.48852428793907166,0.9272116346997019
DJI_20230614085457_0282_V_JPG.rf.7f9b347495287428f638801d1828d371_tile_0091.jpg,correct,Weed,Weed,0.43898463249206543,0.7116634210510893
DJI_20230614085457_0282_V_JPG.rf.7f9b347495287428f638801d1828d371_tile_0091.jpg,correct,Crop,Crop,0.724820077419281,0.7059906132178368
DJI_20230614085457_0282_V_JPG.rf.7f9b347495287428f638801d1828d371_tile_0091.jpg,correct,Crop,Crop,0.2743596136569977,0.705888752961771
DJI_20230614085457_0282_V_JPG.rf.7f9b347495287428f638801d1828d371_tile_0091.jpg,correct,Weed,Weed,0.4485982656478882,0.5006621121317765
DJI_20230614085457_0282_V_JPG.rf.7f9b347495287428f638801d1828d371_tile_0092.jpg,correct,Crop,Crop,0.5457760691642761,0.7949647969725501
DJI_20230614085457_0282_V_JPG.rf.7f9b347495287428f638801d1828d371_tile_0092.jpg,missed_weed,Weed,background,0.0,0.0
DJI_20230614085457_0282_V_JPG.rf.7f9b347495287428f638801d1828d371_tile_0092.jpg,false_positive,background,Weed,0.35094940662384033,0.0
DJI_20230614085457_0282_V_JPG.rf.7f9b347495287428f638801d1828d371_tile_0093.jpg,correct,Crop,Crop,0.5674895644187927,0.7353726652178685
DJI_20230614085457_0282_V_JPG.rf.7f9b347495287428f638801d1828d371_tile_0094.jpg,correct,Crop,Crop,0.6078394651412964,0.8216974698304569
DJI_20230614085457_0282_V_JPG.rf.7f9b347495287428f638801d1828d371_tile_0094.jpg,correct,Crop,Crop,0.6782395839691162,0.6579007471555335
DJI_20230614085457_0282_V_JPG.rf.7f9b347495287428f638801d1828d371_tile_0095.jpg,correct,Crop,Crop,0.6064201593399048,0.7219282280936737
DJI_20230614085457_0282_V_JPG.rf.7f9b347495287428f638801d1828d371_tile_0095.jpg,missed_crop,Crop,background,0.0,0.0
DJI_20230614085457_0282_V_JPG.rf.7f9b347495287428f638801d1828d371_tile_0096.jpg,correct,Crop,Crop,0.6264482140541077,0.6949697005142564
DJI_20230614085457_0282_V_JPG.rf.7f9b347495287428f638801d1828d371_tile_0097.jpg,correct,Crop,Crop,0.5118318200111389,0.6842337000287597
DJI_20230614085457_0282_V_JPG.rf.7f9b347495287428f638801d1828d371_tile_0099.jpg,false_positive,background,Crop,0.5079088807106018,0.0
DJI_20230614085457_0282_V_JPG.rf.7f9b347495287428f638801d1828d371_tile_0100.jpg,correct,Crop,Crop,0.647952675819397,0.7692149877952907
DJI_20230614085457_0282_V_JPG.rf.7f9b347495287428f638801d1828d371_tile_0101.jpg,correct,Weed,Weed,0.41366487741470337,0.7850205425530896
DJI_20230614085457_0282_V_JPG.rf.7f9b347495287428f638801d1828d371_tile_0101.jpg,correct,Crop,Crop,0.5768517255783081,0.7674344621282113
DJI_20230614085457_0282_V_JPG.rf.7f9b347495287428f638801d1828d371_tile_0101.jpg,correct,Weed,Weed,0.4770768880844116,0.7336073216956853
DJI_20230614085457_0282_V_JPG.rf.7f9b347495287428f638801d1828d371_tile_0101.jpg,correct,Weed,Weed,0.5891017317771912,0.7179868933819169
DJI_20230614085457_0282_V_JPG.rf.7f9b347495287428f638801d1828d371_tile_0101.jpg,correct,Weed,Weed,0.4508400559425354,0.710362142730837
DJI_20230614085457_0282_V_JPG.rf.7f9b347495287428f638801d1828d371_tile_0101.jpg,correct,Crop,Crop,0.3518806993961334,0.7077574378543854
DJI_20230614085457_0282_V_JPG.rf.7f9b347495287428f638801d1828d371_tile_0101.jpg,false_positive,background,Weed,0.29460516571998596,0.0
DJI_20230614085457_0282_V_JPG.rf.7f9b347495287428f638801d1828d371_tile_0102.jpg,correct,Crop,Crop,0.5039029717445374,0.9216932717420038
DJI_20230614085457_0282_V_JPG.rf.7f9b347495287428f638801d1828d371_tile_0102.jpg,correct,Weed,Weed,0.5994418859481812,0.8385016023183731
DJI_20230614085457_0282_V_JPG.rf.7f9b347495287428f638801d1828d371_tile_0102.jpg,correct,Weed,Weed,0.5049684643745422,0.795161181719187
DJI_20230614085457_0282_V_JPG.rf.7f9b347495287428f638801d1828d371_tile_0102.jpg,correct,Crop,Crop,0.4441482126712799,0.7162017276180576
DJI_20230614085457_0282_V_JPG.rf.7f9b347495287428f638801d1828d371_tile_0102.jpg,correct,Crop,Crop,0.31462690234184265,0.7101740392108907
DJI_20230614085457_0282_V_JPG.rf.7f9b347495287428f638801d1828d371_tile_0102.jpg,missed_weed,Weed,background,0.0,0.0
DJI_20230614085457_0282_V_JPG.rf.7f9b347495287428f638801d1828d371_tile_0102.jpg,missed_weed,Weed,background,0.0,0.0
DJI_20230614085457_0282_V_JPG.rf.7f9b347495287428f638801d1828d371_tile_0102.jpg,missed_weed,Weed,background,0.0,0.0
DJI_20230614085457_0282_V_JPG.rf.7f9b347495287428f638801d1828d371_tile_0102.jpg,false_positive,background,Weed,0.3080495297908783,0.0
DJI_20230614085457_0282_V_JPG.rf.7f9b347495287428f638801d1828d371_tile_0102.jpg,false_positive,background,Weed,0.2769773006439209,0.0
DJI_20230614085457_0282_V_JPG.rf.7f9b347495287428f638801d1828d371_tile_0103.jpg,correct,Crop,Crop,0.71562260389328,0.8246209879301944
DJI_20230614085457_0282_V_JPG.rf.7f9b347495287428f638801d1828d371_tile_0103.jpg,correct,Crop,Crop,0.5552625060081482,0.8039210714986322
DJI_20230614085457_0282_V_JPG.rf.7f9b347495287428f638801d1828d371_tile_0103.jpg,correct,Crop,Crop,0.4682181775569916,0.7236613486123277
DJI_20230614085457_0282_V_JPG.rf.7f9b347495287428f638801d1828d371_tile_0103.jpg,missed_weed,Weed,background,0.0,0.0
DJI_20230614085457_0282_V_JPG.rf.7f9b347495287428f638801d1828d371_tile_0103.jpg,missed_weed,Weed,background,0.0,0.0
DJI_20230614085457_0282_V_JPG.rf.7f9b347495287428f638801d1828d371_tile_0103.jpg,false_positive,background,Crop,0.679554283618927,0.0
DJI_20230614085457_0282_V_JPG.rf.7f9b347495287428f638801d1828d371_tile_0103.jpg,false_positive,background,Weed,0.6747720241546631,0.0
DJI_20230614085457_0282_V_JPG.rf.7f9b347495287428f638801d1828d371_tile_0103.jpg,false_positive,background,Weed,0.4216693043708801,0.0
DJI_20230614085457_0282_V_JPG.rf.7f9b347495287428f638801d1828d371_tile_0103.jpg,false_positive,background,Weed,0.3361682593822479,0.0
DJI_20230614085457_0282_V_JPG.rf.7f9b347495287428f638801d1828d371_tile_0103.jpg,false_positive,background,Crop,0.2937762141227722,0.0
DJI_20230614085457_0282_V_JPG.rf.7f9b347495287428f638801d1828d371_tile_0104.jpg,correct,Crop,Crop,0.7163627743721008,0.7886960644061572
DJI_20230614085457_0282_V_JPG.rf.7f9b347495287428f638801d1828d371_tile_0104.jpg,false_positive,background,Crop,0.6793769001960754,0.0
DJI_20230614085457_0282_V_JPG.rf.7f9b347495287428f638801d1828d371_tile_0105.jpg,correct,Crop,Crop,0.44709789752960205,0.8215037760162139
DJI_20230614085457_0282_V_JPG.rf.7f9b347495287428f638801d1828d371_tile_0105.jpg,false_positive,background,Crop,0.3729010820388794,0.0
DJI_20230614085457_0282_V_JPG.rf.7f9b347495287428f638801d1828d371_tile_0106.jpg,correct,Crop,Crop,0.6125423312187195,0.913659972766934
DJI_20230614085457_0282_V_JPG.rf.7f9b347495287428f638801d1828d371_tile_0106.jpg,correct,Crop,Crop,0.49475064873695374,0.7317785718943179
DJI_20230614085457_0282_V_JPG.rf.7f9b347495287428f638801d1828d371_tile_0108.jpg,correct,Crop,Crop,0.6547640562057495,0.813326968146726
DJI_20230614085457_0282_V_JPG.rf.7f9b347495287428f638801d1828d371_tile_0108.jpg,correct,Crop,Crop,0.4659147560596466,0.5828806027167642
DJI_20230614085457_0282_V_JPG.rf.7f9b347495287428f638801d1828d371_tile_0111.jpg,correct,Crop,Crop,0.6164565682411194,0.7419136526606359
DJI_20230614085457_0282_V_JPG.rf.7f9b347495287428f638801d1828d371_tile_0112.jpg,correct,Weed,Weed,0.4310307204723358,0.7673220100247142
DJI_20230614085457_0282_V_JPG.rf.7f9b347495287428f638801d1828d371_tile_0112.jpg,correct,Weed,Weed,0.4853460192680359,0.7386343008472411
DJI_20230614085457_0282_V_JPG.rf.7f9b347495287428f638801d1828d371_tile_0112.jpg,correct,Crop,Crop,0.5305267572402954,0.7353016908566311
DJI_20230614085457_0282_V_JPG.rf.7f9b347495287428f638801d1828d371_tile_0112.jpg,correct,Crop,Crop,0.3555779755115509,0.7001406472086498
DJI_20230614085457_0282_V_JPG.rf.7f9b347495287428f638801d1828d371_tile_0112.jpg,correct,Weed,Weed,0.5975528359413147,0.682877392067085
DJI_20230614085457_0282_V_JPG.rf.7f9b347495287428f638801d1828d371_tile_0112.jpg,correct,Weed,Weed,0.28112760186195374,0.6133220964554337
DJI_20230614085457_0282_V_JPG.rf.7f9b347495287428f638801d1828d371_tile_0113.jpg,correct,Crop,Crop,0.48538634181022644,0.9256114852449513
DJI_20230614085457_0282_V_JPG.rf.7f9b347495287428f638801d1828d371_tile_0113.jpg,correct,Weed,Weed,0.5565280914306641,0.8491656921803136
DJI_20230614085457_0282_V_JPG.rf.7f9b347495287428f638801d1828d371_tile_0113.jpg,correct,Weed,Weed,0.4430887699127197,0.7877107424305254
DJI_20230614085457_0282_V_JPG.rf.7f9b347495287428f638801d1828d371_tile_0113.jpg,correct,Crop,Crop,0.37592703104019165,0.701812270515481
DJI_20230614085457_0282_V_JPG.rf.7f9b347495287428f638801d1828d371_tile_0113.jpg,correct,Crop,Crop,0.3864070475101471,0.6913263292920024
DJI_20230614085457_0282_V_JPG.rf.7f9b347495287428f638801d1828d371_tile_0113.jpg,missed_weed,Weed,background,0.0,0.0
DJI_20230614085457_0282_V_JPG.rf.7f9b347495287428f638801d1828d371_tile_0113.jpg,missed_weed,Weed,background,0.0,0.0
DJI_20230614085457_0282_V_JPG.rf.7f9b347495287428f638801d1828d371_tile_0113.jpg,missed_weed,Weed,background,0.0,0.0
DJI_20230614085457_0282_V_JPG.rf.7f9b347495287428f638801d1828d371_tile_0113.jpg,false_positive,background,Weed,0.26120179891586304,0.0
DJI_20230614085457_0282_V_JPG.rf.7f9b347495287428f638801d1828d371_tile_0114.jpg,correct,Crop,Crop,0.6886054277420044,0.8336726287334301
DJI_20230614085457_0282_V_JPG.rf.7f9b347495287428f638801d1828d371_tile_0114.jpg,correct,Crop,Crop,0.613541841506958,0.7987902920819838
DJI_20230614085457_0282_V_JPG.rf.7f9b347495287428f638801d1828d371_tile_0114.jpg,correct,Crop,Crop,0.429198294878006,0.7051545738949849
DJI_20230614085457_0282_V_JPG.rf.7f9b347495287428f638801d1828d371_tile_0114.jpg,missed_weed,Weed,background,0.0,0.0
DJI_20230614085457_0282_V_JPG.rf.7f9b347495287428f638801d1828d371_tile_0114.jpg,missed_weed,Weed,background,0.0,0.0
DJI_20230614085457_0282_V_JPG.rf.7f9b347495287428f638801d1828d371_tile_0114.jpg,false_positive,background,Crop,0.7165371775627136,0.0
DJI_20230614085457_0282_V_JPG.rf.7f9b347495287428f638801d1828d371_tile_0114.jpg,false_positive,background,Weed,0.6779579520225525,0.0
DJI_20230614085457_0282_V_JPG.rf.7f9b347495287428f638801d1828d371_tile_0114.jpg,false_positive,background,Weed,0.39372631907463074,0.0
DJI_20230614085457_0282_V_JPG.rf.7f9b347495287428f638801d1828d371_tile_0114.jpg,false_positive,background,Weed,0.30774083733558655,0.0
DJI_20230614085457_0282_V_JPG.rf.7f9b347495287428f638801d1828d371_tile_0115.jpg,correct,Crop,Crop,0.6926813721656799,0.7939663655103942
DJI_20230614085457_0282_V_JPG.rf.7f9b347495287428f638801d1828d371_tile_0115.jpg,false_positive,background,Crop,0.7282731533050537,0.0
DJI_20230614085457_0282_V_JPG.rf.7f9b347495287428f638801d1828d371_tile_0116.jpg,correct,Crop,Crop,0.7022305727005005,0.7251097766622445
DJI_20230614085457_0282_V_JPG.rf.7f9b347495287428f638801d1828d371_tile_0116.jpg,false_positive,background,Crop,0.5969570875167847,0.0
DJI_20230614085457_0282_V_JPG.rf.7f9b347495287428f638801d1828d371_tile_0116.jpg,false_positive,background,Crop,0.4131395220756531,0.0
DJI_20230614085457_0282_V_JPG.rf.7f9b347495287428f638801d1828d371_tile_0117.jpg,correct,Crop,Crop,0.3975749611854553,0.9238977794809681
DJI_20230614085457_0282_V_JPG.rf.7f9b347495287428f638801d1828d371_tile_0117.jpg,correct,Crop,Crop,0.5390019416809082,0.7329037880158216
DJI_20230614085457_0282_V_JPG.rf.7f9b347495287428f638801d1828d371_tile_0119.jpg,correct,Crop,Crop,0.6805314421653748,0.8374212893623241
DJI_20230614085457_0282_V_JPG.rf.7f9b347495287428f638801d1828d371_tile_0119.jpg,correct,Crop,Crop,0.3394516110420227,0.5642023185452106
DJI_20230614085457_0282_V_JPG.rf.7f9b347495287428f638801d1828d371_tile_0121.jpg,false_positive,background,Crop,0.5168704986572266,0.0
DJI_20230614085531_0299_V_JPG.rf.5caace0214264472fd876883f8836851_tile_0002.jpg,correct,Crop,Crop,0.7331075668334961,0.6555130704525869
DJI_20230614085531_0299_V_JPG.rf.5caace0214264472fd876883f8836851_tile_0002.jpg,correct,Crop,Crop,0.6763373017311096,0.6435785167869649
DJI_20230614085531_0299_V_JPG.rf.5caace0214264472fd876883f8836851_tile_0003.jpg,correct,Crop,Crop,0.6451454162597656,0.7631113115106025
DJI_20230614085531_0299_V_JPG.rf.5caace0214264472fd876883f8836851_tile_0003.jpg,missed_crop,Crop,background,0.0,0.0
DJI_20230614085531_0299_V_JPG.rf.5caace0214264472fd876883f8836851_tile_0003.jpg,false_positive,background,Weed,0.250973105430603,0.0
DJI_20230614085531_0299_V_JPG.rf.5caace0214264472fd876883f8836851_tile_0004.jpg,correct,Crop,Crop,0.5158606767654419,0.5004800567335792
DJI_20230614085531_0299_V_JPG.rf.5caace0214264472fd876883f8836851_tile_0005.jpg,missed_crop,Crop,background,0.0,0.0
DJI_20230614085531_0299_V_JPG.rf.5caace0214264472fd876883f8836851_tile_0005.jpg,false_positive,background,Crop,0.47838178277015686,0.0
DJI_20230614085531_0299_V_JPG.rf.5caace0214264472fd876883f8836851_tile_0005.jpg,false_positive,background,Crop,0.33950892090797424,0.0
DJI_20230614085531_0299_V_JPG.rf.5caace0214264472fd876883f8836851_tile_0006.jpg,missed_crop,Crop,background,0.0,0.0
DJI_20230614085531_0299_V_JPG.rf.5caace0214264472fd876883f8836851_tile_0006.jpg,missed_weed,Weed,background,0.0,0.0
DJI_20230614085531_0299_V_JPG.rf.5caace0214264472fd876883f8836851_tile_0006.jpg,false_positive,background,Crop,0.5861374735832214,0.0
DJI_20230614085531_0299_V_JPG.rf.5caace0214264472fd876883f8836851_tile_0006.jpg,false_positive,background,Weed,0.5419356822967529,0.0
DJI_20230614085531_0299_V_JPG.rf.5caace0214264472fd876883f8836851_tile_0006.jpg,false_positive,background,Weed,0.2554994523525238,0.0
DJI_20230614085531_0299_V_JPG.rf.5caace0214264472fd876883f8836851_tile_0007.jpg,correct,Crop,Crop,0.38524705171585083,0.6824478575965973
DJI_20230614085531_0299_V_JPG.rf.5caace0214264472fd876883f8836851_tile_0007.jpg,correct,Crop,Crop,0.6164685487747192,0.6537934099266904
DJI_20230614085531_0299_V_JPG.rf.5caace0214264472fd876883f8836851_tile_0007.jpg,correct,Crop,Crop,0.6920786499977112,0.6407546762400849
DJI_20230614085531_0299_V_JPG.rf.5caace0214264472fd876883f8836851_tile_0007.jpg,missed_weed,Weed,background,0.0,0.0
DJI_20230614085531_0299_V_JPG.rf.5caace0214264472fd876883f8836851_tile_0007.jpg,missed_weed,Weed,background,0.0,0.0
DJI_20230614085531_0299_V_JPG.rf.5caace0214264472fd876883f8836851_tile_0007.jpg,false_positive,background,Weed,0.34872832894325256,0.0
DJI_20230614085531_0299_V_JPG.rf.5caace0214264472fd876883f8836851_tile_0007.jpg,false_positive,background,Weed,0.3101917505264282,0.0
DJI_20230614085531_0299_V_JPG.rf.5caace0214264472fd876883f8836851_tile_0008.jpg,missed_crop,Crop,background,0.0,0.0
DJI_20230614085531_0299_V_JPG.rf.5caace0214264472fd876883f8836851_tile_0008.jpg,missed_weed,Weed,background,0.0,0.0
DJI_20230614085531_0299_V_JPG.rf.5caace0214264472fd876883f8836851_tile_0008.jpg,false_positive,background,Crop,0.5711750984191895,0.0
DJI_20230614085531_0299_V_JPG.rf.5caace0214264472fd876883f8836851_tile_0009.jpg,correct,Crop,Crop,0.5973372459411621,0.5474911808445475
DJI_20230614085531_0299_V_JPG.rf.5caace0214264472fd876883f8836851_tile_0013.jpg,correct,Crop,Crop,0.6829719543457031,0.713557979829683
DJI_20230614085531_0299_V_JPG.rf.5caace0214264472fd876883f8836851_tile_0013.jpg,correct,Crop,Crop,0.6801273822784424,0.5781012400921803
DJI_20230614085531_0299_V_JPG.rf.5caace0214264472fd876883f8836851_tile_0015.jpg,correct,Crop,Crop,0.6753812432289124,0.580911039298485
DJI_20230614085531_0299_V_JPG.rf.5caace0214264472fd876883f8836851_tile_0015.jpg,correct,Crop,Crop,0.2666197419166565,0.5233141564993499
DJI_20230614085531_0299_V_JPG.rf.5caace0214264472fd876883f8836851_tile_0016.jpg,correct,Crop,Crop,0.6365790963172913,0.6859661026599508
DJI_20230614085531_0299_V_JPG.rf.5caace0214264472fd876883f8836851_tile_0016.jpg,correct,Crop,Crop,0.6514252424240112,0.5756285779207598
DJI_20230614085531_0299_V_JPG.rf.5caace0214264472fd876883f8836851_tile_0017.jpg,correct,Crop,Crop,0.6192104816436768,0.675873575055679
DJI_20230614085531_0299_V_JPG.rf.5caace0214264472fd876883f8836851_tile_0017.jpg,correct,Weed,Weed,0.5857312083244324,0.6368617128745747
DJI_20230614085531_0299_V_JPG.rf.5caace0214264472fd876883f8836851_tile_0017.jpg,correct,Weed,Weed,0.30732250213623047,0.567260863106691
DJI_20230614085531_0299_V_JPG.rf.5caace0214264472fd876883f8836851_tile_0017.jpg,missed_crop,Crop,background,0.0,0.0
DJI_20230614085531_0299_V_JPG.rf.5caace0214264472fd876883f8836851_tile_0017.jpg,false_positive,background,Crop,0.6820008754730225,0.0
DJI_20230614085531_0299_V_JPG.rf.5caace0214264472fd876883f8836851_tile_0018.jpg,correct,Crop,Crop,0.7659116983413696,0.5164722050603344
DJI_20230614085531_0299_V_JPG.rf.5caace0214264472fd876883f8836851_tile_0018.jpg,missed_weed,Weed,background,0.0,0.0
DJI_20230614085531_0299_V_JPG.rf.5caace0214264472fd876883f8836851_tile_0018.jpg,missed_weed,Weed,background,0.0,0.0
DJI_20230614085531_0299_V_JPG.rf.5caace0214264472fd876883f8836851_tile_0018.jpg,false_positive,background,Weed,0.7253455519676208,0.0
DJI_20230614085531_0299_V_JPG.rf.5caace0214264472fd876883f8836851_tile_0018.jpg,false_positive,background,Weed,0.6736168265342712,0.0
DJI_20230614085531_0299_V_JPG.rf.5caace0214264472fd876883f8836851_tile_0019.jpg,correct,Weed,Weed,0.6966484189033508,0.8803068550167102
DJI_20230614085531_0299_V_JPG.rf.5caace0214264472fd876883f8836851_tile_0019.jpg,correct,Crop,Crop,0.7188908457756042,0.6704328448946585
DJI_20230614085531_0299_V_JPG.rf.5caace0214264472fd876883f8836851_tile_0019.jpg,correct,Crop,Crop,0.6186090111732483,0.5804950610024506
DJI_20230614085531_0299_V_JPG.rf.5caace0214264472fd876883f8836851_tile_0019.jpg,missed_weed,Weed,background,0.0,0.0
DJI_20230614085531_0299_V_JPG.rf.5caace0214264472fd876883f8836851_tile_0019.jpg,false_positive,background,Weed,0.768889844417572,0.0
DJI_20230614085531_0299_V_JPG.rf.5caace0214264472fd876883f8836851_tile_0020.jpg,missed_crop,Crop,background,0.0,0.0
DJI_20230614085531_0299_V_JPG.rf.5caace0214264472fd876883f8836851_tile_0020.jpg,missed_crop,Crop,background,0.0,0.0
DJI_20230614085531_0299_V_JPG.rf.5caace0214264472fd876883f8836851_tile_0020.jpg,false_positive,background,Crop,0.6326902508735657,0.0
DJI_20230614085531_0299_V_JPG.rf.5caace0214264472fd876883f8836851_tile_0020.jpg,false_positive,background,Weed,0.4805755615234375,0.0
DJI_20230614085531_0299_V_JPG.rf.5caace0214264472fd876883f8836851_tile_0022.jpg,false_positive,background,Weed,0.42283135652542114,0.0
DJI_20230614085531_0299_V_JPG.rf.5caace0214264472fd876883f8836851_tile_0023.jpg,correct,Crop,Crop,0.5446006059646606,0.6014765304713231
DJI_20230614085531_0299_V_JPG.rf.5caace0214264472fd876883f8836851_tile_0024.jpg,correct,Crop,Crop,0.5417925119400024,0.6090339042761305
DJI_20230614085531_0299_V_JPG.rf.5caace0214264472fd876883f8836851_tile_0025.jpg,correct,Crop,Crop,0.36474961042404175,0.5872347474317634
DJI_20230614085531_0299_V_JPG.rf.5caace0214264472fd876883f8836851_tile_0026.jpg,missed_crop,Crop,background,0.0,0.0
DJI_20230614085531_0299_V_JPG.rf.5caace0214264472fd876883f8836851_tile_0026.jpg,false_positive,background,Crop,0.7054605484008789,0.0
DJI_20230614085531_0299_V_JPG.rf.5caace0214264472fd876883f8836851_tile_0027.jpg,correct,Crop,Crop,0.2936561405658722,0.691776686927237
DJI_20230614085531_0299_V_JPG.rf.5caace0214264472fd876883f8836851_tile_0027.jpg,correct,Weed,Weed,0.7538832426071167,0.5374688336729004
DJI_20230614085531_0299_V_JPG.rf.5caace0214264472fd876883f8836851_tile_0027.jpg,missed_crop,Crop,background,0.0,0.0
DJI_20230614085531_0299_V_JPG.rf.5caace0214264472fd876883f8836851_tile_0027.jpg,false_positive,background,Crop,0.749596118927002,0.0
DJI_20230614085531_0299_V_JPG.rf.5caace0214264472fd876883f8836851_tile_0028.jpg,correct,Crop,Crop,0.3302996754646301,0.7006723110453738
DJI_20230614085531_0299_V_JPG.rf.5caace0214264472fd876883f8836851_tile_0028.jpg,correct,Weed,Weed,0.6932505369186401,0.6325682890795472
DJI_20230614085531_0299_V_JPG.rf.5caace0214264472fd876883f8836851_tile_0028.jpg,correct,Weed,Weed,0.6612688302993774,0.5565766054372772
DJI_20230614085531_0299_V_JPG.rf.5caace0214264472fd876883f8836851_tile_0028.jpg,missed_crop,Crop,background,0.0,0.0
DJI_20230614085531_0299_V_JPG.rf.5caace0214264472fd876883f8836851_tile_0028.jpg,false_positive,background,Crop,0.509767472743988,0.0
DJI_20230614085531_0299_V_JPG.rf.5caace0214264472fd876883f8836851_tile_0029.jpg,correct,Crop,Crop,0.731190025806427,0.6809631704398132
DJI_20230614085531_0299_V_JPG.rf.5caace0214264472fd876883f8836851_tile_0029.jpg,missed_weed,Weed,background,0.0,0.0
DJI_20230614085531_0299_V_JPG.rf.5caace0214264472fd876883f8836851_tile_0029.jpg,false_positive,background,Weed,0.7708349227905273,0.0
DJI_20230614085531_0299_V_JPG.rf.5caace0214264472fd876883f8836851_tile_0030.jpg,correct,Crop,Crop,0.7230380177497864,0.6506252929460826
DJI_20230614085531_0299_V_JPG.rf.5caace0214264472fd876883f8836851_tile_0030.jpg,missed_weed,Weed,background,0.0,0.0
DJI_20230614085531_0299_V_JPG.rf.5caace0214264472fd876883f8836851_tile_0030.jpg,false_positive,background,Weed,0.7636142373085022,0.0
DJI_20230614085531_0299_V_JPG.rf.5caace0214264472fd876883f8836851_tile_0031.jpg,correct,Crop,Crop,0.7125000357627869,0.7211062179639552
DJI_20230614085531_0299_V_JPG.rf.5caace0214264472fd876883f8836851_tile_0031.jpg,correct,Crop,Crop,0.752329409122467,0.6955784322233343
DJI_20230614085531_0299_V_JPG.rf.5caace0214264472fd876883f8836851_tile_0033.jpg,false_positive,background,Crop,0.6756389737129211,0.0
DJI_20230614085531_0299_V_JPG.rf.5caace0214264472fd876883f8836851_tile_0034.jpg,correct,Crop,Crop,0.714748203754425,0.8110467329479073
DJI_20230614085531_0299_V_JPG.rf.5caace0214264472fd876883f8836851_tile_0034.jpg,missed_crop,Crop,background,0.0,0.0
DJI_20230614085531_0299_V_JPG.rf.5caace0214264472fd876883f8836851_tile_0034.jpg,false_positive,background,Crop,0.633007824420929,0.0
DJI_20230614085531_0299_V_JPG.rf.5caace0214264472fd876883f8836851_tile_0035.jpg,correct,Crop,Crop,0.6988357305526733,0.8007876532992386
DJI_20230614085531_0299_V_JPG.rf.5caace0214264472fd876883f8836851_tile_0035.jpg,correct,Crop,Crop,0.7098789811134338,0.5548674937324433
DJI_20230614085531_0299_V_JPG.rf.5caace0214264472fd876883f8836851_tile_0035.jpg,correct,Crop,Crop,0.519932210445404,0.5269908088951522
DJI_20230614085531_0299_V_JPG.rf.5caace0214264472fd876883f8836851_tile_0036.jpg,correct,Crop,Crop,0.7218523621559143,0.5225328022799766
DJI_20230614085531_0299_V_JPG.rf.5caace0214264472fd876883f8836851_tile_0037.jpg,missed_crop,Crop,background,0.0,0.0
DJI_20230614085531_0299_V_JPG.rf.5caace0214264472fd876883f8836851_tile_0037.jpg,missed_crop,Crop,background,0.0,0.0
DJI_20230614085531_0299_V_JPG.rf.5caace0214264472fd876883f8836851_tile_0037.jpg,false_positive,background,Crop,0.7581273913383484,0.0
DJI_20230614085531_0299_V_JPG.rf.5caace0214264472fd876883f8836851_tile_0037.jpg,false_positive,background,Crop,0.7434216737747192,0.0
DJI_20230614085531_0299_V_JPG.rf.5caace0214264472fd876883f8836851_tile_0038.jpg,correct,Weed,Weed,0.6968696713447571,0.6522442612501982
DJI_20230614085531_0299_V_JPG.rf.5caace0214264472fd876883f8836851_tile_0038.jpg,correct,Weed,Weed,0.5458418130874634,0.5967461564938351
DJI_20230614085531_0299_V_JPG.rf.5caace0214264472fd876883f8836851_tile_0038.jpg,missed_crop,Crop,background,0.0,0.0
DJI_20230614085531_0299_V_JPG.rf.5caace0214264472fd876883f8836851_tile_0038.jpg,missed_crop,Crop,background,0.0,0.0
DJI_20230614085531_0299_V_JPG.rf.5caace0214264472fd876883f8836851_tile_0038.jpg,false_positive,background,Weed,0.4904160797595978,0.0
DJI_20230614085531_0299_V_JPG.rf.5caace0214264472fd876883f8836851_tile_0038.jpg,false_positive,background,Crop,0.3176000714302063,0.0
DJI_20230614085531_0299_V_JPG.rf.5caace0214264472fd876883f8836851_tile_0038.jpg,false_positive,background,Crop,0.30108824372291565,0.0
DJI_20230614085531_0299_V_JPG.rf.5caace0214264472fd876883f8836851_tile_0039.jpg,correct,Weed,Weed,0.6143275499343872,0.7843947959704359
DJI_20230614085531_0299_V_JPG.rf.5caace0214264472fd876883f8836851_tile_0039.jpg,correct,Crop,Crop,0.5434709787368774,0.6168272246656812
DJI_20230614085531_0299_V_JPG.rf.5caace0214264472fd876883f8836851_tile_0039.jpg,missed_weed,Weed,background,0.0,0.0
DJI_20230614085531_0299_V_JPG.rf.5caace0214264472fd876883f8836851_tile_0039.jpg,false_positive,background,Weed,0.6728101372718811,0.0
DJI_20230614085531_0299_V_JPG.rf.5caace0214264472fd876883f8836851_tile_0040.jpg,correct,Crop,Crop,0.7164003849029541,0.6379320706862878
DJI_20230614085531_0299_V_JPG.rf.5caace0214264472fd876883f8836851_tile_0040.jpg,correct,Crop,Crop,0.3384677767753601,0.6063514585916283
DJI_20230614085531_0299_V_JPG.rf.5caace0214264472fd876883f8836851_tile_0040.jpg,missed_weed,Weed,background,0.0,0.0
DJI_20230614085531_0299_V_JPG.rf.5caace0214264472fd876883f8836851_tile_0040.jpg,missed_weed,Weed,background,0.0,0.0
DJI_20230614085531_0299_V_JPG.rf.5caace0214264472fd876883f8836851_tile_0040.jpg,missed_weed,Weed,background,0.0,0.0
DJI_20230614085531_0299_V_JPG.rf.5caace0214264472fd876883f8836851_tile_0040.jpg,false_positive,background,Weed,0.798140823841095,0.0
DJI_20230614085531_0299_V_JPG.rf.5caace0214264472fd876883f8836851_tile_0040.jpg,false_positive,background,Weed,0.663462221622467,0.0
DJI_20230614085531_0299_V_JPG.rf.5caace0214264472fd876883f8836851_tile_0040.jpg,false_positive,background,Crop,0.30113279819488525,0.0
DJI_20230614085531_0299_V_JPG.rf.5caace0214264472fd876883f8836851_tile_0041.jpg,correct,Crop,Crop,0.7070152759552002,0.644661159833718
DJI_20230614085531_0299_V_JPG.rf.5caace0214264472fd876883f8836851_tile_0041.jpg,correct,Crop,Crop,0.33543863892555237,0.5889402987644754
DJI_20230614085531_0299_V_JPG.rf.5caace0214264472fd876883f8836851_tile_0041.jpg,false_positive,background,Crop,0.30843988060951233,0.0
DJI_20230614085531_0299_V_JPG.rf.5caace0214264472fd876883f8836851_tile_0042.jpg,correct,Weed,Weed,0.27827346324920654,0.6429305099467847
DJI_20230614085531_0299_V_JPG.rf.5caace0214264472fd876883f8836851_tile_0042.jpg,missed_crop,Crop,background,0.0,0.0
DJI_20230614085531_0299_V_JPG.rf.5caace0214264472fd876883f8836851_tile_0042.jpg,missed_crop,Crop,background,0.0,0.0
DJI_20230614085531_0299_V_JPG.rf.5caace0214264472fd876883f8836851_tile_0042.jpg,false_positive,background,Weed,0.680081844329834,0.0
DJI_20230614085531_0299_V_JPG.rf.5caace0214264472fd876883f8836851_tile_0042.jpg,false_positive,background,Crop,0.6676663160324097,0.0
DJI_20230614085531_0299_V_JPG.rf.5caace0214264472fd876883f8836851_tile_0042.jpg,false_positive,background,Weed,0.5897178053855896,0.0
DJI_20230614085531_0299_V_JPG.rf.5caace0214264472fd876883f8836851_tile_0045.jpg,correct,Crop,Crop,0.5684300065040588,0.7146642597521579
DJI_20230614085531_0299_V_JPG.rf.5caace0214264472fd876883f8836851_tile_0045.jpg,missed_crop,Crop,background,0.0,0.0
DJI_20230614085531_0299_V_JPG.rf.5caace0214264472fd876883f8836851_tile_0045.jpg,false_positive,background,Crop,0.3337934911251068,0.0
DJI_20230614085531_0299_V_JPG.rf.5caace0214264472fd876883f8836851_tile_0046.jpg,missed_crop,Crop,background,0.0,0.0
DJI_20230614085531_0299_V_JPG.rf.5caace0214264472fd876883f8836851_tile_0046.jpg,missed_crop,Crop,background,0.0,0.0
DJI_20230614085531_0299_V_JPG.rf.5caace0214264472fd876883f8836851_tile_0046.jpg,false_positive,background,Crop,0.6782811880111694,0.0
DJI_20230614085531_0299_V_JPG.rf.5caace0214264472fd876883f8836851_tile_0046.jpg,false_positive,background,Crop,0.34275132417678833,0.0
DJI_20230614085531_0299_V_JPG.rf.5caace0214264472fd876883f8836851_tile_0047.jpg,missed_crop,Crop,background,0.0,0.0
DJI_20230614085531_0299_V_JPG.rf.5caace0214264472fd876883f8836851_tile_0047.jpg,false_positive,background,Crop,0.6661325097084045,0.0
DJI_20230614085531_0299_V_JPG.rf.5caace0214264472fd876883f8836851_tile_0048.jpg,correct,Crop,Crop,0.6194016337394714,0.5808670037060073
DJI_20230614085531_0299_V_JPG.rf.5caace0214264472fd876883f8836851_tile_0048.jpg,missed_crop,Crop,background,0.0,0.0
DJI_20230614085531_0299_V_JPG.rf.5caace0214264472fd876883f8836851_tile_0048.jpg,false_positive,background,Crop,0.7457013726234436,0.0
DJI_20230614085531_0299_V_JPG.rf.5caace0214264472fd876883f8836851_tile_0049.jpg,correct,Crop,Crop,0.7296239733695984,0.7386962853819755
DJI_20230614085531_0299_V_JPG.rf.5caace0214264472fd876883f8836851_tile_0049.jpg,correct,Crop,Crop,0.4344463050365448,0.691661518742891
DJI_20230614085531_0299_V_JPG.rf.5caace0214264472fd876883f8836851_tile_0049.jpg,missed_crop,Crop,background,0.0,0.0
DJI_20230614085531_0299_V_JPG.rf.5caace0214264472fd876883f8836851_tile_0049.jpg,false_positive,background,Weed,0.3592517375946045,0.0
DJI_20230614085531_0299_V_JPG.rf.5caace0214264472fd876883f8836851_tile_0050.jpg,correct,Weed,Weed,0.6636883616447449,0.8436164186322146
DJI_20230614085531_0299_V_JPG.rf.5caace0214264472fd876883f8836851_tile_0050.jpg,correct,Weed,Weed,0.6296718716621399,0.7374167974977427
DJI_20230614085531_0299_V_JPG.rf.5caace0214264472fd876883f8836851_tile_0050.jpg,correct,Crop,Crop,0.6455110907554626,0.555631790873137
DJI_20230614085531_0299_V_JPG.rf.5caace0214264472fd876883f8836851_tile_0050.jpg,missed_weed,Weed,background,0.0,0.0
DJI_20230614085531_0299_V_JPG.rf.5caace0214264472fd876883f8836851_tile_0050.jpg,missed_weed,Weed,background,0.0,0.0
DJI_20230614085531_0299_V_JPG.rf.5caace0214264472fd876883f8836851_tile_0050.jpg,false_positive,background,Weed,0.7635450959205627,0.0
DJI_20230614085531_0299_V_JPG.rf.5caace0214264472fd876883f8836851_tile_0051.jpg,correct,Crop,Crop,0.7166725993156433,0.6347446732791638
DJI_20230614085531_0299_V_JPG.rf.5caace0214264472fd876883f8836851_tile_0051.jpg,correct,Crop,Crop,0.6462389230728149,0.5713356036040458
DJI_20230614085531_0299_V_JPG.rf.5caace0214264472fd876883f8836851_tile_0052.jpg,correct,Crop,Crop,0.7203726768493652,0.6407387971756129
DJI_20230614085531_0299_V_JPG.rf.5caace0214264472fd876883f8836851_tile_0053.jpg,correct,Crop,Crop,0.6439934372901917,0.6305350948973681
DJI_20230614085531_0299_V_JPG.rf.5caace0214264472fd876883f8836851_tile_0053.jpg,missed_crop,Crop,background,0.0,0.0
DJI_20230614085531_0299_V_JPG.rf.5caace0214264472fd876883f8836851_tile_0053.jpg,false_positive,background,Crop,0.6767252683639526,0.0
DJI_20230614085531_0299_V_JPG.rf.5caace0214264472fd876883f8836851_tile_0054.jpg,false_positive,background,Weed,0.5731591582298279,0.0
DJI_20230614085531_0299_V_JPG.rf.5caace0214264472fd876883f8836851_tile_0056.jpg,correct,Crop,Crop,0.46336787939071655,0.852157003229502
DJI_20230614085531_0299_V_JPG.rf.5caace0214264472fd876883f8836851_tile_0056.jpg,correct,Crop,Crop,0.7486700415611267,0.8069974015061465
DJI_20230614085531_0299_V_JPG.rf.5caace0214264472fd876883f8836851_tile_0059.jpg,missed_crop,Crop,background,0.0,0.0
DJI_20230614085531_0299_V_JPG.rf.5caace0214264472fd876883f8836851_tile_0059.jpg,false_positive,background,Crop,0.5130227208137512,0.0
DJI_20230614085531_0299_V_JPG.rf.5caace0214264472fd876883f8836851_tile_0060.jpg,missed_crop,Crop,background,0.0,0.0
DJI_20230614085531_0299_V_JPG.rf.5caace0214264472fd876883f8836851_tile_0060.jpg,missed_crop,Crop,background,0.0,0.0
DJI_20230614085531_0299_V_JPG.rf.5caace0214264472fd876883f8836851_tile_0060.jpg,false_positive,background,Crop,0.5902156233787537,0.0
DJI_20230614085531_0299_V_JPG.rf.5caace0214264472fd876883f8836851_tile_0060.jpg,false_positive,background,Crop,0.5397635102272034,0.0
DJI_20230614085531_0299_V_JPG.rf.5caace0214264472fd876883f8836851_tile_0060.jpg,false_positive,background,Crop,0.32517024874687195,0.0
DJI_20230614085531_0299_V_JPG.rf.5caace0214264472fd876883f8836851_tile_0062.jpg,false_positive,background,Crop,0.35157668590545654,0.0
DJI_20230614085531_0299_V_JPG.rf.5caace0214264472fd876883f8836851_tile_0064.jpg,correct,Crop,Crop,0.7126936316490173,0.514614745271929
DJI_20230614085531_0299_V_JPG.rf.5caace0214264472fd876883f8836851_tile_0064.jpg,missed_crop,Crop,background,0.0,0.0
DJI_20230614085531_0299_V_JPG.rf.5caace0214264472fd876883f8836851_tile_0064.jpg,false_positive,background,Crop,0.6626306176185608,0.0
DJI_20230614085531_0299_V_JPG.rf.5caace0214264472fd876883f8836851_tile_0064.jpg,false_positive,background,Weed,0.39139753580093384,0.0
DJI_20230614085531_0299_V_JPG.rf.5caace0214264472fd876883f8836851_tile_0065.jpg,correct,Crop,Crop,0.6950773596763611,0.5797905860962019
DJI_20230614085531_0299_V_JPG.rf.5caace0214264472fd876883f8836851_tile_0065.jpg,missed_weed,Weed,background,0.0,0.0
DJI_20230614085531_0299_V_JPG.rf.5caace0214264472fd876883f8836851_tile_0065.jpg,false_positive,background,Weed,0.7277246117591858,0.0
DJI_20230614085531_0299_V_JPG.rf.5caace0214264472fd876883f8836851_tile_0066.jpg,correct,Crop,Crop,0.6944593191146851,0.5795116234244232
DJI_20230614085531_0299_V_JPG.rf.5caace0214264472fd876883f8836851_tile_0066.jpg,missed_weed,Weed,background,0.0,0.0
DJI_20230614085531_0299_V_JPG.rf.5caace0214264472fd876883f8836851_tile_0066.jpg,false_positive,background,Weed,0.7271913886070251,0.0
DJI_20230614085531_0299_V_JPG.rf.5caace0214264472fd876883f8836851_tile_0067.jpg,correct,Crop,Crop,0.5435640811920166,0.8093683126781432
DJI_20230614085531_0299_V_JPG.rf.5caace0214264472fd876883f8836851_tile_0067.jpg,correct,Crop,Crop,0.5911113619804382,0.7265570788779833
DJI_20230614085531_0299_V_JPG.rf.5caace0214264472fd876883f8836851_tile_0067.jpg,false_positive,background,Crop,0.43086326122283936,0.0
DJI_20230614085531_0299_V_JPG.rf.5caace0214264472fd876883f8836851_tile_0070.jpg,missed_crop,Crop,background,0.0,0.0
DJI_20230614085531_0299_V_JPG.rf.5caace0214264472fd876883f8836851_tile_0070.jpg,false_positive,background,Crop,0.3392069935798645,0.0
DJI_20230614085531_0299_V_JPG.rf.5caace0214264472fd876883f8836851_tile_0070.jpg,false_positive,background,Crop,0.2933475375175476,0.0
DJI_20230614085531_0299_V_JPG.rf.5caace0214264472fd876883f8836851_tile_0071.jpg,correct,Weed,Weed,0.709663450717926,0.7223344240497306
DJI_20230614085531_0299_V_JPG.rf.5caace0214264472fd876883f8836851_tile_0071.jpg,correct,Weed,Weed,0.7534646987915039,0.6924985445568932
DJI_20230614085531_0299_V_JPG.rf.5caace0214264472fd876883f8836851_tile_0071.jpg,missed_crop,Crop,background,0.0,0.0
DJI_20230614085531_0299_V_JPG.rf.5caace0214264472fd876883f8836851_tile_0071.jpg,false_positive,background,Crop,0.6709940433502197,0.0
DJI_20230614085531_0299_V_JPG.rf.5caace0214264472fd876883f8836851_tile_0072.jpg,correct,Weed,Weed,0.7592923641204834,0.7310177112658106
DJI_20230614085531_0299_V_JPG.rf.5caace0214264472fd876883f8836851_tile_0072.jpg,correct,Crop,Crop,0.5529068112373352,0.7114145046140451
DJI_20230614085531_0299_V_JPG.rf.5caace0214264472fd876883f8836851_tile_0072.jpg,false_positive,background,Crop,0.4732311964035034,0.0
DJI_20230614085531_0299_V_JPG.rf.5caace0214264472fd876883f8836851_tile_0073.jpg,correct,Crop,Crop,0.6872986555099487,0.5554349421934077
DJI_20230614085531_0299_V_JPG.rf.5caace0214264472fd876883f8836851_tile_0074.jpg,correct,Crop,Crop,0.5340031385421753,0.5754341193252109
DJI_20230614085531_0299_V_JPG.rf.5caace0214264472fd876883f8836851_tile_0074.jpg,false_positive,background,Weed,0.6090331077575684,0.0
DJI_20230614085531_0299_V_JPG.rf.5caace0214264472fd876883f8836851_tile_0074.jpg,false_positive,background,Crop,0.3898637592792511,0.0
DJI_20230614085531_0299_V_JPG.rf.5caace0214264472fd876883f8836851_tile_0075.jpg,correct,Crop,Crop,0.7235313653945923,0.6391377661275438
DJI_20230614085531_0299_V_JPG.rf.5caace0214264472fd876883f8836851_tile_0075.jpg,correct,Crop,Crop,0.503434956073761,0.5630028041719178
DJI_20230614085531_0299_V_JPG.rf.5caace0214264472fd876883f8836851_tile_0075.jpg,false_positive,background,Weed,0.6105654835700989,0.0
DJI_20230614085531_0299_V_JPG.rf.5caace0214264472fd876883f8836851_tile_0075.jpg,false_positive,background,Crop,0.28925347328186035,0.0
DJI_20230614085531_0299_V_JPG.rf.5caace0214264472fd876883f8836851_tile_0076.jpg,correct,Crop,Crop,0.610621452331543,0.6663304011945238
DJI_20230614085531_0299_V_JPG.rf.5caace0214264472fd876883f8836851_tile_0077.jpg,correct,Crop,Crop,0.6057931780815125,0.671625995839184
DJI_20230614085531_0299_V_JPG.rf.5caace0214264472fd876883f8836851_tile_0078.jpg,correct,Crop,Crop,0.7528226375579834,0.8052206917016621
DJI_20230614085531_0299_V_JPG.rf.5caace0214264472fd876883f8836851_tile_0079.jpg,correct,Crop,Crop,0.6502022743225098,0.5064451159625007
DJI_20230614085531_0299_V_JPG.rf.5caace0214264472fd876883f8836851_tile_0080.jpg,missed_crop,Crop,background,0.0,0.0
DJI_20230614085531_0299_V_JPG.rf.5caace0214264472fd876883f8836851_tile_0080.jpg,false_positive,background,Crop,0.5933062434196472,0.0
DJI_20230614085531_0299_V_JPG.rf.5caace0214264472fd876883f8836851_tile_0081.jpg,missed_crop,Crop,background,0.0,0.0
DJI_20230614085531_0299_V_JPG.rf.5caace0214264472fd876883f8836851_tile_0081.jpg,false_positive,background,Crop,0.5866385698318481,0.0
DJI_20230614085531_0299_V_JPG.rf.5caace0214264472fd876883f8836851_tile_0082.jpg,correct,Weed,Weed,0.793938159942627,0.8479685390728665
DJI_20230614085531_0299_V_JPG.rf.5caace0214264472fd876883f8836851_tile_0082.jpg,correct,Weed,Weed,0.46110111474990845,0.8329762062590729
DJI_20230614085531_0299_V_JPG.rf.5caace0214264472fd876883f8836851_tile_0082.jpg,correct,Weed,Weed,0.3818720579147339,0.663212035603094
DJI_20230614085531_0299_V_JPG.rf.5caace0214264472fd876883f8836851_tile_0082.jpg,false_positive,background,Crop,0.6165230870246887,0.0
DJI_20230614085531_0299_V_JPG.rf.5caace0214264472fd876883f8836851_tile_0082.jpg,false_positive,background,Weed,0.542409360408783,0.0
DJI_20230614085531_0299_V_JPG.rf.5caace0214264472fd876883f8836851_tile_0083.jpg,correct,Crop,Crop,0.46318861842155457,0.795831526249677
DJI_20230614085531_0299_V_JPG.rf.5caace0214264472fd876883f8836851_tile_0083.jpg,correct,Weed,Weed,0.41736194491386414,0.713214033196893
DJI_20230614085531_0299_V_JPG.rf.5caace0214264472fd876883f8836851_tile_0083.jpg,false_positive,background,Weed,0.2883153259754181,0.0
DJI_20230614085531_0299_V_JPG.rf.5caace0214264472fd876883f8836851_tile_0084.jpg,correct,Crop,Crop,0.6099135875701904,0.7741896607465074
DJI_20230614085531_0299_V_JPG.rf.5caace0214264472fd876883f8836851_tile_0085.jpg,correct,Crop,Crop,0.48898157477378845,0.6801586944977916
DJI_20230614085531_0299_V_JPG.rf.5caace0214264472fd876883f8836851_tile_0085.jpg,correct,Crop,Crop,0.568977952003479,0.5360314449085624
DJI_20230614085531_0299_V_JPG.rf.5caace0214264472fd876883f8836851_tile_0086.jpg,correct,Crop,Crop,0.47010329365730286,0.6764968806420592
DJI_20230614085531_0299_V_JPG.rf.5caace0214264472fd876883f8836851_tile_0086.jpg,correct,Crop,Crop,0.6399680972099304,0.6024849343410149
DJI_20230614085531_0299_V_JPG.rf.5caace0214264472fd876883f8836851_tile_0086.jpg,correct,Crop,Crop,0.5600240230560303,0.5132888945755615
DJI_20230614085531_0299_V_JPG.rf.5caace0214264472fd876883f8836851_tile_0087.jpg,correct,Crop,Crop,0.6270390152931213,0.5572395928523608
DJI_20230614085531_0299_V_JPG.rf.5caace0214264472fd876883f8836851_tile_0088.jpg,correct,Crop,Crop,0.6289808750152588,0.558287092991501
DJI_20230614085531_0299_V_JPG.rf.5caace0214264472fd876883f8836851_tile_0090.jpg,correct,Crop,Crop,0.4625556766986847,0.9122071889176411
DJI_20230614085531_0299_V_JPG.rf.5caace0214264472fd876883f8836851_tile_0090.jpg,missed_crop,Crop,background,0.0,0.0
DJI_20230614085531_0299_V_JPG.rf.5caace0214264472fd876883f8836851_tile_0090.jpg,false_positive,background,Crop,0.6366613507270813,0.0
DJI_20230614085531_0299_V_JPG.rf.5caace0214264472fd876883f8836851_tile_0091.jpg,missed_crop,Crop,background,0.0,0.0
DJI_20230614085531_0299_V_JPG.rf.5caace0214264472fd876883f8836851_tile_0091.jpg,false_positive,background,Crop,0.5967724919319153,0.0
DJI_20230614085531_0299_V_JPG.rf.5caace0214264472fd876883f8836851_tile_0091.jpg,false_positive,background,Crop,0.2769908607006073,0.0
DJI_20230614085531_0299_V_JPG.rf.5caace0214264472fd876883f8836851_tile_0092.jpg,missed_crop,Crop,background,0.0,0.0
DJI_20230614085531_0299_V_JPG.rf.5caace0214264472fd876883f8836851_tile_0092.jpg,missed_crop,Crop,background,0.0,0.0
DJI_20230614085531_0299_V_JPG.rf.5caace0214264472fd876883f8836851_tile_0092.jpg,false_positive,background,Crop,0.5735644698143005,0.0
DJI_20230614085531_0299_V_JPG.rf.5caace0214264472fd876883f8836851_tile_0093.jpg,correct,Weed,Weed,0.34524214267730713,0.8341392202163022
DJI_20230614085531_0299_V_JPG.rf.5caace0214264472fd876883f8836851_tile_0093.jpg,correct,Weed,Weed,0.6762863397598267,0.8031904435936578
DJI_20230614085531_0299_V_JPG.rf.5caace0214264472fd876883f8836851_tile_0093.jpg,correct,Crop,Crop,0.7417898774147034,0.7815556324354254
DJI_20230614085531_0299_V_JPG.rf.5caace0214264472fd876883f8836851_tile_0093.jpg,correct,Crop,Crop,0.5739433765411377,0.7534075699444396
DJI_20230614085531_0299_V_JPG.rf.5caace0214264472fd876883f8836851_tile_0093.jpg,false_positive,background,Weed,0.48968273401260376,0.0
DJI_20230614085531_0299_V_JPG.rf.5caace0214264472fd876883f8836851_tile_0093.jpg,false_positive,background,Weed,0.25736433267593384,0.0
DJI_20230614085531_0299_V_JPG.rf.5caace0214264472fd876883f8836851_tile_0094.jpg,correct,Weed,Weed,0.6417723894119263,0.7864504815376152
DJI_20230614085531_0299_V_JPG.rf.5caace0214264472fd876883f8836851_tile_0094.jpg,correct,Crop,Crop,0.5196053385734558,0.7852870323976742
DJI_20230614085531_0299_V_JPG.rf.5caace0214264472fd876883f8836851_tile_0094.jpg,correct,Crop,Crop,0.7304818034172058,0.5430657252076162
DJI_20230614085531_0299_V_JPG.rf.5caace0214264472fd876883f8836851_tile_0095.jpg,correct,Crop,Crop,0.35103195905685425,0.7275564005342314
DJI_20230614085531_0299_V_JPG.rf.5caace0214264472fd876883f8836851_tile_0095.jpg,correct,Crop,Crop,0.7197743058204651,0.5423213701729881
DJI_20230614085531_0299_V_JPG.rf.5caace0214264472fd876883f8836851_tile_0096.jpg,correct,Crop,Crop,0.672109842300415,0.8242277168925188
DJI_20230614085531_0299_V_JPG.rf.5caace0214264472fd876883f8836851_tile_0096.jpg,correct,Crop,Crop,0.7555935978889465,0.541299232838086
DJI_20230614085531_0299_V_JPG.rf.5caace0214264472fd876883f8836851_tile_0097.jpg,correct,Crop,Crop,0.6970846056938171,0.6232163837786894
DJI_20230614085531_0299_V_JPG.rf.5caace0214264472fd876883f8836851_tile_0097.jpg,false_positive,background,Crop,0.39729368686676025,0.0
DJI_20230614085531_0299_V_JPG.rf.5caace0214264472fd876883f8836851_tile_0098.jpg,correct,Crop,Crop,0.6395969390869141,0.6177725125979318
DJI_20230614085531_0299_V_JPG.rf.5caace0214264472fd876883f8836851_tile_0098.jpg,false_positive,background,Crop,0.6558911800384521,0.0
DJI_20230614085531_0299_V_JPG.rf.5caace0214264472fd876883f8836851_tile_0099.jpg,correct,Crop,Crop,0.6984184384346008,0.7072401620107851
DJI_20230614085531_0299_V_JPG.rf.5caace0214264472fd876883f8836851_tile_0099.jpg,false_positive,background,Crop,0.5498616099357605,0.0
DJI_20230614085531_0299_V_JPG.rf.5caace0214264472fd876883f8836851_tile_0101.jpg,missed_crop,Crop,background,0.0,0.0
DJI_20230614085531_0299_V_JPG.rf.5caace0214264472fd876883f8836851_tile_0101.jpg,false_positive,background,Crop,0.6225873231887817,0.0
DJI_20230614085531_0299_V_JPG.rf.5caace0214264472fd876883f8836851_tile_0102.jpg,correct,Crop,Crop,0.6770975589752197,0.9196891061476473
DJI_20230614085531_0299_V_JPG.rf.5caace0214264472fd876883f8836851_tile_0102.jpg,correct,Crop,Crop,0.5065609216690063,0.7826206479214833
DJI_20230614085531_0299_V_JPG.rf.5caace0214264472fd876883f8836851_tile_0103.jpg,correct,Crop,Crop,0.516331136226654,0.7465509613667138
DJI_20230614085531_0299_V_JPG.rf.5caace0214264472fd876883f8836851_tile_0103.jpg,false_positive,background,Weed,0.32753825187683105,0.0
DJI_20230614085531_0299_V_JPG.rf.5caace0214264472fd876883f8836851_tile_0103.jpg,false_positive,background,Crop,0.2855258285999298,0.0
DJI_20230614085531_0299_V_JPG.rf.5caace0214264472fd876883f8836851_tile_0104.jpg,correct,Crop,Crop,0.526779294013977,0.7418697152146063
DJI_20230614085531_0299_V_JPG.rf.5caace0214264472fd876883f8836851_tile_0105.jpg,correct,Crop,Crop,0.5569470524787903,0.6547324329165785
DJI_20230614085531_0299_V_JPG.rf.5caace0214264472fd876883f8836851_tile_0105.jpg,correct,Crop,Crop,0.7292620539665222,0.5968507190107094
DJI_20230614085531_0299_V_JPG.rf.5caace0214264472fd876883f8836851_tile_0106.jpg,correct,Crop,Crop,0.4297179877758026,0.801560297941432
DJI_20230614085531_0299_V_JPG.rf.5caace0214264472fd876883f8836851_tile_0106.jpg,correct,Crop,Crop,0.3190692663192749,0.7361821015005255
DJI_20230614085531_0299_V_JPG.rf.5caace0214264472fd876883f8836851_tile_0107.jpg,correct,Crop,Crop,0.6393572688102722,0.8274202129023871
DJI_20230614085531_0299_V_JPG.rf.5caace0214264472fd876883f8836851_tile_0107.jpg,correct,Crop,Crop,0.6495425701141357,0.782142809119203
DJI_20230614085531_0299_V_JPG.rf.5caace0214264472fd876883f8836851_tile_0112.jpg,missed_crop,Crop,background,0.0,0.0
DJI_20230614085531_0299_V_JPG.rf.5caace0214264472fd876883f8836851_tile_0112.jpg,false_positive,background,Crop,0.6961548328399658,0.0
DJI_20230614085531_0299_V_JPG.rf.5caace0214264472fd876883f8836851_tile_0113.jpg,correct,Crop,Crop,0.7201398015022278,0.9424380116217632
DJI_20230614085531_0299_V_JPG.rf.5caace0214264472fd876883f8836851_tile_0113.jpg,correct,Crop,Crop,0.3284252882003784,0.7678607495907606
DJI_20230614085531_0299_V_JPG.rf.5caace0214264472fd876883f8836851_tile_0113.jpg,false_positive,background,Crop,0.3241317570209503,0.0
DJI_20230614085531_0299_V_JPG.rf.5caace0214264472fd876883f8836851_tile_0113.jpg,false_positive,background,Crop,0.30162957310676575,0.0
DJI_20230614085531_0299_V_JPG.rf.5caace0214264472fd876883f8836851_tile_0114.jpg,correct,Crop,Crop,0.49365729093551636,0.8353135276908571
DJI_20230614085531_0299_V_JPG.rf.5caace0214264472fd876883f8836851_tile_0115.jpg,correct,Crop,Crop,0.2837707996368408,0.7731644350679949
DJI_20230614085531_0299_V_JPG.rf.5caace0214264472fd876883f8836851_tile_0116.jpg,correct,Crop,Crop,0.6253498792648315,0.745687017326497
DJI_20230614085531_0299_V_JPG.rf.5caace0214264472fd876883f8836851_tile_0116.jpg,correct,Crop,Crop,0.6048692464828491,0.6267428035089507
DJI_20230614085531_0299_V_JPG.rf.5caace0214264472fd876883f8836851_tile_0117.jpg,correct,Crop,Crop,0.689083993434906,0.9071656788202738
DJI_20230614085531_0299_V_JPG.rf.5caace0214264472fd876883f8836851_tile_0117.jpg,correct,Crop,Crop,0.4056195318698883,0.7453377678965147
DJI_20230614085531_0299_V_JPG.rf.5caace0214264472fd876883f8836851_tile_0118.jpg,correct,Crop,Crop,0.6082907319068909,0.8229825291263853
DJI_20230614085531_0299_V_JPG.rf.5caace0214264472fd876883f8836851_tile_0118.jpg,correct,Crop,Crop,0.6746594905853271,0.7972255944380803
DJI_20230614085531_0299_V_JPG.rf.5caace0214264472fd876883f8836851_tile_0120.jpg,false_positive,background,Crop,0.5174992084503174,0.0
DJI_20230614085531_0299_V_JPG.rf.5caace0214264472fd876883f8836851_tile_0120.jpg,false_positive,background,Crop,0.3824525773525238,0.0
